ISO-10303-21;
HEADER;
FILE_DESCRIPTION(('FreeCAD Model'),'2;1');
FILE_NAME('Open CASCADE Shape Model','2026-08-16T14:09:24',(''),(''),
  'Open CASCADE STEP processor 7.8','FreeCAD','Unknown');
FILE_SCHEMA(('AUTOMOTIVE_DESIGN { 1 0 10303 214 1 1 1 1 }'));
ENDSEC;
DATA;
#1 = APPLICATION_PROTOCOL_DEFINITION('international standard',
  'automotive_design',2000,#2);
#2 = APPLICATION_CONTEXT(
  'core data for automotive mechanical design processes');
#3 = SHAPE_DEFINITION_REPRESENTATION(#4,#10);
#4 = PRODUCT_DEFINITION_SHAPE('','',#5);
#5 = PRODUCT_DEFINITION('design','',#6,#9);
#6 = PRODUCT_DEFINITION_FORMATION('','',#7);
#7 = PRODUCT('Body','Body','',(#8));
#8 = PRODUCT_CONTEXT('',#2,'mechanical');
#9 = PRODUCT_DEFINITION_CONTEXT('part definition',#2,'design');
#10 = ADVANCED_BREP_SHAPE_REPRESENTATION('',(#11,#15),#6020);
#11 = AXIS2_PLACEMENT_3D('',#12,#13,#14);
#12 = CARTESIAN_POINT('',(0.,0.,0.));
#13 = DIRECTION('',(0.,0.,1.));
#14 = DIRECTION('',(1.,0.,-0.));
#15 = MANIFOLD_SOLID_BREP('',#16);
#16 = CLOSED_SHELL('',(#17,#1319,#1352,#1385,#1418,#1451,#1524,#1584,
    #1657,#1698,#1727,#1787,#1853,#1916,#1947,#2020,#2093,#2122,#2151,
    #2224,#2285,#2346,#2406,#2466,#2507,#2548,#2608,#2658,#2721,#2787,
    #2877,#2906,#2935,#3008,#3062,#3123,#3183,#3243,#3284,#3325,#3385,
    #3435,#3498,#3564,#3637,#3666,#3695,#3768,#3822,#3883,#3943,#4003,
    #4044,#4085,#4150,#4200,#4263,#4329,#4402,#4431,#4460,#4533,#4594,
    #4625,#4698,#4758,#4787,#4828,#4894,#4944,#4961,#4992,#5009,#5026,
    #5057,#5088,#5105,#5136,#5164,#5194,#5222,#5234,#5253,#5276,#5306,
    #5325,#5348,#5376,#5404,#5416,#5446,#5465,#5488,#5516,#5544,#5556,
    #5586,#5605,#5628,#5656,#5684,#5696,#5726,#5745,#5768,#5786,#5819,
    #5837,#5855,#5886,#5917,#5935,#5964,#5975,#5986,#5998,#6009));
#17 = ADVANCED_FACE('',(#18,#52),#1314,.F.);
#18 = FACE_BOUND('',#19,.F.);
#19 = EDGE_LOOP('',(#20,#30,#38,#46));
#20 = ORIENTED_EDGE('',*,*,#21,.T.);
#21 = EDGE_CURVE('',#22,#24,#26,.T.);
#22 = VERTEX_POINT('',#23);
#23 = CARTESIAN_POINT('',(19.635888930252,-7.,0.));
#24 = VERTEX_POINT('',#25);
#25 = CARTESIAN_POINT('',(19.635888930252,7.,0.));
#26 = LINE('',#27,#28);
#27 = CARTESIAN_POINT('',(19.635888930252,-8.,-2.22044604925E-16));
#28 = VECTOR('',#29,1.);
#29 = DIRECTION('',(0.,1.,0.));
#30 = ORIENTED_EDGE('',*,*,#31,.T.);
#31 = EDGE_CURVE('',#24,#32,#34,.T.);
#32 = VERTEX_POINT('',#33);
#33 = CARTESIAN_POINT('',(-20.61411106974,7.,0.));
#34 = LINE('',#35,#36);
#35 = CARTESIAN_POINT('',(20.635888930252,7.,-2.22044604925E-16));
#36 = VECTOR('',#37,1.);
#37 = DIRECTION('',(-1.,0.,0.));
#38 = ORIENTED_EDGE('',*,*,#39,.T.);
#39 = EDGE_CURVE('',#32,#40,#42,.T.);
#40 = VERTEX_POINT('',#41);
#41 = CARTESIAN_POINT('',(-20.61411106974,-7.,0.));
#42 = LINE('',#43,#44);
#43 = CARTESIAN_POINT('',(-20.61411106974,8.,-2.22044604925E-16));
#44 = VECTOR('',#45,1.);
#45 = DIRECTION('',(0.,-1.,0.));
#46 = ORIENTED_EDGE('',*,*,#47,.T.);
#47 = EDGE_CURVE('',#40,#22,#48,.T.);
#48 = LINE('',#49,#50);
#49 = CARTESIAN_POINT('',(-21.61411106974,-7.,-2.22044604925E-16));
#50 = VECTOR('',#51,1.);
#51 = DIRECTION('',(1.,0.,0.));
#52 = FACE_BOUND('',#53,.F.);
#53 = EDGE_LOOP('',(#54,#64,#91,#99,#126,#134,#161,#169,#196,#204,#231,
    #239,#266,#274,#301,#309,#336,#344,#371,#379,#406,#414,#441,#449,
    #476,#484,#511,#519,#546,#554,#581,#589,#616,#624,#651,#659,#686,
    #694,#721,#729,#756,#764,#791,#799,#826,#834,#861,#869,#896,#904,
    #931,#939,#966,#974,#1001,#1009,#1036,#1044,#1071,#1079,#1106,#1114,
    #1141,#1149,#1176,#1184,#1211,#1219,#1246,#1254,#1281,#1289));
#54 = ORIENTED_EDGE('',*,*,#55,.T.);
#55 = EDGE_CURVE('',#56,#58,#60,.T.);
#56 = VERTEX_POINT('',#57);
#57 = CARTESIAN_POINT('',(-13.164111,-5.5,0.));
#58 = VERTEX_POINT('',#59);
#59 = CARTESIAN_POINT('',(-13.164111,-5.850000190386,0.));
#60 = LINE('',#61,#62);
#61 = CARTESIAN_POINT('',(-13.164111,6.35,0.));
#62 = VECTOR('',#63,1.);
#63 = DIRECTION('',(0.,-1.,0.));
#64 = ORIENTED_EDGE('',*,*,#65,.T.);
#65 = EDGE_CURVE('',#58,#66,#68,.T.);
#66 = VERTEX_POINT('',#67);
#67 = CARTESIAN_POINT('',(-13.66411080961,-6.35,0.));
#68 = B_SPLINE_CURVE_WITH_KNOTS('',6,(#69,#70,#71,#72,#73,#74,#75,#76,
    #77,#78,#79,#80,#81,#82,#83,#84,#85,#86,#87,#88,#89,#90),
  .UNSPECIFIED.,.F.,.F.,(7,5,5,5,7),(0.,0.249998176145,0.500000000001,
    0.750001823856,1.),.UNSPECIFIED.);
#69 = CARTESIAN_POINT('',(-13.164111,-5.850000190386,0.));
#70 = CARTESIAN_POINT('',(-13.164111,-5.879463274664,0.));
#71 = CARTESIAN_POINT('',(-13.1661944439,-5.909789200204,0.));
#72 = CARTESIAN_POINT('',(-13.17058965968,-5.940749057762,0.));
#73 = CARTESIAN_POINT('',(-13.17749542906,-5.972038042979,0.));
#74 = CARTESIAN_POINT('',(-13.18703371078,-6.003273567414,0.));
#75 = CARTESIAN_POINT('',(-13.21140013122,-6.064821903455,0.));
#76 = CARTESIAN_POINT('',(-13.22622843179,-6.095134605956,0.));
#77 = CARTESIAN_POINT('',(-13.24371446863,-6.12457810048,0.));
#78 = CARTESIAN_POINT('',(-13.26376415498,-6.152716199906,0.));
#79 = CARTESIAN_POINT('',(-13.28614984435,-6.17914578326,0.));
#80 = CARTESIAN_POINT('',(-13.33496521674,-6.227961155648,0.));
#81 = CARTESIAN_POINT('',(-13.36139480009,-6.250346845017,0.));
#82 = CARTESIAN_POINT('',(-13.38953289952,-6.27039653137,0.));
#83 = CARTESIAN_POINT('',(-13.41897639404,-6.287882568204,0.));
#84 = CARTESIAN_POINT('',(-13.44928909654,-6.30271086878,0.));
#85 = CARTESIAN_POINT('',(-13.51083743258,-6.327077289218,0.));
#86 = CARTESIAN_POINT('',(-13.54207295702,-6.33661557094,0.));
#87 = CARTESIAN_POINT('',(-13.57336194223,-6.343521340319,0.));
#88 = CARTESIAN_POINT('',(-13.60432179979,-6.347916556097,0.));
#89 = CARTESIAN_POINT('',(-13.63464772533,-6.35,0.));
#90 = CARTESIAN_POINT('',(-13.66411080961,-6.35,0.));
#91 = ORIENTED_EDGE('',*,*,#92,.T.);
#92 = EDGE_CURVE('',#66,#93,#95,.T.);
#93 = VERTEX_POINT('',#94);
#94 = CARTESIAN_POINT('',(-19.11411119038,-6.35,0.));
#95 = LINE('',#96,#97);
#96 = CARTESIAN_POINT('',(-13.164111,-6.35,0.));
#97 = VECTOR('',#98,1.);
#98 = DIRECTION('',(-1.,0.,0.));
#99 = ORIENTED_EDGE('',*,*,#100,.F.);
#100 = EDGE_CURVE('',#101,#93,#103,.T.);
#101 = VERTEX_POINT('',#102);
#102 = CARTESIAN_POINT('',(-19.614111,-5.850000190386,0.));
#103 = B_SPLINE_CURVE_WITH_KNOTS('',6,(#104,#105,#106,#107,#108,#109,
    #110,#111,#112,#113,#114,#115,#116,#117,#118,#119,#120,#121,#122,
    #123,#124,#125),.UNSPECIFIED.,.F.,.F.,(7,5,5,5,7),(0.,0.249998176145
    ,0.500000000001,0.750001823856,1.),.UNSPECIFIED.);
#104 = CARTESIAN_POINT('',(-19.614111,-5.850000190386,0.));
#105 = CARTESIAN_POINT('',(-19.614111,-5.879463274664,0.));
#106 = CARTESIAN_POINT('',(-19.61202755609,-5.909789200204,0.));
#107 = CARTESIAN_POINT('',(-19.60763234031,-5.940749057762,0.));
#108 = CARTESIAN_POINT('',(-19.60072657094,-5.972038042979,0.));
#109 = CARTESIAN_POINT('',(-19.59118828921,-6.003273567414,0.));
#110 = CARTESIAN_POINT('',(-19.56682186878,-6.064821903455,0.));
#111 = CARTESIAN_POINT('',(-19.5519935682,-6.095134605956,0.));
#112 = CARTESIAN_POINT('',(-19.53450753137,-6.12457810048,0.));
#113 = CARTESIAN_POINT('',(-19.51445784501,-6.152716199906,0.));
#114 = CARTESIAN_POINT('',(-19.49207215564,-6.17914578326,0.));
#115 = CARTESIAN_POINT('',(-19.44325678326,-6.227961155648,0.));
#116 = CARTESIAN_POINT('',(-19.4168271999,-6.250346845017,0.));
#117 = CARTESIAN_POINT('',(-19.38868910048,-6.27039653137,0.));
#118 = CARTESIAN_POINT('',(-19.35924560595,-6.287882568204,0.));
#119 = CARTESIAN_POINT('',(-19.32893290345,-6.30271086878,0.));
#120 = CARTESIAN_POINT('',(-19.26738456741,-6.327077289218,0.));
#121 = CARTESIAN_POINT('',(-19.23614904297,-6.33661557094,0.));
#122 = CARTESIAN_POINT('',(-19.20486005776,-6.343521340319,0.));
#123 = CARTESIAN_POINT('',(-19.1739002002,-6.347916556097,0.));
#124 = CARTESIAN_POINT('',(-19.14357427466,-6.35,0.));
#125 = CARTESIAN_POINT('',(-19.11411119038,-6.35,0.));
#126 = ORIENTED_EDGE('',*,*,#127,.T.);
#127 = EDGE_CURVE('',#101,#128,#130,.T.);
#128 = VERTEX_POINT('',#129);
#129 = CARTESIAN_POINT('',(-19.614111,5.850000190386,0.));
#130 = LINE('',#131,#132);
#131 = CARTESIAN_POINT('',(-19.614111,-6.35,0.));
#132 = VECTOR('',#133,1.);
#133 = DIRECTION('',(0.,1.,0.));
#134 = ORIENTED_EDGE('',*,*,#135,.F.);
#135 = EDGE_CURVE('',#136,#128,#138,.T.);
#136 = VERTEX_POINT('',#137);
#137 = CARTESIAN_POINT('',(-19.11411119038,6.35,0.));
#138 = B_SPLINE_CURVE_WITH_KNOTS('',6,(#139,#140,#141,#142,#143,#144,
    #145,#146,#147,#148,#149,#150,#151,#152,#153,#154,#155,#156,#157,
    #158,#159,#160),.UNSPECIFIED.,.F.,.F.,(7,5,5,5,7),(0.,0.249998176145
    ,0.5,0.750001823856,1.),.UNSPECIFIED.);
#139 = CARTESIAN_POINT('',(-19.11411119038,6.35,0.));
#140 = CARTESIAN_POINT('',(-19.14357427466,6.35,0.));
#141 = CARTESIAN_POINT('',(-19.1739002002,6.347916556096,0.));
#142 = CARTESIAN_POINT('',(-19.20486005776,6.343521340319,0.));
#143 = CARTESIAN_POINT('',(-19.23614904297,6.33661557094,0.));
#144 = CARTESIAN_POINT('',(-19.26738456741,6.327077289218,0.));
#145 = CARTESIAN_POINT('',(-19.32893290345,6.30271086878,0.));
#146 = CARTESIAN_POINT('',(-19.35924560595,6.287882568204,0.));
#147 = CARTESIAN_POINT('',(-19.38868910048,6.27039653137,0.));
#148 = CARTESIAN_POINT('',(-19.4168271999,6.250346845017,0.));
#149 = CARTESIAN_POINT('',(-19.44325678326,6.227961155648,0.));
#150 = CARTESIAN_POINT('',(-19.49207215564,6.17914578326,0.));
#151 = CARTESIAN_POINT('',(-19.51445784501,6.152716199906,0.));
#152 = CARTESIAN_POINT('',(-19.53450753137,6.12457810048,0.));
#153 = CARTESIAN_POINT('',(-19.5519935682,6.095134605956,0.));
#154 = CARTESIAN_POINT('',(-19.56682186878,6.064821903455,0.));
#155 = CARTESIAN_POINT('',(-19.59118828921,6.003273567414,0.));
#156 = CARTESIAN_POINT('',(-19.60072657094,5.972038042979,0.));
#157 = CARTESIAN_POINT('',(-19.60763234031,5.940749057762,0.));
#158 = CARTESIAN_POINT('',(-19.61202755609,5.909789200204,0.));
#159 = CARTESIAN_POINT('',(-19.614111,5.879463274664,0.));
#160 = CARTESIAN_POINT('',(-19.614111,5.850000190386,0.));
#161 = ORIENTED_EDGE('',*,*,#162,.T.);
#162 = EDGE_CURVE('',#136,#163,#165,.T.);
#163 = VERTEX_POINT('',#164);
#164 = CARTESIAN_POINT('',(-13.66411080961,6.35,0.));
#165 = LINE('',#166,#167);
#166 = CARTESIAN_POINT('',(-19.614111,6.35,0.));
#167 = VECTOR('',#168,1.);
#168 = DIRECTION('',(1.,0.,0.));
#169 = ORIENTED_EDGE('',*,*,#170,.F.);
#170 = EDGE_CURVE('',#171,#163,#173,.T.);
#171 = VERTEX_POINT('',#172);
#172 = CARTESIAN_POINT('',(-13.164111,5.850000190386,0.));
#173 = B_SPLINE_CURVE_WITH_KNOTS('',6,(#174,#175,#176,#177,#178,#179,
    #180,#181,#182,#183,#184,#185,#186,#187,#188,#189,#190,#191,#192,
    #193,#194,#195),.UNSPECIFIED.,.F.,.F.,(7,5,5,5,7),(0.,0.249998176145
    ,0.5,0.750001823856,1.),.UNSPECIFIED.);
#174 = CARTESIAN_POINT('',(-13.164111,5.850000190386,0.));
#175 = CARTESIAN_POINT('',(-13.164111,5.879463274664,0.));
#176 = CARTESIAN_POINT('',(-13.1661944439,5.909789200204,0.));
#177 = CARTESIAN_POINT('',(-13.17058965968,5.940749057762,0.));
#178 = CARTESIAN_POINT('',(-13.17749542906,5.972038042979,0.));
#179 = CARTESIAN_POINT('',(-13.18703371078,6.003273567414,0.));
#180 = CARTESIAN_POINT('',(-13.21140013122,6.064821903455,0.));
#181 = CARTESIAN_POINT('',(-13.22622843179,6.095134605956,0.));
#182 = CARTESIAN_POINT('',(-13.24371446863,6.12457810048,0.));
#183 = CARTESIAN_POINT('',(-13.26376415498,6.152716199906,0.));
#184 = CARTESIAN_POINT('',(-13.28614984435,6.17914578326,0.));
#185 = CARTESIAN_POINT('',(-13.33496521674,6.227961155648,0.));
#186 = CARTESIAN_POINT('',(-13.36139480009,6.250346845017,0.));
#187 = CARTESIAN_POINT('',(-13.38953289952,6.27039653137,0.));
#188 = CARTESIAN_POINT('',(-13.41897639404,6.287882568204,0.));
#189 = CARTESIAN_POINT('',(-13.44928909654,6.30271086878,0.));
#190 = CARTESIAN_POINT('',(-13.51083743258,6.327077289218,0.));
#191 = CARTESIAN_POINT('',(-13.54207295702,6.33661557094,0.));
#192 = CARTESIAN_POINT('',(-13.57336194223,6.343521340319,0.));
#193 = CARTESIAN_POINT('',(-13.60432179979,6.347916556097,0.));
#194 = CARTESIAN_POINT('',(-13.63464772533,6.35,0.));
#195 = CARTESIAN_POINT('',(-13.66411080961,6.35,0.));
#196 = ORIENTED_EDGE('',*,*,#197,.T.);
#197 = EDGE_CURVE('',#171,#198,#200,.T.);
#198 = VERTEX_POINT('',#199);
#199 = CARTESIAN_POINT('',(-13.164111,5.5,0.));
#200 = LINE('',#201,#202);
#201 = CARTESIAN_POINT('',(-13.164111,6.35,0.));
#202 = VECTOR('',#203,1.);
#203 = DIRECTION('',(0.,-1.,0.));
#204 = ORIENTED_EDGE('',*,*,#205,.T.);
#205 = EDGE_CURVE('',#198,#206,#208,.T.);
#206 = VERTEX_POINT('',#207);
#207 = CARTESIAN_POINT('',(-12.66411080961,5.,0.));
#208 = B_SPLINE_CURVE_WITH_KNOTS('',6,(#209,#210,#211,#212,#213,#214,
    #215,#216,#217,#218,#219,#220,#221,#222,#223,#224,#225,#226,#227,
    #228,#229,#230),.UNSPECIFIED.,.F.,.F.,(7,5,5,5,7),(0.,0.249997832202
    ,0.499999999974,0.750002167762,1.),.UNSPECIFIED.);
#209 = CARTESIAN_POINT('',(-13.164111,5.5,0.));
#210 = CARTESIAN_POINT('',(-13.164111,5.470536858824,0.));
#211 = CARTESIAN_POINT('',(-13.16202754647,5.440210894576,0.));
#212 = CARTESIAN_POINT('',(-13.157632316,5.409251020459,0.));
#213 = CARTESIAN_POINT('',(-13.15072653388,5.377962042593,0.));
#214 = CARTESIAN_POINT('',(-13.1411882485,5.346726546033,0.));
#215 = CARTESIAN_POINT('',(-13.11682181453,5.285178210711,0.));
#216 = CARTESIAN_POINT('',(-13.10199348932,5.254865483014,0.));
#217 = CARTESIAN_POINT('',(-13.08450743128,5.225421978489,0.));
#218 = CARTESIAN_POINT('',(-13.06445773031,5.197283878051,0.));
#219 = CARTESIAN_POINT('',(-13.04207203046,5.170854295751,0.));
#220 = CARTESIAN_POINT('',(-12.99325663919,5.12203892306,0.));
#221 = CARTESIAN_POINT('',(-12.96682704682,5.099653231734,0.));
#222 = CARTESIAN_POINT('',(-12.93868893567,5.079603538402,0.));
#223 = CARTESIAN_POINT('',(-12.90924541993,5.062117487021,0.));
#224 = CARTESIAN_POINT('',(-12.87893268069,5.047289167455,0.));
#225 = CARTESIAN_POINT('',(-12.81738432194,5.022922742767,0.));
#226 = CARTESIAN_POINT('',(-12.78614881349,5.013384461021,0.));
#227 = CARTESIAN_POINT('',(-12.75485982371,5.006478681524,0.));
#228 = CARTESIAN_POINT('',(-12.7238999378,5.002083452734,0.));
#229 = CARTESIAN_POINT('',(-12.693573962,5.,0.));
#230 = CARTESIAN_POINT('',(-12.66411080961,5.,0.));
#231 = ORIENTED_EDGE('',*,*,#232,.T.);
#232 = EDGE_CURVE('',#206,#233,#235,.T.);
#233 = VERTEX_POINT('',#234);
#234 = CARTESIAN_POINT('',(-12.16411119038,5.,0.));
#235 = LINE('',#236,#237);
#236 = CARTESIAN_POINT('',(-15.,5.,0.));
#237 = VECTOR('',#238,1.);
#238 = DIRECTION('',(1.,0.,0.));
#239 = ORIENTED_EDGE('',*,*,#240,.F.);
#240 = EDGE_CURVE('',#241,#233,#243,.T.);
#241 = VERTEX_POINT('',#242);
#242 = CARTESIAN_POINT('',(-11.664111,5.5,0.));
#243 = B_SPLINE_CURVE_WITH_KNOTS('',6,(#244,#245,#246,#247,#248,#249,
    #250,#251,#252,#253,#254,#255,#256,#257,#258,#259,#260,#261,#262,
    #263,#264,#265),.UNSPECIFIED.,.F.,.F.,(7,5,5,5,7),(0.,0.249997832202
    ,0.499999999973,0.750002167762,1.),.UNSPECIFIED.);
#244 = CARTESIAN_POINT('',(-11.664111,5.5,0.));
#245 = CARTESIAN_POINT('',(-11.664111,5.470536858824,0.));
#246 = CARTESIAN_POINT('',(-11.66619445352,5.440210894576,0.));
#247 = CARTESIAN_POINT('',(-11.67058968399,5.409251020459,0.));
#248 = CARTESIAN_POINT('',(-11.67749546611,5.377962042593,0.));
#249 = CARTESIAN_POINT('',(-11.68703375149,5.346726546033,0.));
#250 = CARTESIAN_POINT('',(-11.71140018546,5.285178210711,0.));
#251 = CARTESIAN_POINT('',(-11.72622851067,5.254865483014,0.));
#252 = CARTESIAN_POINT('',(-11.74371456871,5.225421978489,0.));
#253 = CARTESIAN_POINT('',(-11.76376426968,5.197283878051,0.));
#254 = CARTESIAN_POINT('',(-11.78614996953,5.170854295751,0.));
#255 = CARTESIAN_POINT('',(-11.83496536081,5.12203892306,0.));
#256 = CARTESIAN_POINT('',(-11.86139495317,5.099653231734,0.));
#257 = CARTESIAN_POINT('',(-11.88953306432,5.079603538402,0.));
#258 = CARTESIAN_POINT('',(-11.91897658006,5.062117487021,0.));
#259 = CARTESIAN_POINT('',(-11.9492893193,5.047289167455,0.));
#260 = CARTESIAN_POINT('',(-12.01083767805,5.022922742767,0.));
#261 = CARTESIAN_POINT('',(-12.04207318651,5.013384461021,0.));
#262 = CARTESIAN_POINT('',(-12.07336217629,5.006478681524,0.));
#263 = CARTESIAN_POINT('',(-12.10432206219,5.002083452734,0.));
#264 = CARTESIAN_POINT('',(-12.13464803799,5.,0.));
#265 = CARTESIAN_POINT('',(-12.16411119038,5.,0.));
#266 = ORIENTED_EDGE('',*,*,#267,.T.);
#267 = EDGE_CURVE('',#241,#268,#270,.T.);
#268 = VERTEX_POINT('',#269);
#269 = CARTESIAN_POINT('',(-11.664111,5.850000190386,0.));
#270 = LINE('',#271,#272);
#271 = CARTESIAN_POINT('',(-11.664111,-6.35,0.));
#272 = VECTOR('',#273,1.);
#273 = DIRECTION('',(0.,1.,0.));
#274 = ORIENTED_EDGE('',*,*,#275,.T.);
#275 = EDGE_CURVE('',#268,#276,#278,.T.);
#276 = VERTEX_POINT('',#277);
#277 = CARTESIAN_POINT('',(-11.16411119038,6.35,0.));
#278 = B_SPLINE_CURVE_WITH_KNOTS('',6,(#279,#280,#281,#282,#283,#284,
    #285,#286,#287,#288,#289,#290,#291,#292,#293,#294,#295,#296,#297,
    #298,#299,#300),.UNSPECIFIED.,.F.,.F.,(7,5,5,5,7),(0.,0.249998176145
    ,0.5,0.750001823856,1.),.UNSPECIFIED.);
#279 = CARTESIAN_POINT('',(-11.664111,5.850000190386,0.));
#280 = CARTESIAN_POINT('',(-11.664111,5.879463274664,0.));
#281 = CARTESIAN_POINT('',(-11.66202755609,5.909789200204,0.));
#282 = CARTESIAN_POINT('',(-11.65763234031,5.940749057762,0.));
#283 = CARTESIAN_POINT('',(-11.65072657094,5.972038042979,0.));
#284 = CARTESIAN_POINT('',(-11.64118828921,6.003273567414,0.));
#285 = CARTESIAN_POINT('',(-11.61682186878,6.064821903455,0.));
#286 = CARTESIAN_POINT('',(-11.6019935682,6.095134605956,0.));
#287 = CARTESIAN_POINT('',(-11.58450753137,6.12457810048,0.));
#288 = CARTESIAN_POINT('',(-11.56445784501,6.152716199906,0.));
#289 = CARTESIAN_POINT('',(-11.54207215564,6.17914578326,0.));
#290 = CARTESIAN_POINT('',(-11.49325678326,6.227961155648,0.));
#291 = CARTESIAN_POINT('',(-11.4668271999,6.250346845017,0.));
#292 = CARTESIAN_POINT('',(-11.43868910048,6.27039653137,0.));
#293 = CARTESIAN_POINT('',(-11.40924560595,6.287882568204,0.));
#294 = CARTESIAN_POINT('',(-11.37893290345,6.30271086878,0.));
#295 = CARTESIAN_POINT('',(-11.31738456741,6.327077289218,0.));
#296 = CARTESIAN_POINT('',(-11.28614904297,6.33661557094,0.));
#297 = CARTESIAN_POINT('',(-11.25486005776,6.343521340319,0.));
#298 = CARTESIAN_POINT('',(-11.2239002002,6.347916556097,0.));
#299 = CARTESIAN_POINT('',(-11.19357427466,6.35,0.));
#300 = CARTESIAN_POINT('',(-11.16411119038,6.35,0.));
#301 = ORIENTED_EDGE('',*,*,#302,.T.);
#302 = EDGE_CURVE('',#276,#303,#305,.T.);
#303 = VERTEX_POINT('',#304);
#304 = CARTESIAN_POINT('',(-5.714110809614,6.35,0.));
#305 = LINE('',#306,#307);
#306 = CARTESIAN_POINT('',(-11.664111,6.35,0.));
#307 = VECTOR('',#308,1.);
#308 = DIRECTION('',(1.,0.,0.));
#309 = ORIENTED_EDGE('',*,*,#310,.F.);
#310 = EDGE_CURVE('',#311,#303,#313,.T.);
#311 = VERTEX_POINT('',#312);
#312 = CARTESIAN_POINT('',(-5.214111,5.850000190386,0.));
#313 = B_SPLINE_CURVE_WITH_KNOTS('',6,(#314,#315,#316,#317,#318,#319,
    #320,#321,#322,#323,#324,#325,#326,#327,#328,#329,#330,#331,#332,
    #333,#334,#335),.UNSPECIFIED.,.F.,.F.,(7,5,5,5,7),(0.,0.249998176145
    ,0.500000000001,0.750001823856,1.),.UNSPECIFIED.);
#314 = CARTESIAN_POINT('',(-5.214111,5.850000190386,0.));
#315 = CARTESIAN_POINT('',(-5.214111,5.879463274664,0.));
#316 = CARTESIAN_POINT('',(-5.216194443904,5.909789200204,0.));
#317 = CARTESIAN_POINT('',(-5.220589659681,5.940749057762,0.));
#318 = CARTESIAN_POINT('',(-5.22749542906,5.972038042979,0.));
#319 = CARTESIAN_POINT('',(-5.237033710782,6.003273567414,0.));
#320 = CARTESIAN_POINT('',(-5.26140013122,6.064821903455,0.));
#321 = CARTESIAN_POINT('',(-5.276228431796,6.095134605956,0.));
#322 = CARTESIAN_POINT('',(-5.29371446863,6.12457810048,0.));
#323 = CARTESIAN_POINT('',(-5.313764154983,6.152716199906,0.));
#324 = CARTESIAN_POINT('',(-5.336149844352,6.17914578326,0.));
#325 = CARTESIAN_POINT('',(-5.38496521674,6.227961155648,0.));
#326 = CARTESIAN_POINT('',(-5.411394800094,6.250346845017,0.));
#327 = CARTESIAN_POINT('',(-5.43953289952,6.27039653137,0.));
#328 = CARTESIAN_POINT('',(-5.468976394044,6.287882568204,0.));
#329 = CARTESIAN_POINT('',(-5.499289096545,6.30271086878,0.));
#330 = CARTESIAN_POINT('',(-5.560837432586,6.327077289218,0.));
#331 = CARTESIAN_POINT('',(-5.592072957021,6.33661557094,0.));
#332 = CARTESIAN_POINT('',(-5.623361942238,6.343521340319,0.));
#333 = CARTESIAN_POINT('',(-5.654321799796,6.347916556097,0.));
#334 = CARTESIAN_POINT('',(-5.684647725336,6.35,0.));
#335 = CARTESIAN_POINT('',(-5.714110809614,6.35,0.));
#336 = ORIENTED_EDGE('',*,*,#337,.T.);
#337 = EDGE_CURVE('',#311,#338,#340,.T.);
#338 = VERTEX_POINT('',#339);
#339 = CARTESIAN_POINT('',(-5.214111,5.5,0.));
#340 = LINE('',#341,#342);
#341 = CARTESIAN_POINT('',(-5.214111,6.35,0.));
#342 = VECTOR('',#343,1.);
#343 = DIRECTION('',(0.,-1.,0.));
#344 = ORIENTED_EDGE('',*,*,#345,.T.);
#345 = EDGE_CURVE('',#338,#346,#348,.T.);
#346 = VERTEX_POINT('',#347);
#347 = CARTESIAN_POINT('',(-4.714110809614,5.,0.));
#348 = B_SPLINE_CURVE_WITH_KNOTS('',6,(#349,#350,#351,#352,#353,#354,
    #355,#356,#357,#358,#359,#360,#361,#362,#363,#364,#365,#366,#367,
    #368,#369,#370),.UNSPECIFIED.,.F.,.F.,(7,5,5,5,7),(0.,0.249997832202
    ,0.499999999974,0.750002167762,1.),.UNSPECIFIED.);
#349 = CARTESIAN_POINT('',(-5.214111,5.5,0.));
#350 = CARTESIAN_POINT('',(-5.214111,5.470536858824,0.));
#351 = CARTESIAN_POINT('',(-5.212027546473,5.440210894576,0.));
#352 = CARTESIAN_POINT('',(-5.207632316009,5.409251020459,0.));
#353 = CARTESIAN_POINT('',(-5.200726533882,5.377962042593,0.));
#354 = CARTESIAN_POINT('',(-5.191188248505,5.346726546033,0.));
#355 = CARTESIAN_POINT('',(-5.166821814538,5.285178210711,0.));
#356 = CARTESIAN_POINT('',(-5.151993489325,5.254865483014,0.));
#357 = CARTESIAN_POINT('',(-5.134507431285,5.225421978489,0.));
#358 = CARTESIAN_POINT('',(-5.114457730319,5.197283878051,0.));
#359 = CARTESIAN_POINT('',(-5.092072030469,5.170854295751,0.));
#360 = CARTESIAN_POINT('',(-5.04325663919,5.12203892306,0.));
#361 = CARTESIAN_POINT('',(-5.016827046826,5.099653231734,0.));
#362 = CARTESIAN_POINT('',(-4.988688935673,5.079603538402,0.));
#363 = CARTESIAN_POINT('',(-4.959245419937,5.062117487021,0.));
#364 = CARTESIAN_POINT('',(-4.928932680699,5.047289167455,0.));
#365 = CARTESIAN_POINT('',(-4.867384321943,5.022922742767,0.));
#366 = CARTESIAN_POINT('',(-4.83614881349,5.013384461021,0.));
#367 = CARTESIAN_POINT('',(-4.804859823709,5.006478681524,0.));
#368 = CARTESIAN_POINT('',(-4.773899937805,5.002083452734,0.));
#369 = CARTESIAN_POINT('',(-4.743573962009,5.,0.));
#370 = CARTESIAN_POINT('',(-4.714110809614,5.,0.));
#371 = ORIENTED_EDGE('',*,*,#372,.T.);
#372 = EDGE_CURVE('',#346,#373,#375,.T.);
#373 = VERTEX_POINT('',#374);
#374 = CARTESIAN_POINT('',(-4.214111190386,5.,0.));
#375 = LINE('',#376,#377);
#376 = CARTESIAN_POINT('',(-15.,5.,0.));
#377 = VECTOR('',#378,1.);
#378 = DIRECTION('',(1.,0.,0.));
#379 = ORIENTED_EDGE('',*,*,#380,.F.);
#380 = EDGE_CURVE('',#381,#373,#383,.T.);
#381 = VERTEX_POINT('',#382);
#382 = CARTESIAN_POINT('',(-3.714111,5.5,0.));
#383 = B_SPLINE_CURVE_WITH_KNOTS('',6,(#384,#385,#386,#387,#388,#389,
    #390,#391,#392,#393,#394,#395,#396,#397,#398,#399,#400,#401,#402,
    #403,#404,#405),.UNSPECIFIED.,.F.,.F.,(7,5,5,5,7),(0.,0.249997832203
    ,0.499999999974,0.750002167762,1.),.UNSPECIFIED.);
#384 = CARTESIAN_POINT('',(-3.714111,5.5,0.));
#385 = CARTESIAN_POINT('',(-3.714111,5.470536858824,0.));
#386 = CARTESIAN_POINT('',(-3.716194453527,5.440210894576,0.));
#387 = CARTESIAN_POINT('',(-3.720589683991,5.409251020459,0.));
#388 = CARTESIAN_POINT('',(-3.727495466118,5.377962042593,0.));
#389 = CARTESIAN_POINT('',(-3.737033751495,5.346726546033,0.));
#390 = CARTESIAN_POINT('',(-3.761400185462,5.285178210711,0.));
#391 = CARTESIAN_POINT('',(-3.776228510675,5.254865483014,0.));
#392 = CARTESIAN_POINT('',(-3.793714568715,5.225421978489,0.));
#393 = CARTESIAN_POINT('',(-3.813764269681,5.197283878051,0.));
#394 = CARTESIAN_POINT('',(-3.836149969531,5.170854295751,0.));
#395 = CARTESIAN_POINT('',(-3.88496536081,5.12203892306,0.));
#396 = CARTESIAN_POINT('',(-3.911394953174,5.099653231734,0.));
#397 = CARTESIAN_POINT('',(-3.939533064327,5.079603538402,0.));
#398 = CARTESIAN_POINT('',(-3.968976580062,5.062117487021,0.));
#399 = CARTESIAN_POINT('',(-3.999289319301,5.047289167455,0.));
#400 = CARTESIAN_POINT('',(-4.060837678057,5.022922742767,0.));
#401 = CARTESIAN_POINT('',(-4.09207318651,5.013384461021,0.));
#402 = CARTESIAN_POINT('',(-4.12336217629,5.006478681524,0.));
#403 = CARTESIAN_POINT('',(-4.154322062196,5.002083452734,0.));
#404 = CARTESIAN_POINT('',(-4.184648037991,5.,0.));
#405 = CARTESIAN_POINT('',(-4.214111190386,5.,0.));
#406 = ORIENTED_EDGE('',*,*,#407,.T.);
#407 = EDGE_CURVE('',#381,#408,#410,.T.);
#408 = VERTEX_POINT('',#409);
#409 = CARTESIAN_POINT('',(-3.714111,5.850000190386,0.));
#410 = LINE('',#411,#412);
#411 = CARTESIAN_POINT('',(-3.714111,-6.35,0.));
#412 = VECTOR('',#413,1.);
#413 = DIRECTION('',(0.,1.,0.));
#414 = ORIENTED_EDGE('',*,*,#415,.T.);
#415 = EDGE_CURVE('',#408,#416,#418,.T.);
#416 = VERTEX_POINT('',#417);
#417 = CARTESIAN_POINT('',(-3.214111190386,6.35,0.));
#418 = B_SPLINE_CURVE_WITH_KNOTS('',6,(#419,#420,#421,#422,#423,#424,
    #425,#426,#427,#428,#429,#430,#431,#432,#433,#434,#435,#436,#437,
    #438,#439,#440),.UNSPECIFIED.,.F.,.F.,(7,5,5,5,7),(0.,0.249998176145
    ,0.500000000001,0.750001823856,1.),.UNSPECIFIED.);
#419 = CARTESIAN_POINT('',(-3.714111,5.850000190386,0.));
#420 = CARTESIAN_POINT('',(-3.714111,5.879463274664,0.));
#421 = CARTESIAN_POINT('',(-3.712027556097,5.909789200204,0.));
#422 = CARTESIAN_POINT('',(-3.707632340319,5.940749057762,0.));
#423 = CARTESIAN_POINT('',(-3.70072657094,5.972038042979,0.));
#424 = CARTESIAN_POINT('',(-3.691188289218,6.003273567414,0.));
#425 = CARTESIAN_POINT('',(-3.66682186878,6.064821903455,0.));
#426 = CARTESIAN_POINT('',(-3.651993568204,6.095134605956,0.));
#427 = CARTESIAN_POINT('',(-3.63450753137,6.12457810048,0.));
#428 = CARTESIAN_POINT('',(-3.614457845017,6.152716199906,0.));
#429 = CARTESIAN_POINT('',(-3.592072155648,6.17914578326,0.));
#430 = CARTESIAN_POINT('',(-3.54325678326,6.227961155648,0.));
#431 = CARTESIAN_POINT('',(-3.516827199906,6.250346845017,0.));
#432 = CARTESIAN_POINT('',(-3.48868910048,6.27039653137,0.));
#433 = CARTESIAN_POINT('',(-3.459245605956,6.287882568204,0.));
#434 = CARTESIAN_POINT('',(-3.428932903455,6.30271086878,0.));
#435 = CARTESIAN_POINT('',(-3.367384567414,6.327077289218,0.));
#436 = CARTESIAN_POINT('',(-3.336149042979,6.33661557094,0.));
#437 = CARTESIAN_POINT('',(-3.304860057762,6.343521340319,0.));
#438 = CARTESIAN_POINT('',(-3.273900200204,6.347916556097,0.));
#439 = CARTESIAN_POINT('',(-3.243574274664,6.35,0.));
#440 = CARTESIAN_POINT('',(-3.214111190386,6.35,0.));
#441 = ORIENTED_EDGE('',*,*,#442,.T.);
#442 = EDGE_CURVE('',#416,#443,#445,.T.);
#443 = VERTEX_POINT('',#444);
#444 = CARTESIAN_POINT('',(2.235889190386,6.35,0.));
#445 = LINE('',#446,#447);
#446 = CARTESIAN_POINT('',(-3.714111,6.35,0.));
#447 = VECTOR('',#448,1.);
#448 = DIRECTION('',(1.,0.,0.));
#449 = ORIENTED_EDGE('',*,*,#450,.F.);
#450 = EDGE_CURVE('',#451,#443,#453,.T.);
#451 = VERTEX_POINT('',#452);
#452 = CARTESIAN_POINT('',(2.735889,5.850000190386,0.));
#453 = B_SPLINE_CURVE_WITH_KNOTS('',6,(#454,#455,#456,#457,#458,#459,
    #460,#461,#462,#463,#464,#465,#466,#467,#468,#469,#470,#471,#472,
    #473,#474,#475),.UNSPECIFIED.,.F.,.F.,(7,5,5,5,7),(0.,0.249998176145
    ,0.500000000001,0.750001823856,1.),.UNSPECIFIED.);
#454 = CARTESIAN_POINT('',(2.735889,5.850000190386,0.));
#455 = CARTESIAN_POINT('',(2.735889,5.879463274664,0.));
#456 = CARTESIAN_POINT('',(2.733805556097,5.909789200204,0.));
#457 = CARTESIAN_POINT('',(2.729410340319,5.940749057762,0.));
#458 = CARTESIAN_POINT('',(2.72250457094,5.972038042979,0.));
#459 = CARTESIAN_POINT('',(2.712966289218,6.003273567414,0.));
#460 = CARTESIAN_POINT('',(2.68859986878,6.064821903455,0.));
#461 = CARTESIAN_POINT('',(2.673771568204,6.095134605956,0.));
#462 = CARTESIAN_POINT('',(2.65628553137,6.12457810048,0.));
#463 = CARTESIAN_POINT('',(2.636235845017,6.152716199906,0.));
#464 = CARTESIAN_POINT('',(2.613850155648,6.17914578326,0.));
#465 = CARTESIAN_POINT('',(2.56503478326,6.227961155648,0.));
#466 = CARTESIAN_POINT('',(2.538605199906,6.250346845017,0.));
#467 = CARTESIAN_POINT('',(2.51046710048,6.27039653137,0.));
#468 = CARTESIAN_POINT('',(2.481023605956,6.287882568204,0.));
#469 = CARTESIAN_POINT('',(2.450710903455,6.30271086878,0.));
#470 = CARTESIAN_POINT('',(2.389162567414,6.327077289218,0.));
#471 = CARTESIAN_POINT('',(2.357927042979,6.33661557094,0.));
#472 = CARTESIAN_POINT('',(2.326638057762,6.343521340319,0.));
#473 = CARTESIAN_POINT('',(2.295678200204,6.347916556097,0.));
#474 = CARTESIAN_POINT('',(2.265352274664,6.35,0.));
#475 = CARTESIAN_POINT('',(2.235889190386,6.35,0.));
#476 = ORIENTED_EDGE('',*,*,#477,.T.);
#477 = EDGE_CURVE('',#451,#478,#480,.T.);
#478 = VERTEX_POINT('',#479);
#479 = CARTESIAN_POINT('',(2.735889,5.5,0.));
#480 = LINE('',#481,#482);
#481 = CARTESIAN_POINT('',(2.735889,6.35,0.));
#482 = VECTOR('',#483,1.);
#483 = DIRECTION('',(0.,-1.,0.));
#484 = ORIENTED_EDGE('',*,*,#485,.T.);
#485 = EDGE_CURVE('',#478,#486,#488,.T.);
#486 = VERTEX_POINT('',#487);
#487 = CARTESIAN_POINT('',(3.235889190386,5.,0.));
#488 = B_SPLINE_CURVE_WITH_KNOTS('',6,(#489,#490,#491,#492,#493,#494,
    #495,#496,#497,#498,#499,#500,#501,#502,#503,#504,#505,#506,#507,
    #508,#509,#510),.UNSPECIFIED.,.F.,.F.,(7,5,5,5,7),(0.,0.249997832203
    ,0.499999999974,0.750002167763,1.),.UNSPECIFIED.);
#489 = CARTESIAN_POINT('',(2.735889,5.5,0.));
#490 = CARTESIAN_POINT('',(2.735889,5.470536858824,0.));
#491 = CARTESIAN_POINT('',(2.737972453527,5.440210894576,0.));
#492 = CARTESIAN_POINT('',(2.742367683991,5.409251020459,0.));
#493 = CARTESIAN_POINT('',(2.749273466118,5.377962042593,0.));
#494 = CARTESIAN_POINT('',(2.758811751495,5.346726546033,0.));
#495 = CARTESIAN_POINT('',(2.783178185462,5.285178210711,0.));
#496 = CARTESIAN_POINT('',(2.798006510675,5.254865483014,0.));
#497 = CARTESIAN_POINT('',(2.815492568715,5.225421978489,0.));
#498 = CARTESIAN_POINT('',(2.835542269681,5.197283878051,0.));
#499 = CARTESIAN_POINT('',(2.857927969531,5.170854295751,0.));
#500 = CARTESIAN_POINT('',(2.90674336081,5.12203892306,0.));
#501 = CARTESIAN_POINT('',(2.933172953174,5.099653231734,0.));
#502 = CARTESIAN_POINT('',(2.961311064327,5.079603538402,0.));
#503 = CARTESIAN_POINT('',(2.990754580063,5.062117487021,0.));
#504 = CARTESIAN_POINT('',(3.021067319301,5.047289167455,0.));
#505 = CARTESIAN_POINT('',(3.082615678057,5.022922742767,0.));
#506 = CARTESIAN_POINT('',(3.11385118651,5.013384461021,0.));
#507 = CARTESIAN_POINT('',(3.14514017629,5.006478681524,0.));
#508 = CARTESIAN_POINT('',(3.176100062196,5.002083452734,0.));
#509 = CARTESIAN_POINT('',(3.206426037991,5.,0.));
#510 = CARTESIAN_POINT('',(3.235889190386,5.,0.));
#511 = ORIENTED_EDGE('',*,*,#512,.T.);
#512 = EDGE_CURVE('',#486,#513,#515,.T.);
#513 = VERTEX_POINT('',#514);
#514 = CARTESIAN_POINT('',(3.735888809614,5.,0.));
#515 = LINE('',#516,#517);
#516 = CARTESIAN_POINT('',(-15.,5.,0.));
#517 = VECTOR('',#518,1.);
#518 = DIRECTION('',(1.,0.,0.));
#519 = ORIENTED_EDGE('',*,*,#520,.F.);
#520 = EDGE_CURVE('',#521,#513,#523,.T.);
#521 = VERTEX_POINT('',#522);
#522 = CARTESIAN_POINT('',(4.235889,5.5,0.));
#523 = B_SPLINE_CURVE_WITH_KNOTS('',6,(#524,#525,#526,#527,#528,#529,
    #530,#531,#532,#533,#534,#535,#536,#537,#538,#539,#540,#541,#542,
    #543,#544,#545),.UNSPECIFIED.,.F.,.F.,(7,5,5,5,7),(0.,0.249997832202
    ,0.499999999973,0.750002167762,1.),.UNSPECIFIED.);
#524 = CARTESIAN_POINT('',(4.235889,5.5,0.));
#525 = CARTESIAN_POINT('',(4.235889,5.470536858824,0.));
#526 = CARTESIAN_POINT('',(4.233805546473,5.440210894576,0.));
#527 = CARTESIAN_POINT('',(4.229410316009,5.409251020459,0.));
#528 = CARTESIAN_POINT('',(4.222504533882,5.377962042593,0.));
#529 = CARTESIAN_POINT('',(4.212966248505,5.346726546033,0.));
#530 = CARTESIAN_POINT('',(4.188599814538,5.285178210711,0.));
#531 = CARTESIAN_POINT('',(4.173771489325,5.254865483014,0.));
#532 = CARTESIAN_POINT('',(4.156285431285,5.225421978489,0.));
#533 = CARTESIAN_POINT('',(4.136235730319,5.197283878051,0.));
#534 = CARTESIAN_POINT('',(4.113850030469,5.170854295751,0.));
#535 = CARTESIAN_POINT('',(4.06503463919,5.12203892306,0.));
#536 = CARTESIAN_POINT('',(4.038605046826,5.099653231734,0.));
#537 = CARTESIAN_POINT('',(4.010466935673,5.079603538402,0.));
#538 = CARTESIAN_POINT('',(3.981023419938,5.062117487021,0.));
#539 = CARTESIAN_POINT('',(3.950710680699,5.047289167455,0.));
#540 = CARTESIAN_POINT('',(3.889162321943,5.022922742767,0.));
#541 = CARTESIAN_POINT('',(3.85792681349,5.013384461021,0.));
#542 = CARTESIAN_POINT('',(3.826637823709,5.006478681524,0.));
#543 = CARTESIAN_POINT('',(3.795677937805,5.002083452734,0.));
#544 = CARTESIAN_POINT('',(3.765351962009,5.,0.));
#545 = CARTESIAN_POINT('',(3.735888809614,5.,0.));
#546 = ORIENTED_EDGE('',*,*,#547,.T.);
#547 = EDGE_CURVE('',#521,#548,#550,.T.);
#548 = VERTEX_POINT('',#549);
#549 = CARTESIAN_POINT('',(4.235889,5.850000190386,0.));
#550 = LINE('',#551,#552);
#551 = CARTESIAN_POINT('',(4.235889,-6.35,0.));
#552 = VECTOR('',#553,1.);
#553 = DIRECTION('',(0.,1.,0.));
#554 = ORIENTED_EDGE('',*,*,#555,.T.);
#555 = EDGE_CURVE('',#548,#556,#558,.T.);
#556 = VERTEX_POINT('',#557);
#557 = CARTESIAN_POINT('',(4.735888809614,6.35,0.));
#558 = B_SPLINE_CURVE_WITH_KNOTS('',6,(#559,#560,#561,#562,#563,#564,
    #565,#566,#567,#568,#569,#570,#571,#572,#573,#574,#575,#576,#577,
    #578,#579,#580),.UNSPECIFIED.,.F.,.F.,(7,5,5,5,7),(0.,0.249998176145
    ,0.500000000001,0.750001823856,1.),.UNSPECIFIED.);
#559 = CARTESIAN_POINT('',(4.235889,5.850000190386,0.));
#560 = CARTESIAN_POINT('',(4.235889,5.879463274664,0.));
#561 = CARTESIAN_POINT('',(4.237972443903,5.909789200204,0.));
#562 = CARTESIAN_POINT('',(4.242367659681,5.940749057762,0.));
#563 = CARTESIAN_POINT('',(4.24927342906,5.972038042979,0.));
#564 = CARTESIAN_POINT('',(4.258811710782,6.003273567414,0.));
#565 = CARTESIAN_POINT('',(4.28317813122,6.064821903455,0.));
#566 = CARTESIAN_POINT('',(4.298006431796,6.095134605956,0.));
#567 = CARTESIAN_POINT('',(4.31549246863,6.12457810048,0.));
#568 = CARTESIAN_POINT('',(4.335542154983,6.152716199906,0.));
#569 = CARTESIAN_POINT('',(4.357927844352,6.17914578326,0.));
#570 = CARTESIAN_POINT('',(4.40674321674,6.227961155648,0.));
#571 = CARTESIAN_POINT('',(4.433172800094,6.250346845017,0.));
#572 = CARTESIAN_POINT('',(4.46131089952,6.27039653137,0.));
#573 = CARTESIAN_POINT('',(4.490754394044,6.287882568204,0.));
#574 = CARTESIAN_POINT('',(4.521067096545,6.30271086878,0.));
#575 = CARTESIAN_POINT('',(4.582615432586,6.327077289218,0.));
#576 = CARTESIAN_POINT('',(4.613850957021,6.33661557094,0.));
#577 = CARTESIAN_POINT('',(4.645139942237,6.343521340319,0.));
#578 = CARTESIAN_POINT('',(4.676099799796,6.347916556097,0.));
#579 = CARTESIAN_POINT('',(4.706425725336,6.35,0.));
#580 = CARTESIAN_POINT('',(4.735888809614,6.35,0.));
#581 = ORIENTED_EDGE('',*,*,#582,.T.);
#582 = EDGE_CURVE('',#556,#583,#585,.T.);
#583 = VERTEX_POINT('',#584);
#584 = CARTESIAN_POINT('',(10.185889190386,6.35,0.));
#585 = LINE('',#586,#587);
#586 = CARTESIAN_POINT('',(4.235889,6.35,0.));
#587 = VECTOR('',#588,1.);
#588 = DIRECTION('',(1.,0.,0.));
#589 = ORIENTED_EDGE('',*,*,#590,.F.);
#590 = EDGE_CURVE('',#591,#583,#593,.T.);
#591 = VERTEX_POINT('',#592);
#592 = CARTESIAN_POINT('',(10.685889,5.850000190386,0.));
#593 = B_SPLINE_CURVE_WITH_KNOTS('',6,(#594,#595,#596,#597,#598,#599,
    #600,#601,#602,#603,#604,#605,#606,#607,#608,#609,#610,#611,#612,
    #613,#614,#615),.UNSPECIFIED.,.F.,.F.,(7,5,5,5,7),(0.,0.249998176145
    ,0.500000000001,0.750001823856,1.),.UNSPECIFIED.);
#594 = CARTESIAN_POINT('',(10.685889,5.850000190386,0.));
#595 = CARTESIAN_POINT('',(10.685889,5.879463274664,0.));
#596 = CARTESIAN_POINT('',(10.683805556097,5.909789200204,0.));
#597 = CARTESIAN_POINT('',(10.679410340319,5.940749057762,0.));
#598 = CARTESIAN_POINT('',(10.67250457094,5.972038042979,0.));
#599 = CARTESIAN_POINT('',(10.662966289218,6.003273567414,0.));
#600 = CARTESIAN_POINT('',(10.63859986878,6.064821903455,0.));
#601 = CARTESIAN_POINT('',(10.623771568204,6.095134605956,0.));
#602 = CARTESIAN_POINT('',(10.60628553137,6.12457810048,0.));
#603 = CARTESIAN_POINT('',(10.586235845017,6.152716199906,0.));
#604 = CARTESIAN_POINT('',(10.563850155648,6.17914578326,0.));
#605 = CARTESIAN_POINT('',(10.51503478326,6.227961155648,0.));
#606 = CARTESIAN_POINT('',(10.488605199906,6.250346845017,0.));
#607 = CARTESIAN_POINT('',(10.46046710048,6.27039653137,0.));
#608 = CARTESIAN_POINT('',(10.431023605956,6.287882568204,0.));
#609 = CARTESIAN_POINT('',(10.400710903455,6.30271086878,0.));
#610 = CARTESIAN_POINT('',(10.339162567414,6.327077289218,0.));
#611 = CARTESIAN_POINT('',(10.307927042979,6.33661557094,0.));
#612 = CARTESIAN_POINT('',(10.276638057762,6.343521340319,0.));
#613 = CARTESIAN_POINT('',(10.245678200204,6.347916556097,0.));
#614 = CARTESIAN_POINT('',(10.215352274664,6.35,0.));
#615 = CARTESIAN_POINT('',(10.185889190386,6.35,0.));
#616 = ORIENTED_EDGE('',*,*,#617,.T.);
#617 = EDGE_CURVE('',#591,#618,#620,.T.);
#618 = VERTEX_POINT('',#619);
#619 = CARTESIAN_POINT('',(10.685889,5.5,0.));
#620 = LINE('',#621,#622);
#621 = CARTESIAN_POINT('',(10.685889,6.35,0.));
#622 = VECTOR('',#623,1.);
#623 = DIRECTION('',(0.,-1.,0.));
#624 = ORIENTED_EDGE('',*,*,#625,.T.);
#625 = EDGE_CURVE('',#618,#626,#628,.T.);
#626 = VERTEX_POINT('',#627);
#627 = CARTESIAN_POINT('',(11.185889190386,5.,0.));
#628 = B_SPLINE_CURVE_WITH_KNOTS('',6,(#629,#630,#631,#632,#633,#634,
    #635,#636,#637,#638,#639,#640,#641,#642,#643,#644,#645,#646,#647,
    #648,#649,#650),.UNSPECIFIED.,.F.,.F.,(7,5,5,5,7),(0.,0.249997832202
    ,0.499999999973,0.750002167762,1.),.UNSPECIFIED.);
#629 = CARTESIAN_POINT('',(10.685889,5.5,0.));
#630 = CARTESIAN_POINT('',(10.685889,5.470536858824,0.));
#631 = CARTESIAN_POINT('',(10.687972453527,5.440210894576,0.));
#632 = CARTESIAN_POINT('',(10.692367683991,5.409251020459,0.));
#633 = CARTESIAN_POINT('',(10.699273466118,5.377962042593,0.));
#634 = CARTESIAN_POINT('',(10.708811751495,5.346726546033,0.));
#635 = CARTESIAN_POINT('',(10.733178185462,5.285178210711,0.));
#636 = CARTESIAN_POINT('',(10.748006510675,5.254865483014,0.));
#637 = CARTESIAN_POINT('',(10.765492568715,5.225421978489,0.));
#638 = CARTESIAN_POINT('',(10.785542269681,5.197283878051,0.));
#639 = CARTESIAN_POINT('',(10.807927969531,5.170854295751,0.));
#640 = CARTESIAN_POINT('',(10.85674336081,5.12203892306,0.));
#641 = CARTESIAN_POINT('',(10.883172953174,5.099653231734,0.));
#642 = CARTESIAN_POINT('',(10.911311064327,5.079603538402,0.));
#643 = CARTESIAN_POINT('',(10.940754580062,5.062117487021,0.));
#644 = CARTESIAN_POINT('',(10.971067319301,5.047289167455,0.));
#645 = CARTESIAN_POINT('',(11.032615678057,5.022922742767,0.));
#646 = CARTESIAN_POINT('',(11.06385118651,5.013384461021,0.));
#647 = CARTESIAN_POINT('',(11.095140176291,5.006478681524,0.));
#648 = CARTESIAN_POINT('',(11.126100062196,5.002083452734,0.));
#649 = CARTESIAN_POINT('',(11.156426037991,5.,0.));
#650 = CARTESIAN_POINT('',(11.185889190386,5.,0.));
#651 = ORIENTED_EDGE('',*,*,#652,.T.);
#652 = EDGE_CURVE('',#626,#653,#655,.T.);
#653 = VERTEX_POINT('',#654);
#654 = CARTESIAN_POINT('',(11.685888809614,5.,0.));
#655 = LINE('',#656,#657);
#656 = CARTESIAN_POINT('',(-15.,5.,0.));
#657 = VECTOR('',#658,1.);
#658 = DIRECTION('',(1.,0.,0.));
#659 = ORIENTED_EDGE('',*,*,#660,.F.);
#660 = EDGE_CURVE('',#661,#653,#663,.T.);
#661 = VERTEX_POINT('',#662);
#662 = CARTESIAN_POINT('',(12.185889,5.5,0.));
#663 = B_SPLINE_CURVE_WITH_KNOTS('',6,(#664,#665,#666,#667,#668,#669,
    #670,#671,#672,#673,#674,#675,#676,#677,#678,#679,#680,#681,#682,
    #683,#684,#685),.UNSPECIFIED.,.F.,.F.,(7,5,5,5,7),(0.,0.249997832202
    ,0.499999999973,0.750002167762,1.),.UNSPECIFIED.);
#664 = CARTESIAN_POINT('',(12.185889,5.5,0.));
#665 = CARTESIAN_POINT('',(12.185889,5.470536858824,0.));
#666 = CARTESIAN_POINT('',(12.183805546473,5.440210894576,0.));
#667 = CARTESIAN_POINT('',(12.179410316009,5.409251020459,0.));
#668 = CARTESIAN_POINT('',(12.172504533882,5.377962042593,0.));
#669 = CARTESIAN_POINT('',(12.162966248505,5.346726546033,0.));
#670 = CARTESIAN_POINT('',(12.138599814538,5.285178210711,0.));
#671 = CARTESIAN_POINT('',(12.123771489325,5.254865483014,0.));
#672 = CARTESIAN_POINT('',(12.106285431285,5.225421978489,0.));
#673 = CARTESIAN_POINT('',(12.086235730319,5.197283878051,0.));
#674 = CARTESIAN_POINT('',(12.063850030469,5.170854295751,0.));
#675 = CARTESIAN_POINT('',(12.01503463919,5.12203892306,0.));
#676 = CARTESIAN_POINT('',(11.988605046826,5.099653231734,0.));
#677 = CARTESIAN_POINT('',(11.960466935673,5.079603538402,0.));
#678 = CARTESIAN_POINT('',(11.931023419938,5.062117487021,0.));
#679 = CARTESIAN_POINT('',(11.900710680699,5.047289167455,0.));
#680 = CARTESIAN_POINT('',(11.839162321943,5.022922742767,0.));
#681 = CARTESIAN_POINT('',(11.80792681349,5.013384461021,0.));
#682 = CARTESIAN_POINT('',(11.776637823709,5.006478681524,0.));
#683 = CARTESIAN_POINT('',(11.745677937804,5.002083452734,0.));
#684 = CARTESIAN_POINT('',(11.715351962009,5.,0.));
#685 = CARTESIAN_POINT('',(11.685888809614,5.,0.));
#686 = ORIENTED_EDGE('',*,*,#687,.T.);
#687 = EDGE_CURVE('',#661,#688,#690,.T.);
#688 = VERTEX_POINT('',#689);
#689 = CARTESIAN_POINT('',(12.185889,5.850000190386,0.));
#690 = LINE('',#691,#692);
#691 = CARTESIAN_POINT('',(12.185889,-6.35,0.));
#692 = VECTOR('',#693,1.);
#693 = DIRECTION('',(0.,1.,0.));
#694 = ORIENTED_EDGE('',*,*,#695,.T.);
#695 = EDGE_CURVE('',#688,#696,#698,.T.);
#696 = VERTEX_POINT('',#697);
#697 = CARTESIAN_POINT('',(12.685888809614,6.35,0.));
#698 = B_SPLINE_CURVE_WITH_KNOTS('',6,(#699,#700,#701,#702,#703,#704,
    #705,#706,#707,#708,#709,#710,#711,#712,#713,#714,#715,#716,#717,
    #718,#719,#720),.UNSPECIFIED.,.F.,.F.,(7,5,5,5,7),(0.,0.249998176145
    ,0.5,0.750001823855,1.),.UNSPECIFIED.);
#699 = CARTESIAN_POINT('',(12.185889,5.850000190386,0.));
#700 = CARTESIAN_POINT('',(12.185889,5.879463274664,0.));
#701 = CARTESIAN_POINT('',(12.187972443904,5.909789200204,0.));
#702 = CARTESIAN_POINT('',(12.192367659681,5.940749057762,0.));
#703 = CARTESIAN_POINT('',(12.19927342906,5.972038042979,0.));
#704 = CARTESIAN_POINT('',(12.208811710782,6.003273567414,0.));
#705 = CARTESIAN_POINT('',(12.23317813122,6.064821903455,0.));
#706 = CARTESIAN_POINT('',(12.248006431796,6.095134605956,0.));
#707 = CARTESIAN_POINT('',(12.26549246863,6.12457810048,0.));
#708 = CARTESIAN_POINT('',(12.285542154983,6.152716199906,0.));
#709 = CARTESIAN_POINT('',(12.307927844352,6.17914578326,0.));
#710 = CARTESIAN_POINT('',(12.35674321674,6.227961155648,0.));
#711 = CARTESIAN_POINT('',(12.383172800094,6.250346845017,0.));
#712 = CARTESIAN_POINT('',(12.41131089952,6.27039653137,0.));
#713 = CARTESIAN_POINT('',(12.440754394044,6.287882568204,0.));
#714 = CARTESIAN_POINT('',(12.471067096545,6.30271086878,0.));
#715 = CARTESIAN_POINT('',(12.532615432586,6.327077289218,0.));
#716 = CARTESIAN_POINT('',(12.563850957021,6.33661557094,0.));
#717 = CARTESIAN_POINT('',(12.595139942238,6.343521340319,0.));
#718 = CARTESIAN_POINT('',(12.626099799796,6.347916556097,0.));
#719 = CARTESIAN_POINT('',(12.656425725336,6.35,0.));
#720 = CARTESIAN_POINT('',(12.685888809614,6.35,0.));
#721 = ORIENTED_EDGE('',*,*,#722,.T.);
#722 = EDGE_CURVE('',#696,#723,#725,.T.);
#723 = VERTEX_POINT('',#724);
#724 = CARTESIAN_POINT('',(18.135889190386,6.35,0.));
#725 = LINE('',#726,#727);
#726 = CARTESIAN_POINT('',(12.185889,6.35,0.));
#727 = VECTOR('',#728,1.);
#728 = DIRECTION('',(1.,0.,0.));
#729 = ORIENTED_EDGE('',*,*,#730,.F.);
#730 = EDGE_CURVE('',#731,#723,#733,.T.);
#731 = VERTEX_POINT('',#732);
#732 = CARTESIAN_POINT('',(18.635889,5.850000190386,0.));
#733 = B_SPLINE_CURVE_WITH_KNOTS('',6,(#734,#735,#736,#737,#738,#739,
    #740,#741,#742,#743,#744,#745,#746,#747,#748,#749,#750,#751,#752,
    #753,#754,#755),.UNSPECIFIED.,.F.,.F.,(7,5,5,5,7),(0.,0.249998176145
    ,0.500000000001,0.750001823856,1.),.UNSPECIFIED.);
#734 = CARTESIAN_POINT('',(18.635889,5.850000190386,0.));
#735 = CARTESIAN_POINT('',(18.635889,5.879463274664,0.));
#736 = CARTESIAN_POINT('',(18.633805556097,5.909789200204,0.));
#737 = CARTESIAN_POINT('',(18.629410340319,5.940749057762,0.));
#738 = CARTESIAN_POINT('',(18.62250457094,5.972038042979,0.));
#739 = CARTESIAN_POINT('',(18.612966289218,6.003273567414,0.));
#740 = CARTESIAN_POINT('',(18.58859986878,6.064821903455,0.));
#741 = CARTESIAN_POINT('',(18.573771568204,6.095134605956,0.));
#742 = CARTESIAN_POINT('',(18.55628553137,6.12457810048,0.));
#743 = CARTESIAN_POINT('',(18.536235845017,6.152716199906,0.));
#744 = CARTESIAN_POINT('',(18.513850155648,6.17914578326,0.));
#745 = CARTESIAN_POINT('',(18.46503478326,6.227961155648,0.));
#746 = CARTESIAN_POINT('',(18.438605199906,6.250346845017,0.));
#747 = CARTESIAN_POINT('',(18.41046710048,6.27039653137,0.));
#748 = CARTESIAN_POINT('',(18.381023605956,6.287882568204,0.));
#749 = CARTESIAN_POINT('',(18.350710903455,6.30271086878,0.));
#750 = CARTESIAN_POINT('',(18.289162567414,6.327077289218,0.));
#751 = CARTESIAN_POINT('',(18.257927042979,6.33661557094,0.));
#752 = CARTESIAN_POINT('',(18.226638057762,6.343521340319,0.));
#753 = CARTESIAN_POINT('',(18.195678200204,6.347916556097,0.));
#754 = CARTESIAN_POINT('',(18.165352274664,6.35,0.));
#755 = CARTESIAN_POINT('',(18.135889190386,6.35,0.));
#756 = ORIENTED_EDGE('',*,*,#757,.T.);
#757 = EDGE_CURVE('',#731,#758,#760,.T.);
#758 = VERTEX_POINT('',#759);
#759 = CARTESIAN_POINT('',(18.635889,-5.850000190386,0.));
#760 = LINE('',#761,#762);
#761 = CARTESIAN_POINT('',(18.635889,6.35,0.));
#762 = VECTOR('',#763,1.);
#763 = DIRECTION('',(0.,-1.,0.));
#764 = ORIENTED_EDGE('',*,*,#765,.F.);
#765 = EDGE_CURVE('',#766,#758,#768,.T.);
#766 = VERTEX_POINT('',#767);
#767 = CARTESIAN_POINT('',(18.135889190386,-6.35,0.));
#768 = B_SPLINE_CURVE_WITH_KNOTS('',6,(#769,#770,#771,#772,#773,#774,
    #775,#776,#777,#778,#779,#780,#781,#782,#783,#784,#785,#786,#787,
    #788,#789,#790),.UNSPECIFIED.,.F.,.F.,(7,5,5,5,7),(0.,0.249998176145
    ,0.5,0.750001823855,1.),.UNSPECIFIED.);
#769 = CARTESIAN_POINT('',(18.135889190386,-6.35,0.));
#770 = CARTESIAN_POINT('',(18.165352274664,-6.35,0.));
#771 = CARTESIAN_POINT('',(18.195678200204,-6.347916556097,0.));
#772 = CARTESIAN_POINT('',(18.226638057762,-6.343521340319,0.));
#773 = CARTESIAN_POINT('',(18.257927042979,-6.33661557094,0.));
#774 = CARTESIAN_POINT('',(18.289162567414,-6.327077289218,0.));
#775 = CARTESIAN_POINT('',(18.350710903455,-6.30271086878,0.));
#776 = CARTESIAN_POINT('',(18.381023605956,-6.287882568204,0.));
#777 = CARTESIAN_POINT('',(18.41046710048,-6.27039653137,0.));
#778 = CARTESIAN_POINT('',(18.438605199906,-6.250346845017,0.));
#779 = CARTESIAN_POINT('',(18.46503478326,-6.227961155648,0.));
#780 = CARTESIAN_POINT('',(18.513850155648,-6.17914578326,0.));
#781 = CARTESIAN_POINT('',(18.536235845017,-6.152716199906,0.));
#782 = CARTESIAN_POINT('',(18.55628553137,-6.12457810048,0.));
#783 = CARTESIAN_POINT('',(18.573771568204,-6.095134605956,0.));
#784 = CARTESIAN_POINT('',(18.58859986878,-6.064821903455,0.));
#785 = CARTESIAN_POINT('',(18.612966289218,-6.003273567414,0.));
#786 = CARTESIAN_POINT('',(18.62250457094,-5.972038042979,0.));
#787 = CARTESIAN_POINT('',(18.629410340319,-5.940749057762,0.));
#788 = CARTESIAN_POINT('',(18.633805556097,-5.909789200204,0.));
#789 = CARTESIAN_POINT('',(18.635889,-5.879463274664,0.));
#790 = CARTESIAN_POINT('',(18.635889,-5.850000190386,0.));
#791 = ORIENTED_EDGE('',*,*,#792,.T.);
#792 = EDGE_CURVE('',#766,#793,#795,.T.);
#793 = VERTEX_POINT('',#794);
#794 = CARTESIAN_POINT('',(12.685888809614,-6.35,0.));
#795 = LINE('',#796,#797);
#796 = CARTESIAN_POINT('',(18.635889,-6.35,0.));
#797 = VECTOR('',#798,1.);
#798 = DIRECTION('',(-1.,0.,0.));
#799 = ORIENTED_EDGE('',*,*,#800,.F.);
#800 = EDGE_CURVE('',#801,#793,#803,.T.);
#801 = VERTEX_POINT('',#802);
#802 = CARTESIAN_POINT('',(12.185889,-5.850000190386,0.));
#803 = B_SPLINE_CURVE_WITH_KNOTS('',6,(#804,#805,#806,#807,#808,#809,
    #810,#811,#812,#813,#814,#815,#816,#817,#818,#819,#820,#821,#822,
    #823,#824,#825),.UNSPECIFIED.,.F.,.F.,(7,5,5,5,7),(0.,0.249998176145
    ,0.5,0.750001823856,1.),.UNSPECIFIED.);
#804 = CARTESIAN_POINT('',(12.185889,-5.850000190386,0.));
#805 = CARTESIAN_POINT('',(12.185889,-5.879463274664,0.));
#806 = CARTESIAN_POINT('',(12.187972443904,-5.909789200204,0.));
#807 = CARTESIAN_POINT('',(12.192367659681,-5.940749057762,0.));
#808 = CARTESIAN_POINT('',(12.19927342906,-5.972038042979,0.));
#809 = CARTESIAN_POINT('',(12.208811710782,-6.003273567414,0.));
#810 = CARTESIAN_POINT('',(12.23317813122,-6.064821903455,0.));
#811 = CARTESIAN_POINT('',(12.248006431796,-6.095134605956,0.));
#812 = CARTESIAN_POINT('',(12.26549246863,-6.12457810048,0.));
#813 = CARTESIAN_POINT('',(12.285542154983,-6.152716199906,0.));
#814 = CARTESIAN_POINT('',(12.307927844352,-6.17914578326,0.));
#815 = CARTESIAN_POINT('',(12.35674321674,-6.227961155648,0.));
#816 = CARTESIAN_POINT('',(12.383172800094,-6.250346845017,0.));
#817 = CARTESIAN_POINT('',(12.41131089952,-6.27039653137,0.));
#818 = CARTESIAN_POINT('',(12.440754394044,-6.287882568204,0.));
#819 = CARTESIAN_POINT('',(12.471067096545,-6.30271086878,0.));
#820 = CARTESIAN_POINT('',(12.532615432586,-6.327077289218,0.));
#821 = CARTESIAN_POINT('',(12.563850957021,-6.33661557094,0.));
#822 = CARTESIAN_POINT('',(12.595139942238,-6.343521340319,0.));
#823 = CARTESIAN_POINT('',(12.626099799796,-6.347916556097,0.));
#824 = CARTESIAN_POINT('',(12.656425725336,-6.35,0.));
#825 = CARTESIAN_POINT('',(12.685888809614,-6.35,0.));
#826 = ORIENTED_EDGE('',*,*,#827,.T.);
#827 = EDGE_CURVE('',#801,#828,#830,.T.);
#828 = VERTEX_POINT('',#829);
#829 = CARTESIAN_POINT('',(12.185889,-5.5,0.));
#830 = LINE('',#831,#832);
#831 = CARTESIAN_POINT('',(12.185889,-6.35,0.));
#832 = VECTOR('',#833,1.);
#833 = DIRECTION('',(0.,1.,0.));
#834 = ORIENTED_EDGE('',*,*,#835,.F.);
#835 = EDGE_CURVE('',#836,#828,#838,.T.);
#836 = VERTEX_POINT('',#837);
#837 = CARTESIAN_POINT('',(11.685888809614,-5.,0.));
#838 = B_SPLINE_CURVE_WITH_KNOTS('',6,(#839,#840,#841,#842,#843,#844,
    #845,#846,#847,#848,#849,#850,#851,#852,#853,#854,#855,#856,#857,
    #858,#859,#860),.UNSPECIFIED.,.F.,.F.,(7,5,5,5,7),(0.,0.249997832237
    ,0.500000000025,0.750002167797,1.),.UNSPECIFIED.);
#839 = CARTESIAN_POINT('',(11.685888809614,-5.,0.));
#840 = CARTESIAN_POINT('',(11.715351962009,-5.,0.));
#841 = CARTESIAN_POINT('',(11.745677937804,-5.002083452734,0.));
#842 = CARTESIAN_POINT('',(11.77663782371,-5.006478681524,0.));
#843 = CARTESIAN_POINT('',(11.807926813489,-5.013384461021,0.));
#844 = CARTESIAN_POINT('',(11.839162321943,-5.022922742767,0.));
#845 = CARTESIAN_POINT('',(11.900710680699,-5.047289167455,0.));
#846 = CARTESIAN_POINT('',(11.931023419938,-5.062117487021,0.));
#847 = CARTESIAN_POINT('',(11.960466935673,-5.079603538402,0.));
#848 = CARTESIAN_POINT('',(11.988605046826,-5.099653231734,0.));
#849 = CARTESIAN_POINT('',(12.01503463919,-5.12203892306,0.));
#850 = CARTESIAN_POINT('',(12.063850030469,-5.170854295752,0.));
#851 = CARTESIAN_POINT('',(12.086235730319,-5.197283878051,0.));
#852 = CARTESIAN_POINT('',(12.106285431285,-5.225421978489,0.));
#853 = CARTESIAN_POINT('',(12.123771489325,-5.254865483014,0.));
#854 = CARTESIAN_POINT('',(12.138599814538,-5.285178210711,0.));
#855 = CARTESIAN_POINT('',(12.162966248505,-5.346726546033,0.));
#856 = CARTESIAN_POINT('',(12.172504533882,-5.377962042593,0.));
#857 = CARTESIAN_POINT('',(12.179410316009,-5.409251020459,0.));
#858 = CARTESIAN_POINT('',(12.183805546473,-5.440210894576,0.));
#859 = CARTESIAN_POINT('',(12.185889,-5.470536858824,0.));
#860 = CARTESIAN_POINT('',(12.185889,-5.5,0.));
#861 = ORIENTED_EDGE('',*,*,#862,.T.);
#862 = EDGE_CURVE('',#836,#863,#865,.T.);
#863 = VERTEX_POINT('',#864);
#864 = CARTESIAN_POINT('',(11.185889190386,-5.,0.));
#865 = LINE('',#866,#867);
#866 = CARTESIAN_POINT('',(15.,-5.,0.));
#867 = VECTOR('',#868,1.);
#868 = DIRECTION('',(-1.,0.,0.));
#869 = ORIENTED_EDGE('',*,*,#870,.F.);
#870 = EDGE_CURVE('',#871,#863,#873,.T.);
#871 = VERTEX_POINT('',#872);
#872 = CARTESIAN_POINT('',(10.685889,-5.5,0.));
#873 = B_SPLINE_CURVE_WITH_KNOTS('',6,(#874,#875,#876,#877,#878,#879,
    #880,#881,#882,#883,#884,#885,#886,#887,#888,#889,#890,#891,#892,
    #893,#894,#895),.UNSPECIFIED.,.F.,.F.,(7,5,5,5,7),(0.,0.249997832203
    ,0.499999999974,0.750002167763,1.),.UNSPECIFIED.);
#874 = CARTESIAN_POINT('',(10.685889,-5.5,0.));
#875 = CARTESIAN_POINT('',(10.685889,-5.470536858824,0.));
#876 = CARTESIAN_POINT('',(10.687972453527,-5.440210894576,0.));
#877 = CARTESIAN_POINT('',(10.692367683991,-5.409251020459,0.));
#878 = CARTESIAN_POINT('',(10.699273466118,-5.377962042593,0.));
#879 = CARTESIAN_POINT('',(10.708811751495,-5.346726546033,0.));
#880 = CARTESIAN_POINT('',(10.733178185462,-5.285178210711,0.));
#881 = CARTESIAN_POINT('',(10.748006510675,-5.254865483014,0.));
#882 = CARTESIAN_POINT('',(10.765492568715,-5.225421978489,0.));
#883 = CARTESIAN_POINT('',(10.785542269681,-5.197283878051,0.));
#884 = CARTESIAN_POINT('',(10.807927969531,-5.170854295751,0.));
#885 = CARTESIAN_POINT('',(10.85674336081,-5.12203892306,0.));
#886 = CARTESIAN_POINT('',(10.883172953174,-5.099653231734,0.));
#887 = CARTESIAN_POINT('',(10.911311064327,-5.079603538402,0.));
#888 = CARTESIAN_POINT('',(10.940754580063,-5.062117487021,0.));
#889 = CARTESIAN_POINT('',(10.971067319301,-5.047289167455,0.));
#890 = CARTESIAN_POINT('',(11.032615678057,-5.022922742767,0.));
#891 = CARTESIAN_POINT('',(11.06385118651,-5.013384461021,0.));
#892 = CARTESIAN_POINT('',(11.095140176291,-5.006478681524,0.));
#893 = CARTESIAN_POINT('',(11.126100062195,-5.002083452734,0.));
#894 = CARTESIAN_POINT('',(11.156426037991,-5.,0.));
#895 = CARTESIAN_POINT('',(11.185889190386,-5.,0.));
#896 = ORIENTED_EDGE('',*,*,#897,.T.);
#897 = EDGE_CURVE('',#871,#898,#900,.T.);
#898 = VERTEX_POINT('',#899);
#899 = CARTESIAN_POINT('',(10.685889,-5.850000190386,0.));
#900 = LINE('',#901,#902);
#901 = CARTESIAN_POINT('',(10.685889,6.35,0.));
#902 = VECTOR('',#903,1.);
#903 = DIRECTION('',(0.,-1.,0.));
#904 = ORIENTED_EDGE('',*,*,#905,.F.);
#905 = EDGE_CURVE('',#906,#898,#908,.T.);
#906 = VERTEX_POINT('',#907);
#907 = CARTESIAN_POINT('',(10.185889190386,-6.35,0.));
#908 = B_SPLINE_CURVE_WITH_KNOTS('',6,(#909,#910,#911,#912,#913,#914,
    #915,#916,#917,#918,#919,#920,#921,#922,#923,#924,#925,#926,#927,
    #928,#929,#930),.UNSPECIFIED.,.F.,.F.,(7,5,5,5,7),(0.,0.249998176145
    ,0.500000000001,0.750001823856,1.),.UNSPECIFIED.);
#909 = CARTESIAN_POINT('',(10.185889190386,-6.35,0.));
#910 = CARTESIAN_POINT('',(10.215352274664,-6.35,0.));
#911 = CARTESIAN_POINT('',(10.245678200204,-6.347916556097,0.));
#912 = CARTESIAN_POINT('',(10.276638057762,-6.343521340319,0.));
#913 = CARTESIAN_POINT('',(10.307927042979,-6.33661557094,0.));
#914 = CARTESIAN_POINT('',(10.339162567414,-6.327077289218,0.));
#915 = CARTESIAN_POINT('',(10.400710903455,-6.30271086878,0.));
#916 = CARTESIAN_POINT('',(10.431023605956,-6.287882568204,0.));
#917 = CARTESIAN_POINT('',(10.46046710048,-6.27039653137,0.));
#918 = CARTESIAN_POINT('',(10.488605199906,-6.250346845017,0.));
#919 = CARTESIAN_POINT('',(10.51503478326,-6.227961155648,0.));
#920 = CARTESIAN_POINT('',(10.563850155648,-6.17914578326,0.));
#921 = CARTESIAN_POINT('',(10.586235845017,-6.152716199906,0.));
#922 = CARTESIAN_POINT('',(10.60628553137,-6.12457810048,0.));
#923 = CARTESIAN_POINT('',(10.623771568204,-6.095134605956,0.));
#924 = CARTESIAN_POINT('',(10.63859986878,-6.064821903455,0.));
#925 = CARTESIAN_POINT('',(10.662966289218,-6.003273567414,0.));
#926 = CARTESIAN_POINT('',(10.67250457094,-5.972038042979,0.));
#927 = CARTESIAN_POINT('',(10.679410340319,-5.940749057762,0.));
#928 = CARTESIAN_POINT('',(10.683805556097,-5.909789200204,0.));
#929 = CARTESIAN_POINT('',(10.685889,-5.879463274664,0.));
#930 = CARTESIAN_POINT('',(10.685889,-5.850000190386,0.));
#931 = ORIENTED_EDGE('',*,*,#932,.T.);
#932 = EDGE_CURVE('',#906,#933,#935,.T.);
#933 = VERTEX_POINT('',#934);
#934 = CARTESIAN_POINT('',(4.735888809614,-6.35,0.));
#935 = LINE('',#936,#937);
#936 = CARTESIAN_POINT('',(10.685889,-6.35,0.));
#937 = VECTOR('',#938,1.);
#938 = DIRECTION('',(-1.,0.,0.));
#939 = ORIENTED_EDGE('',*,*,#940,.F.);
#940 = EDGE_CURVE('',#941,#933,#943,.T.);
#941 = VERTEX_POINT('',#942);
#942 = CARTESIAN_POINT('',(4.235889,-5.850000190386,0.));
#943 = B_SPLINE_CURVE_WITH_KNOTS('',6,(#944,#945,#946,#947,#948,#949,
    #950,#951,#952,#953,#954,#955,#956,#957,#958,#959,#960,#961,#962,
    #963,#964,#965),.UNSPECIFIED.,.F.,.F.,(7,5,5,5,7),(0.,0.249998176145
    ,0.500000000001,0.750001823856,1.),.UNSPECIFIED.);
#944 = CARTESIAN_POINT('',(4.235889,-5.850000190386,0.));
#945 = CARTESIAN_POINT('',(4.235889,-5.879463274664,0.));
#946 = CARTESIAN_POINT('',(4.237972443903,-5.909789200204,0.));
#947 = CARTESIAN_POINT('',(4.242367659681,-5.940749057762,0.));
#948 = CARTESIAN_POINT('',(4.24927342906,-5.972038042979,0.));
#949 = CARTESIAN_POINT('',(4.258811710782,-6.003273567414,0.));
#950 = CARTESIAN_POINT('',(4.28317813122,-6.064821903455,0.));
#951 = CARTESIAN_POINT('',(4.298006431796,-6.095134605956,0.));
#952 = CARTESIAN_POINT('',(4.31549246863,-6.12457810048,0.));
#953 = CARTESIAN_POINT('',(4.335542154983,-6.152716199906,0.));
#954 = CARTESIAN_POINT('',(4.357927844352,-6.17914578326,0.));
#955 = CARTESIAN_POINT('',(4.40674321674,-6.227961155648,0.));
#956 = CARTESIAN_POINT('',(4.433172800094,-6.250346845017,0.));
#957 = CARTESIAN_POINT('',(4.46131089952,-6.27039653137,0.));
#958 = CARTESIAN_POINT('',(4.490754394044,-6.287882568204,0.));
#959 = CARTESIAN_POINT('',(4.521067096545,-6.30271086878,0.));
#960 = CARTESIAN_POINT('',(4.582615432586,-6.327077289218,0.));
#961 = CARTESIAN_POINT('',(4.613850957021,-6.33661557094,0.));
#962 = CARTESIAN_POINT('',(4.645139942238,-6.343521340319,0.));
#963 = CARTESIAN_POINT('',(4.676099799796,-6.347916556097,0.));
#964 = CARTESIAN_POINT('',(4.706425725336,-6.35,0.));
#965 = CARTESIAN_POINT('',(4.735888809614,-6.35,0.));
#966 = ORIENTED_EDGE('',*,*,#967,.T.);
#967 = EDGE_CURVE('',#941,#968,#970,.T.);
#968 = VERTEX_POINT('',#969);
#969 = CARTESIAN_POINT('',(4.235889,-5.5,0.));
#970 = LINE('',#971,#972);
#971 = CARTESIAN_POINT('',(4.235889,-6.35,0.));
#972 = VECTOR('',#973,1.);
#973 = DIRECTION('',(0.,1.,0.));
#974 = ORIENTED_EDGE('',*,*,#975,.F.);
#975 = EDGE_CURVE('',#976,#968,#978,.T.);
#976 = VERTEX_POINT('',#977);
#977 = CARTESIAN_POINT('',(3.735888809614,-5.,0.));
#978 = B_SPLINE_CURVE_WITH_KNOTS('',6,(#979,#980,#981,#982,#983,#984,
    #985,#986,#987,#988,#989,#990,#991,#992,#993,#994,#995,#996,#997,
    #998,#999,#1000),.UNSPECIFIED.,.F.,.F.,(7,5,5,5,7),(0.,
    0.249997832237,0.500000000026,0.750002167797,1.),.UNSPECIFIED.);
#979 = CARTESIAN_POINT('',(3.735888809614,-5.,0.));
#980 = CARTESIAN_POINT('',(3.765351962009,-5.,0.));
#981 = CARTESIAN_POINT('',(3.795677937804,-5.002083452734,0.));
#982 = CARTESIAN_POINT('',(3.82663782371,-5.006478681524,0.));
#983 = CARTESIAN_POINT('',(3.857926813489,-5.013384461021,0.));
#984 = CARTESIAN_POINT('',(3.889162321943,-5.022922742767,0.));
#985 = CARTESIAN_POINT('',(3.950710680699,-5.047289167455,0.));
#986 = CARTESIAN_POINT('',(3.981023419938,-5.062117487021,0.));
#987 = CARTESIAN_POINT('',(4.010466935673,-5.079603538402,0.));
#988 = CARTESIAN_POINT('',(4.038605046826,-5.099653231734,0.));
#989 = CARTESIAN_POINT('',(4.06503463919,-5.12203892306,0.));
#990 = CARTESIAN_POINT('',(4.113850030469,-5.170854295752,0.));
#991 = CARTESIAN_POINT('',(4.136235730319,-5.197283878051,0.));
#992 = CARTESIAN_POINT('',(4.156285431285,-5.225421978489,0.));
#993 = CARTESIAN_POINT('',(4.173771489325,-5.254865483014,0.));
#994 = CARTESIAN_POINT('',(4.188599814538,-5.285178210711,0.));
#995 = CARTESIAN_POINT('',(4.212966248505,-5.346726546033,0.));
#996 = CARTESIAN_POINT('',(4.222504533882,-5.377962042593,0.));
#997 = CARTESIAN_POINT('',(4.229410316009,-5.409251020459,0.));
#998 = CARTESIAN_POINT('',(4.233805546473,-5.440210894576,0.));
#999 = CARTESIAN_POINT('',(4.235889,-5.470536858824,0.));
#1000 = CARTESIAN_POINT('',(4.235889,-5.5,0.));
#1001 = ORIENTED_EDGE('',*,*,#1002,.T.);
#1002 = EDGE_CURVE('',#976,#1003,#1005,.T.);
#1003 = VERTEX_POINT('',#1004);
#1004 = CARTESIAN_POINT('',(3.235889190386,-5.,0.));
#1005 = LINE('',#1006,#1007);
#1006 = CARTESIAN_POINT('',(15.,-5.,0.));
#1007 = VECTOR('',#1008,1.);
#1008 = DIRECTION('',(-1.,0.,0.));
#1009 = ORIENTED_EDGE('',*,*,#1010,.F.);
#1010 = EDGE_CURVE('',#1011,#1003,#1013,.T.);
#1011 = VERTEX_POINT('',#1012);
#1012 = CARTESIAN_POINT('',(2.735889,-5.5,0.));
#1013 = B_SPLINE_CURVE_WITH_KNOTS('',6,(#1014,#1015,#1016,#1017,#1018,
    #1019,#1020,#1021,#1022,#1023,#1024,#1025,#1026,#1027,#1028,#1029,
    #1030,#1031,#1032,#1033,#1034,#1035),.UNSPECIFIED.,.F.,.F.,(7,5,5,5,
    7),(0.,0.249997832202,0.499999999973,0.750002167762,1.),
  .UNSPECIFIED.);
#1014 = CARTESIAN_POINT('',(2.735889,-5.5,0.));
#1015 = CARTESIAN_POINT('',(2.735889,-5.470536858824,0.));
#1016 = CARTESIAN_POINT('',(2.737972453527,-5.440210894576,0.));
#1017 = CARTESIAN_POINT('',(2.742367683991,-5.409251020459,0.));
#1018 = CARTESIAN_POINT('',(2.749273466118,-5.377962042593,0.));
#1019 = CARTESIAN_POINT('',(2.758811751495,-5.346726546033,0.));
#1020 = CARTESIAN_POINT('',(2.783178185462,-5.285178210711,0.));
#1021 = CARTESIAN_POINT('',(2.798006510675,-5.254865483014,0.));
#1022 = CARTESIAN_POINT('',(2.815492568715,-5.225421978489,0.));
#1023 = CARTESIAN_POINT('',(2.835542269681,-5.197283878051,0.));
#1024 = CARTESIAN_POINT('',(2.857927969531,-5.170854295751,0.));
#1025 = CARTESIAN_POINT('',(2.90674336081,-5.12203892306,0.));
#1026 = CARTESIAN_POINT('',(2.933172953174,-5.099653231734,0.));
#1027 = CARTESIAN_POINT('',(2.961311064327,-5.079603538402,0.));
#1028 = CARTESIAN_POINT('',(2.990754580062,-5.062117487021,0.));
#1029 = CARTESIAN_POINT('',(3.021067319301,-5.047289167455,0.));
#1030 = CARTESIAN_POINT('',(3.082615678057,-5.022922742767,0.));
#1031 = CARTESIAN_POINT('',(3.11385118651,-5.013384461021,0.));
#1032 = CARTESIAN_POINT('',(3.145140176291,-5.006478681524,0.));
#1033 = CARTESIAN_POINT('',(3.176100062195,-5.002083452734,0.));
#1034 = CARTESIAN_POINT('',(3.206426037991,-5.,0.));
#1035 = CARTESIAN_POINT('',(3.235889190386,-5.,0.));
#1036 = ORIENTED_EDGE('',*,*,#1037,.T.);
#1037 = EDGE_CURVE('',#1011,#1038,#1040,.T.);
#1038 = VERTEX_POINT('',#1039);
#1039 = CARTESIAN_POINT('',(2.735889,-5.850000190386,0.));
#1040 = LINE('',#1041,#1042);
#1041 = CARTESIAN_POINT('',(2.735889,6.35,0.));
#1042 = VECTOR('',#1043,1.);
#1043 = DIRECTION('',(0.,-1.,0.));
#1044 = ORIENTED_EDGE('',*,*,#1045,.F.);
#1045 = EDGE_CURVE('',#1046,#1038,#1048,.T.);
#1046 = VERTEX_POINT('',#1047);
#1047 = CARTESIAN_POINT('',(2.235889190386,-6.35,0.));
#1048 = B_SPLINE_CURVE_WITH_KNOTS('',6,(#1049,#1050,#1051,#1052,#1053,
    #1054,#1055,#1056,#1057,#1058,#1059,#1060,#1061,#1062,#1063,#1064,
    #1065,#1066,#1067,#1068,#1069,#1070),.UNSPECIFIED.,.F.,.F.,(7,5,5,5,
    7),(0.,0.249998176145,0.5,0.750001823856,1.),.UNSPECIFIED.);
#1049 = CARTESIAN_POINT('',(2.235889190386,-6.35,0.));
#1050 = CARTESIAN_POINT('',(2.265352274664,-6.35,0.));
#1051 = CARTESIAN_POINT('',(2.295678200204,-6.347916556097,0.));
#1052 = CARTESIAN_POINT('',(2.326638057762,-6.343521340319,0.));
#1053 = CARTESIAN_POINT('',(2.357927042979,-6.33661557094,0.));
#1054 = CARTESIAN_POINT('',(2.389162567414,-6.327077289218,0.));
#1055 = CARTESIAN_POINT('',(2.450710903455,-6.30271086878,0.));
#1056 = CARTESIAN_POINT('',(2.481023605956,-6.287882568204,0.));
#1057 = CARTESIAN_POINT('',(2.51046710048,-6.27039653137,0.));
#1058 = CARTESIAN_POINT('',(2.538605199906,-6.250346845017,0.));
#1059 = CARTESIAN_POINT('',(2.56503478326,-6.227961155648,0.));
#1060 = CARTESIAN_POINT('',(2.613850155648,-6.17914578326,0.));
#1061 = CARTESIAN_POINT('',(2.636235845017,-6.152716199906,0.));
#1062 = CARTESIAN_POINT('',(2.65628553137,-6.12457810048,0.));
#1063 = CARTESIAN_POINT('',(2.673771568204,-6.095134605956,0.));
#1064 = CARTESIAN_POINT('',(2.68859986878,-6.064821903455,0.));
#1065 = CARTESIAN_POINT('',(2.712966289218,-6.003273567414,0.));
#1066 = CARTESIAN_POINT('',(2.72250457094,-5.972038042979,0.));
#1067 = CARTESIAN_POINT('',(2.729410340319,-5.940749057762,0.));
#1068 = CARTESIAN_POINT('',(2.733805556097,-5.909789200204,0.));
#1069 = CARTESIAN_POINT('',(2.735889,-5.879463274664,0.));
#1070 = CARTESIAN_POINT('',(2.735889,-5.850000190386,0.));
#1071 = ORIENTED_EDGE('',*,*,#1072,.T.);
#1072 = EDGE_CURVE('',#1046,#1073,#1075,.T.);
#1073 = VERTEX_POINT('',#1074);
#1074 = CARTESIAN_POINT('',(-3.214111190386,-6.35,0.));
#1075 = LINE('',#1076,#1077);
#1076 = CARTESIAN_POINT('',(2.735889,-6.35,0.));
#1077 = VECTOR('',#1078,1.);
#1078 = DIRECTION('',(-1.,0.,0.));
#1079 = ORIENTED_EDGE('',*,*,#1080,.F.);
#1080 = EDGE_CURVE('',#1081,#1073,#1083,.T.);
#1081 = VERTEX_POINT('',#1082);
#1082 = CARTESIAN_POINT('',(-3.714111,-5.850000190386,0.));
#1083 = B_SPLINE_CURVE_WITH_KNOTS('',6,(#1084,#1085,#1086,#1087,#1088,
    #1089,#1090,#1091,#1092,#1093,#1094,#1095,#1096,#1097,#1098,#1099,
    #1100,#1101,#1102,#1103,#1104,#1105),.UNSPECIFIED.,.F.,.F.,(7,5,5,5,
    7),(0.,0.249998176145,0.5,0.750001823855,1.),.UNSPECIFIED.);
#1084 = CARTESIAN_POINT('',(-3.714111,-5.850000190386,0.));
#1085 = CARTESIAN_POINT('',(-3.714111,-5.879463274664,0.));
#1086 = CARTESIAN_POINT('',(-3.712027556097,-5.909789200204,0.));
#1087 = CARTESIAN_POINT('',(-3.707632340319,-5.940749057762,0.));
#1088 = CARTESIAN_POINT('',(-3.70072657094,-5.972038042979,0.));
#1089 = CARTESIAN_POINT('',(-3.691188289218,-6.003273567414,0.));
#1090 = CARTESIAN_POINT('',(-3.66682186878,-6.064821903455,0.));
#1091 = CARTESIAN_POINT('',(-3.651993568204,-6.095134605956,0.));
#1092 = CARTESIAN_POINT('',(-3.63450753137,-6.12457810048,0.));
#1093 = CARTESIAN_POINT('',(-3.614457845017,-6.152716199906,0.));
#1094 = CARTESIAN_POINT('',(-3.592072155648,-6.17914578326,0.));
#1095 = CARTESIAN_POINT('',(-3.54325678326,-6.227961155648,0.));
#1096 = CARTESIAN_POINT('',(-3.516827199906,-6.250346845017,0.));
#1097 = CARTESIAN_POINT('',(-3.48868910048,-6.27039653137,0.));
#1098 = CARTESIAN_POINT('',(-3.459245605956,-6.287882568204,0.));
#1099 = CARTESIAN_POINT('',(-3.428932903455,-6.30271086878,0.));
#1100 = CARTESIAN_POINT('',(-3.367384567414,-6.327077289218,0.));
#1101 = CARTESIAN_POINT('',(-3.336149042979,-6.33661557094,0.));
#1102 = CARTESIAN_POINT('',(-3.304860057762,-6.343521340319,0.));
#1103 = CARTESIAN_POINT('',(-3.273900200204,-6.347916556097,0.));
#1104 = CARTESIAN_POINT('',(-3.243574274664,-6.35,0.));
#1105 = CARTESIAN_POINT('',(-3.214111190386,-6.35,0.));
#1106 = ORIENTED_EDGE('',*,*,#1107,.T.);
#1107 = EDGE_CURVE('',#1081,#1108,#1110,.T.);
#1108 = VERTEX_POINT('',#1109);
#1109 = CARTESIAN_POINT('',(-3.714111,-5.5,0.));
#1110 = LINE('',#1111,#1112);
#1111 = CARTESIAN_POINT('',(-3.714111,-6.35,0.));
#1112 = VECTOR('',#1113,1.);
#1113 = DIRECTION('',(0.,1.,0.));
#1114 = ORIENTED_EDGE('',*,*,#1115,.F.);
#1115 = EDGE_CURVE('',#1116,#1108,#1118,.T.);
#1116 = VERTEX_POINT('',#1117);
#1117 = CARTESIAN_POINT('',(-4.214111190386,-5.,0.));
#1118 = B_SPLINE_CURVE_WITH_KNOTS('',6,(#1119,#1120,#1121,#1122,#1123,
    #1124,#1125,#1126,#1127,#1128,#1129,#1130,#1131,#1132,#1133,#1134,
    #1135,#1136,#1137,#1138,#1139,#1140),.UNSPECIFIED.,.F.,.F.,(7,5,5,5,
    7),(0.,0.249997832237,0.500000000026,0.750002167797,1.),
  .UNSPECIFIED.);
#1119 = CARTESIAN_POINT('',(-4.214111190386,-5.,0.));
#1120 = CARTESIAN_POINT('',(-4.184648037991,-5.,0.));
#1121 = CARTESIAN_POINT('',(-4.154322062196,-5.002083452734,0.));
#1122 = CARTESIAN_POINT('',(-4.12336217629,-5.006478681524,0.));
#1123 = CARTESIAN_POINT('',(-4.092073186511,-5.013384461021,0.));
#1124 = CARTESIAN_POINT('',(-4.060837678057,-5.022922742767,0.));
#1125 = CARTESIAN_POINT('',(-3.999289319301,-5.047289167455,0.));
#1126 = CARTESIAN_POINT('',(-3.968976580062,-5.062117487021,0.));
#1127 = CARTESIAN_POINT('',(-3.939533064327,-5.079603538402,0.));
#1128 = CARTESIAN_POINT('',(-3.911394953174,-5.099653231734,0.));
#1129 = CARTESIAN_POINT('',(-3.88496536081,-5.12203892306,0.));
#1130 = CARTESIAN_POINT('',(-3.836149969531,-5.170854295752,0.));
#1131 = CARTESIAN_POINT('',(-3.813764269681,-5.197283878051,0.));
#1132 = CARTESIAN_POINT('',(-3.793714568715,-5.225421978489,0.));
#1133 = CARTESIAN_POINT('',(-3.776228510675,-5.254865483014,0.));
#1134 = CARTESIAN_POINT('',(-3.761400185462,-5.285178210711,0.));
#1135 = CARTESIAN_POINT('',(-3.737033751495,-5.346726546033,0.));
#1136 = CARTESIAN_POINT('',(-3.727495466118,-5.377962042593,0.));
#1137 = CARTESIAN_POINT('',(-3.720589683991,-5.409251020459,0.));
#1138 = CARTESIAN_POINT('',(-3.716194453527,-5.440210894576,0.));
#1139 = CARTESIAN_POINT('',(-3.714111,-5.470536858824,0.));
#1140 = CARTESIAN_POINT('',(-3.714111,-5.5,0.));
#1141 = ORIENTED_EDGE('',*,*,#1142,.T.);
#1142 = EDGE_CURVE('',#1116,#1143,#1145,.T.);
#1143 = VERTEX_POINT('',#1144);
#1144 = CARTESIAN_POINT('',(-4.714110809614,-5.,0.));
#1145 = LINE('',#1146,#1147);
#1146 = CARTESIAN_POINT('',(15.,-5.,0.));
#1147 = VECTOR('',#1148,1.);
#1148 = DIRECTION('',(-1.,0.,0.));
#1149 = ORIENTED_EDGE('',*,*,#1150,.F.);
#1150 = EDGE_CURVE('',#1151,#1143,#1153,.T.);
#1151 = VERTEX_POINT('',#1152);
#1152 = CARTESIAN_POINT('',(-5.214111,-5.5,0.));
#1153 = B_SPLINE_CURVE_WITH_KNOTS('',6,(#1154,#1155,#1156,#1157,#1158,
    #1159,#1160,#1161,#1162,#1163,#1164,#1165,#1166,#1167,#1168,#1169,
    #1170,#1171,#1172,#1173,#1174,#1175),.UNSPECIFIED.,.F.,.F.,(7,5,5,5,
    7),(0.,0.249997832202,0.499999999974,0.750002167762,1.),
  .UNSPECIFIED.);
#1154 = CARTESIAN_POINT('',(-5.214111,-5.5,0.));
#1155 = CARTESIAN_POINT('',(-5.214111,-5.470536858824,0.));
#1156 = CARTESIAN_POINT('',(-5.212027546473,-5.440210894576,0.));
#1157 = CARTESIAN_POINT('',(-5.207632316009,-5.409251020459,0.));
#1158 = CARTESIAN_POINT('',(-5.200726533882,-5.377962042593,0.));
#1159 = CARTESIAN_POINT('',(-5.191188248505,-5.346726546033,0.));
#1160 = CARTESIAN_POINT('',(-5.166821814538,-5.285178210711,0.));
#1161 = CARTESIAN_POINT('',(-5.151993489325,-5.254865483014,0.));
#1162 = CARTESIAN_POINT('',(-5.134507431285,-5.225421978489,0.));
#1163 = CARTESIAN_POINT('',(-5.114457730319,-5.197283878051,0.));
#1164 = CARTESIAN_POINT('',(-5.092072030469,-5.170854295751,0.));
#1165 = CARTESIAN_POINT('',(-5.04325663919,-5.12203892306,0.));
#1166 = CARTESIAN_POINT('',(-5.016827046826,-5.099653231734,0.));
#1167 = CARTESIAN_POINT('',(-4.988688935673,-5.079603538402,0.));
#1168 = CARTESIAN_POINT('',(-4.959245419937,-5.062117487021,0.));
#1169 = CARTESIAN_POINT('',(-4.928932680699,-5.047289167455,0.));
#1170 = CARTESIAN_POINT('',(-4.867384321943,-5.022922742767,0.));
#1171 = CARTESIAN_POINT('',(-4.83614881349,-5.013384461021,0.));
#1172 = CARTESIAN_POINT('',(-4.80485982371,-5.006478681524,0.));
#1173 = CARTESIAN_POINT('',(-4.773899937804,-5.002083452734,0.));
#1174 = CARTESIAN_POINT('',(-4.743573962009,-5.,0.));
#1175 = CARTESIAN_POINT('',(-4.714110809614,-5.,0.));
#1176 = ORIENTED_EDGE('',*,*,#1177,.T.);
#1177 = EDGE_CURVE('',#1151,#1178,#1180,.T.);
#1178 = VERTEX_POINT('',#1179);
#1179 = CARTESIAN_POINT('',(-5.214111,-5.850000190386,0.));
#1180 = LINE('',#1181,#1182);
#1181 = CARTESIAN_POINT('',(-5.214111,6.35,0.));
#1182 = VECTOR('',#1183,1.);
#1183 = DIRECTION('',(0.,-1.,0.));
#1184 = ORIENTED_EDGE('',*,*,#1185,.F.);
#1185 = EDGE_CURVE('',#1186,#1178,#1188,.T.);
#1186 = VERTEX_POINT('',#1187);
#1187 = CARTESIAN_POINT('',(-5.714110809614,-6.35,0.));
#1188 = B_SPLINE_CURVE_WITH_KNOTS('',6,(#1189,#1190,#1191,#1192,#1193,
    #1194,#1195,#1196,#1197,#1198,#1199,#1200,#1201,#1202,#1203,#1204,
    #1205,#1206,#1207,#1208,#1209,#1210),.UNSPECIFIED.,.F.,.F.,(7,5,5,5,
    7),(0.,0.249998176145,0.5,0.750001823856,1.),.UNSPECIFIED.);
#1189 = CARTESIAN_POINT('',(-5.714110809614,-6.35,0.));
#1190 = CARTESIAN_POINT('',(-5.684647725336,-6.35,0.));
#1191 = CARTESIAN_POINT('',(-5.654321799796,-6.347916556097,0.));
#1192 = CARTESIAN_POINT('',(-5.623361942238,-6.343521340319,0.));
#1193 = CARTESIAN_POINT('',(-5.592072957021,-6.33661557094,0.));
#1194 = CARTESIAN_POINT('',(-5.560837432586,-6.327077289218,0.));
#1195 = CARTESIAN_POINT('',(-5.499289096545,-6.30271086878,0.));
#1196 = CARTESIAN_POINT('',(-5.468976394044,-6.287882568204,0.));
#1197 = CARTESIAN_POINT('',(-5.43953289952,-6.27039653137,0.));
#1198 = CARTESIAN_POINT('',(-5.411394800094,-6.250346845017,0.));
#1199 = CARTESIAN_POINT('',(-5.38496521674,-6.227961155648,0.));
#1200 = CARTESIAN_POINT('',(-5.336149844352,-6.17914578326,0.));
#1201 = CARTESIAN_POINT('',(-5.313764154983,-6.152716199906,0.));
#1202 = CARTESIAN_POINT('',(-5.29371446863,-6.12457810048,0.));
#1203 = CARTESIAN_POINT('',(-5.276228431796,-6.095134605956,0.));
#1204 = CARTESIAN_POINT('',(-5.26140013122,-6.064821903455,0.));
#1205 = CARTESIAN_POINT('',(-5.237033710782,-6.003273567414,0.));
#1206 = CARTESIAN_POINT('',(-5.22749542906,-5.972038042979,0.));
#1207 = CARTESIAN_POINT('',(-5.220589659681,-5.940749057762,0.));
#1208 = CARTESIAN_POINT('',(-5.216194443903,-5.909789200204,0.));
#1209 = CARTESIAN_POINT('',(-5.214111,-5.879463274664,0.));
#1210 = CARTESIAN_POINT('',(-5.214111,-5.850000190386,0.));
#1211 = ORIENTED_EDGE('',*,*,#1212,.T.);
#1212 = EDGE_CURVE('',#1186,#1213,#1215,.T.);
#1213 = VERTEX_POINT('',#1214);
#1214 = CARTESIAN_POINT('',(-11.16411119038,-6.35,0.));
#1215 = LINE('',#1216,#1217);
#1216 = CARTESIAN_POINT('',(-5.214111,-6.35,0.));
#1217 = VECTOR('',#1218,1.);
#1218 = DIRECTION('',(-1.,0.,0.));
#1219 = ORIENTED_EDGE('',*,*,#1220,.F.);
#1220 = EDGE_CURVE('',#1221,#1213,#1223,.T.);
#1221 = VERTEX_POINT('',#1222);
#1222 = CARTESIAN_POINT('',(-11.664111,-5.850000190386,0.));
#1223 = B_SPLINE_CURVE_WITH_KNOTS('',6,(#1224,#1225,#1226,#1227,#1228,
    #1229,#1230,#1231,#1232,#1233,#1234,#1235,#1236,#1237,#1238,#1239,
    #1240,#1241,#1242,#1243,#1244,#1245),.UNSPECIFIED.,.F.,.F.,(7,5,5,5,
    7),(0.,0.249998176145,0.5,0.750001823855,1.),.UNSPECIFIED.);
#1224 = CARTESIAN_POINT('',(-11.664111,-5.850000190386,0.));
#1225 = CARTESIAN_POINT('',(-11.664111,-5.879463274664,0.));
#1226 = CARTESIAN_POINT('',(-11.66202755609,-5.909789200204,0.));
#1227 = CARTESIAN_POINT('',(-11.65763234031,-5.940749057762,0.));
#1228 = CARTESIAN_POINT('',(-11.65072657094,-5.972038042979,0.));
#1229 = CARTESIAN_POINT('',(-11.64118828921,-6.003273567414,0.));
#1230 = CARTESIAN_POINT('',(-11.61682186878,-6.064821903455,0.));
#1231 = CARTESIAN_POINT('',(-11.6019935682,-6.095134605956,0.));
#1232 = CARTESIAN_POINT('',(-11.58450753137,-6.12457810048,0.));
#1233 = CARTESIAN_POINT('',(-11.56445784501,-6.152716199906,0.));
#1234 = CARTESIAN_POINT('',(-11.54207215564,-6.17914578326,0.));
#1235 = CARTESIAN_POINT('',(-11.49325678326,-6.227961155648,0.));
#1236 = CARTESIAN_POINT('',(-11.4668271999,-6.250346845017,0.));
#1237 = CARTESIAN_POINT('',(-11.43868910048,-6.27039653137,0.));
#1238 = CARTESIAN_POINT('',(-11.40924560595,-6.287882568204,0.));
#1239 = CARTESIAN_POINT('',(-11.37893290345,-6.30271086878,0.));
#1240 = CARTESIAN_POINT('',(-11.31738456741,-6.327077289218,0.));
#1241 = CARTESIAN_POINT('',(-11.28614904297,-6.33661557094,0.));
#1242 = CARTESIAN_POINT('',(-11.25486005776,-6.343521340319,0.));
#1243 = CARTESIAN_POINT('',(-11.2239002002,-6.347916556097,0.));
#1244 = CARTESIAN_POINT('',(-11.19357427466,-6.35,0.));
#1245 = CARTESIAN_POINT('',(-11.16411119038,-6.35,0.));
#1246 = ORIENTED_EDGE('',*,*,#1247,.T.);
#1247 = EDGE_CURVE('',#1221,#1248,#1250,.T.);
#1248 = VERTEX_POINT('',#1249);
#1249 = CARTESIAN_POINT('',(-11.664111,-5.5,0.));
#1250 = LINE('',#1251,#1252);
#1251 = CARTESIAN_POINT('',(-11.664111,-6.35,0.));
#1252 = VECTOR('',#1253,1.);
#1253 = DIRECTION('',(0.,1.,0.));
#1254 = ORIENTED_EDGE('',*,*,#1255,.F.);
#1255 = EDGE_CURVE('',#1256,#1248,#1258,.T.);
#1256 = VERTEX_POINT('',#1257);
#1257 = CARTESIAN_POINT('',(-12.16411119038,-5.,0.));
#1258 = B_SPLINE_CURVE_WITH_KNOTS('',6,(#1259,#1260,#1261,#1262,#1263,
    #1264,#1265,#1266,#1267,#1268,#1269,#1270,#1271,#1272,#1273,#1274,
    #1275,#1276,#1277,#1278,#1279,#1280),.UNSPECIFIED.,.F.,.F.,(7,5,5,5,
    7),(0.,0.249997832237,0.500000000026,0.750002167797,1.),
  .UNSPECIFIED.);
#1259 = CARTESIAN_POINT('',(-12.16411119038,-5.,0.));
#1260 = CARTESIAN_POINT('',(-12.13464803799,-5.,0.));
#1261 = CARTESIAN_POINT('',(-12.10432206219,-5.002083452734,0.));
#1262 = CARTESIAN_POINT('',(-12.07336217629,-5.006478681524,0.));
#1263 = CARTESIAN_POINT('',(-12.04207318651,-5.013384461021,0.));
#1264 = CARTESIAN_POINT('',(-12.01083767805,-5.022922742767,0.));
#1265 = CARTESIAN_POINT('',(-11.9492893193,-5.047289167455,0.));
#1266 = CARTESIAN_POINT('',(-11.91897658006,-5.062117487021,0.));
#1267 = CARTESIAN_POINT('',(-11.88953306432,-5.079603538402,0.));
#1268 = CARTESIAN_POINT('',(-11.86139495317,-5.099653231734,0.));
#1269 = CARTESIAN_POINT('',(-11.83496536081,-5.12203892306,0.));
#1270 = CARTESIAN_POINT('',(-11.78614996953,-5.170854295752,0.));
#1271 = CARTESIAN_POINT('',(-11.76376426968,-5.197283878051,0.));
#1272 = CARTESIAN_POINT('',(-11.74371456871,-5.225421978489,0.));
#1273 = CARTESIAN_POINT('',(-11.72622851067,-5.254865483014,0.));
#1274 = CARTESIAN_POINT('',(-11.71140018546,-5.285178210711,0.));
#1275 = CARTESIAN_POINT('',(-11.68703375149,-5.346726546033,0.));
#1276 = CARTESIAN_POINT('',(-11.67749546611,-5.377962042593,0.));
#1277 = CARTESIAN_POINT('',(-11.67058968399,-5.409251020459,0.));
#1278 = CARTESIAN_POINT('',(-11.66619445352,-5.440210894576,0.));
#1279 = CARTESIAN_POINT('',(-11.664111,-5.470536858824,0.));
#1280 = CARTESIAN_POINT('',(-11.664111,-5.5,0.));
#1281 = ORIENTED_EDGE('',*,*,#1282,.T.);
#1282 = EDGE_CURVE('',#1256,#1283,#1285,.T.);
#1283 = VERTEX_POINT('',#1284);
#1284 = CARTESIAN_POINT('',(-12.66411080961,-5.,0.));
#1285 = LINE('',#1286,#1287);
#1286 = CARTESIAN_POINT('',(15.,-5.,0.));
#1287 = VECTOR('',#1288,1.);
#1288 = DIRECTION('',(-1.,0.,0.));
#1289 = ORIENTED_EDGE('',*,*,#1290,.F.);
#1290 = EDGE_CURVE('',#56,#1283,#1291,.T.);
#1291 = B_SPLINE_CURVE_WITH_KNOTS('',6,(#1292,#1293,#1294,#1295,#1296,
    #1297,#1298,#1299,#1300,#1301,#1302,#1303,#1304,#1305,#1306,#1307,
    #1308,#1309,#1310,#1311,#1312,#1313),.UNSPECIFIED.,.F.,.F.,(7,5,5,5,
    7),(0.,0.249997832203,0.499999999974,0.750002167763,1.),
  .UNSPECIFIED.);
#1292 = CARTESIAN_POINT('',(-13.164111,-5.5,0.));
#1293 = CARTESIAN_POINT('',(-13.164111,-5.470536858824,0.));
#1294 = CARTESIAN_POINT('',(-13.16202754647,-5.440210894576,0.));
#1295 = CARTESIAN_POINT('',(-13.157632316,-5.409251020459,0.));
#1296 = CARTESIAN_POINT('',(-13.15072653388,-5.377962042593,0.));
#1297 = CARTESIAN_POINT('',(-13.1411882485,-5.346726546033,0.));
#1298 = CARTESIAN_POINT('',(-13.11682181453,-5.285178210711,0.));
#1299 = CARTESIAN_POINT('',(-13.10199348932,-5.254865483014,0.));
#1300 = CARTESIAN_POINT('',(-13.08450743128,-5.225421978489,0.));
#1301 = CARTESIAN_POINT('',(-13.06445773031,-5.197283878051,0.));
#1302 = CARTESIAN_POINT('',(-13.04207203046,-5.170854295751,0.));
#1303 = CARTESIAN_POINT('',(-12.99325663919,-5.12203892306,0.));
#1304 = CARTESIAN_POINT('',(-12.96682704682,-5.099653231734,0.));
#1305 = CARTESIAN_POINT('',(-12.93868893567,-5.079603538402,0.));
#1306 = CARTESIAN_POINT('',(-12.90924541993,-5.062117487021,0.));
#1307 = CARTESIAN_POINT('',(-12.87893268069,-5.047289167455,0.));
#1308 = CARTESIAN_POINT('',(-12.81738432194,-5.022922742767,0.));
#1309 = CARTESIAN_POINT('',(-12.78614881349,-5.013384461021,0.));
#1310 = CARTESIAN_POINT('',(-12.7548598237,-5.006478681524,0.));
#1311 = CARTESIAN_POINT('',(-12.7238999378,-5.002083452734,0.));
#1312 = CARTESIAN_POINT('',(-12.693573962,-5.,0.));
#1313 = CARTESIAN_POINT('',(-12.66411080961,-5.,0.));
#1314 = PLANE('',#1315);
#1315 = AXIS2_PLACEMENT_3D('',#1316,#1317,#1318);
#1316 = CARTESIAN_POINT('',(-0.489111069748,0.,0.));
#1317 = DIRECTION('',(0.,0.,1.));
#1318 = DIRECTION('',(1.,0.,0.));
#1319 = ADVANCED_FACE('',(#1320),#1347,.T.);
#1320 = FACE_BOUND('',#1321,.F.);
#1321 = EDGE_LOOP('',(#1322,#1331,#1339,#1346));
#1322 = ORIENTED_EDGE('',*,*,#1323,.T.);
#1323 = EDGE_CURVE('',#22,#1324,#1326,.T.);
#1324 = VERTEX_POINT('',#1325);
#1325 = CARTESIAN_POINT('',(20.635888930252,-7.,1.));
#1326 = CIRCLE('',#1327,1.);
#1327 = AXIS2_PLACEMENT_3D('',#1328,#1329,#1330);
#1328 = CARTESIAN_POINT('',(19.635888930252,-7.,1.));
#1329 = DIRECTION('',(0.,-1.,0.));
#1330 = DIRECTION('',(1.,0.,0.));
#1331 = ORIENTED_EDGE('',*,*,#1332,.T.);
#1332 = EDGE_CURVE('',#1324,#1333,#1335,.T.);
#1333 = VERTEX_POINT('',#1334);
#1334 = CARTESIAN_POINT('',(20.635888930252,7.,1.));
#1335 = LINE('',#1336,#1337);
#1336 = CARTESIAN_POINT('',(20.635888930252,-8.,1.));
#1337 = VECTOR('',#1338,1.);
#1338 = DIRECTION('',(0.,1.,0.));
#1339 = ORIENTED_EDGE('',*,*,#1340,.F.);
#1340 = EDGE_CURVE('',#24,#1333,#1341,.T.);
#1341 = CIRCLE('',#1342,1.);
#1342 = AXIS2_PLACEMENT_3D('',#1343,#1344,#1345);
#1343 = CARTESIAN_POINT('',(19.635888930252,7.,1.));
#1344 = DIRECTION('',(0.,-1.,0.));
#1345 = DIRECTION('',(1.,0.,0.));
#1346 = ORIENTED_EDGE('',*,*,#21,.F.);
#1347 = CYLINDRICAL_SURFACE('',#1348,1.);
#1348 = AXIS2_PLACEMENT_3D('',#1349,#1350,#1351);
#1349 = CARTESIAN_POINT('',(19.635888930252,-8.,1.));
#1350 = DIRECTION('',(0.,1.,0.));
#1351 = DIRECTION('',(0.,0.,-1.));
#1352 = ADVANCED_FACE('',(#1353),#1380,.T.);
#1353 = FACE_BOUND('',#1354,.F.);
#1354 = EDGE_LOOP('',(#1355,#1364,#1372,#1379));
#1355 = ORIENTED_EDGE('',*,*,#1356,.T.);
#1356 = EDGE_CURVE('',#40,#1357,#1359,.T.);
#1357 = VERTEX_POINT('',#1358);
#1358 = CARTESIAN_POINT('',(-20.61411106974,-8.,1.));
#1359 = CIRCLE('',#1360,1.);
#1360 = AXIS2_PLACEMENT_3D('',#1361,#1362,#1363);
#1361 = CARTESIAN_POINT('',(-20.61411106974,-7.,1.));
#1362 = DIRECTION('',(-1.,0.,0.));
#1363 = DIRECTION('',(0.,-1.,0.));
#1364 = ORIENTED_EDGE('',*,*,#1365,.T.);
#1365 = EDGE_CURVE('',#1357,#1366,#1368,.T.);
#1366 = VERTEX_POINT('',#1367);
#1367 = CARTESIAN_POINT('',(19.635888930252,-8.,1.));
#1368 = LINE('',#1369,#1370);
#1369 = CARTESIAN_POINT('',(-21.61411106974,-8.,1.));
#1370 = VECTOR('',#1371,1.);
#1371 = DIRECTION('',(1.,0.,0.));
#1372 = ORIENTED_EDGE('',*,*,#1373,.F.);
#1373 = EDGE_CURVE('',#22,#1366,#1374,.T.);
#1374 = CIRCLE('',#1375,1.);
#1375 = AXIS2_PLACEMENT_3D('',#1376,#1377,#1378);
#1376 = CARTESIAN_POINT('',(19.635888930252,-7.,1.));
#1377 = DIRECTION('',(-1.,-6.123233995737E-17,0.));
#1378 = DIRECTION('',(6.123233995737E-17,-1.,0.));
#1379 = ORIENTED_EDGE('',*,*,#47,.F.);
#1380 = CYLINDRICAL_SURFACE('',#1381,1.);
#1381 = AXIS2_PLACEMENT_3D('',#1382,#1383,#1384);
#1382 = CARTESIAN_POINT('',(-21.61411106974,-7.,1.));
#1383 = DIRECTION('',(1.,0.,0.));
#1384 = DIRECTION('',(0.,0.,-1.));
#1385 = ADVANCED_FACE('',(#1386),#1413,.T.);
#1386 = FACE_BOUND('',#1387,.F.);
#1387 = EDGE_LOOP('',(#1388,#1397,#1405,#1412));
#1388 = ORIENTED_EDGE('',*,*,#1389,.T.);
#1389 = EDGE_CURVE('',#24,#1390,#1392,.T.);
#1390 = VERTEX_POINT('',#1391);
#1391 = CARTESIAN_POINT('',(19.635888930252,8.,1.));
#1392 = CIRCLE('',#1393,1.);
#1393 = AXIS2_PLACEMENT_3D('',#1394,#1395,#1396);
#1394 = CARTESIAN_POINT('',(19.635888930252,7.,1.));
#1395 = DIRECTION('',(1.,-6.123233995737E-17,0.));
#1396 = DIRECTION('',(6.123233995737E-17,1.,0.));
#1397 = ORIENTED_EDGE('',*,*,#1398,.T.);
#1398 = EDGE_CURVE('',#1390,#1399,#1401,.T.);
#1399 = VERTEX_POINT('',#1400);
#1400 = CARTESIAN_POINT('',(-20.61411106974,8.,1.));
#1401 = LINE('',#1402,#1403);
#1402 = CARTESIAN_POINT('',(20.635888930252,8.,1.));
#1403 = VECTOR('',#1404,1.);
#1404 = DIRECTION('',(-1.,0.,0.));
#1405 = ORIENTED_EDGE('',*,*,#1406,.F.);
#1406 = EDGE_CURVE('',#32,#1399,#1407,.T.);
#1407 = CIRCLE('',#1408,1.);
#1408 = AXIS2_PLACEMENT_3D('',#1409,#1410,#1411);
#1409 = CARTESIAN_POINT('',(-20.61411106974,7.,1.));
#1410 = DIRECTION('',(1.,0.,0.));
#1411 = DIRECTION('',(0.,1.,0.));
#1412 = ORIENTED_EDGE('',*,*,#31,.F.);
#1413 = CYLINDRICAL_SURFACE('',#1414,1.);
#1414 = AXIS2_PLACEMENT_3D('',#1415,#1416,#1417);
#1415 = CARTESIAN_POINT('',(20.635888930252,7.,1.));
#1416 = DIRECTION('',(-1.,0.,0.));
#1417 = DIRECTION('',(0.,0.,-1.));
#1418 = ADVANCED_FACE('',(#1419),#1446,.T.);
#1419 = FACE_BOUND('',#1420,.F.);
#1420 = EDGE_LOOP('',(#1421,#1430,#1438,#1445));
#1421 = ORIENTED_EDGE('',*,*,#1422,.T.);
#1422 = EDGE_CURVE('',#32,#1423,#1425,.T.);
#1423 = VERTEX_POINT('',#1424);
#1424 = CARTESIAN_POINT('',(-21.61411106974,7.,1.));
#1425 = CIRCLE('',#1426,1.);
#1426 = AXIS2_PLACEMENT_3D('',#1427,#1428,#1429);
#1427 = CARTESIAN_POINT('',(-20.61411106974,7.,1.));
#1428 = DIRECTION('',(6.123233995737E-17,1.,-0.));
#1429 = DIRECTION('',(-1.,6.123233995737E-17,0.));
#1430 = ORIENTED_EDGE('',*,*,#1431,.T.);
#1431 = EDGE_CURVE('',#1423,#1432,#1434,.T.);
#1432 = VERTEX_POINT('',#1433);
#1433 = CARTESIAN_POINT('',(-21.61411106974,-7.,1.));
#1434 = LINE('',#1435,#1436);
#1435 = CARTESIAN_POINT('',(-21.61411106974,8.,1.));
#1436 = VECTOR('',#1437,1.);
#1437 = DIRECTION('',(0.,-1.,0.));
#1438 = ORIENTED_EDGE('',*,*,#1439,.F.);
#1439 = EDGE_CURVE('',#40,#1432,#1440,.T.);
#1440 = CIRCLE('',#1441,1.);
#1441 = AXIS2_PLACEMENT_3D('',#1442,#1443,#1444);
#1442 = CARTESIAN_POINT('',(-20.61411106974,-7.,1.));
#1443 = DIRECTION('',(-6.123233995737E-17,1.,0.));
#1444 = DIRECTION('',(-1.,-6.123233995737E-17,0.));
#1445 = ORIENTED_EDGE('',*,*,#39,.F.);
#1446 = CYLINDRICAL_SURFACE('',#1447,1.);
#1447 = AXIS2_PLACEMENT_3D('',#1448,#1449,#1450);
#1448 = CARTESIAN_POINT('',(-20.61411106974,8.,1.));
#1449 = DIRECTION('',(0.,-1.,0.));
#1450 = DIRECTION('',(-0.,-0.,-1.));
#1451 = ADVANCED_FACE('',(#1452),#1519,.T.);
#1452 = FACE_BOUND('',#1453,.T.);
#1453 = EDGE_LOOP('',(#1454,#1465,#1466,#1479,#1489,#1500,#1501,#1512));
#1454 = ORIENTED_EDGE('',*,*,#1455,.F.);
#1455 = EDGE_CURVE('',#56,#1456,#1458,.T.);
#1456 = VERTEX_POINT('',#1457);
#1457 = CARTESIAN_POINT('',(-13.13313101714,-5.49999999997,
    35.500436332258));
#1458 = B_SPLINE_CURVE_WITH_KNOTS('',3,(#1459,#1460,#1461,#1462,#1463,
    #1464),.UNSPECIFIED.,.F.,.F.,(4,2,4),(-2.141782649779,
    2.181659350594E-04,53.200020199704),.UNSPECIFIED.);
#1459 = CARTESIAN_POINT('',(-13.16598005771,-5.5,-2.141781833972));
#1460 = CARTESIAN_POINT('',(-13.16535697501,-5.5,-1.427781832295));
#1461 = CARTESIAN_POINT('',(-13.16473389231,-5.5,-0.713781832261));
#1462 = CARTESIAN_POINT('',(-13.14863561649,-5.5,17.733478717561));
#1463 = CARTESIAN_POINT('',(-13.13316042332,-5.5,35.466739333105));
#1464 = CARTESIAN_POINT('',(-13.1176852301,-5.5,53.200000003073));
#1465 = ORIENTED_EDGE('',*,*,#55,.T.);
#1466 = ORIENTED_EDGE('',*,*,#1467,.T.);
#1467 = EDGE_CURVE('',#58,#1468,#1470,.T.);
#1468 = VERTEX_POINT('',#1469);
#1469 = CARTESIAN_POINT('',(-13.11393315203,-5.900178038347,
    57.499563667742));
#1470 = B_SPLINE_CURVE_WITH_KNOTS('',3,(#1471,#1472,#1473,#1474,#1475,
    #1476,#1477,#1478),.UNSPECIFIED.,.F.,.F.,(4,2,2,4),(-3.195078764783,
    -4.363319254728E-04,57.999607837606,61.194250270464),.UNSPECIFIED.);
#1471 = CARTESIAN_POINT('',(-13.16689885002,-5.847212340357,-3.19464));
#1472 = CARTESIAN_POINT('',(-13.16596956668,-5.8481416237,-2.12976));
#1473 = CARTESIAN_POINT('',(-13.16504028334,-5.849070907043,-1.06488));
#1474 = CARTESIAN_POINT('',(-13.14723947961,-5.866871710771,
    19.333333333333));
#1475 = CARTESIAN_POINT('',(-13.13036795922,-5.883743231157,
    38.666666666667));
#1476 = CARTESIAN_POINT('',(-13.1125671555,-5.901544034885,59.06488));
#1477 = CARTESIAN_POINT('',(-13.11163787215,-5.902473318228,60.12976));
#1478 = CARTESIAN_POINT('',(-13.11070858881,-5.903402601571,61.19464));
#1479 = ORIENTED_EDGE('',*,*,#1480,.F.);
#1480 = EDGE_CURVE('',#1481,#1468,#1483,.T.);
#1481 = VERTEX_POINT('',#1482);
#1482 = CARTESIAN_POINT('',(-13.11393315203,5.900178038347,
    57.499563667742));
#1483 = B_SPLINE_CURVE_WITH_KNOTS('',2,(#1484,#1485,#1486,#1487,#1488),
  .UNSPECIFIED.,.F.,.F.,(3,1,1,3),(-1.456380065497,2.183565979853E-04,
    12.801010765715,14.25760918781),.UNSPECIFIED.);
#1484 = CARTESIAN_POINT('',(-13.11393315203,7.856994626654,
    57.499563667742));
#1485 = CARTESIAN_POINT('',(-13.11393315203,7.128695415606,
    57.499563667742));
#1486 = CARTESIAN_POINT('',(-13.11393315203,-1.7763568394E-15,
    57.499563667742));
#1487 = CARTESIAN_POINT('',(-13.11393315203,-7.128695415606,
    57.499563667742));
#1488 = CARTESIAN_POINT('',(-13.11393315203,-7.856994626654,
    57.499563667742));
#1489 = ORIENTED_EDGE('',*,*,#1490,.F.);
#1490 = EDGE_CURVE('',#171,#1481,#1491,.T.);
#1491 = B_SPLINE_CURVE_WITH_KNOTS('',3,(#1492,#1493,#1494,#1495,#1496,
    #1497,#1498,#1499),.UNSPECIFIED.,.F.,.F.,(4,2,2,4),(-3.195078764783,
    -4.363319254742E-04,57.999607837606,61.194250270464),.UNSPECIFIED.);
#1492 = CARTESIAN_POINT('',(-13.16689885002,5.847212340357,-3.19464));
#1493 = CARTESIAN_POINT('',(-13.16596956668,5.8481416237,-2.12976));
#1494 = CARTESIAN_POINT('',(-13.16504028334,5.849070907043,-1.06488));
#1495 = CARTESIAN_POINT('',(-13.14723947961,5.866871710771,
    19.333333333333));
#1496 = CARTESIAN_POINT('',(-13.13036795922,5.883743231157,
    38.666666666667));
#1497 = CARTESIAN_POINT('',(-13.1125671555,5.901544034885,59.06488));
#1498 = CARTESIAN_POINT('',(-13.11163787215,5.902473318228,60.12976));
#1499 = CARTESIAN_POINT('',(-13.11070858881,5.903402601571,61.19464));
#1500 = ORIENTED_EDGE('',*,*,#197,.T.);
#1501 = ORIENTED_EDGE('',*,*,#1502,.T.);
#1502 = EDGE_CURVE('',#198,#1503,#1505,.T.);
#1503 = VERTEX_POINT('',#1504);
#1504 = CARTESIAN_POINT('',(-13.13313101714,5.499999975947,
    35.500436332258));
#1505 = B_SPLINE_CURVE_WITH_KNOTS('',3,(#1506,#1507,#1508,#1509,#1510,
    #1511),.UNSPECIFIED.,.F.,.F.,(4,2,4),(-2.14178264978,
    2.181659346784E-04,53.200020199706),.UNSPECIFIED.);
#1506 = CARTESIAN_POINT('',(-13.16598005771,5.5,-2.141781833972));
#1507 = CARTESIAN_POINT('',(-13.16535697501,5.5,-1.427781832295));
#1508 = CARTESIAN_POINT('',(-13.16473389231,5.5,-0.713781832261));
#1509 = CARTESIAN_POINT('',(-13.14863561649,5.5,17.733478717562));
#1510 = CARTESIAN_POINT('',(-13.13316042332,5.5,35.466739333108));
#1511 = CARTESIAN_POINT('',(-13.1176852301,5.5,53.200000003072));
#1512 = ORIENTED_EDGE('',*,*,#1513,.F.);
#1513 = EDGE_CURVE('',#1456,#1503,#1514,.T.);
#1514 = ( BOUNDED_CURVE() B_SPLINE_CURVE(3,(#1515,#1516,#1517,#1518),
.UNSPECIFIED.,.F.,.F.) B_SPLINE_CURVE_WITH_KNOTS((4,4),(-0.380980173718,
11.380980171429),.PIECEWISE_BEZIER_KNOTS.) CURVE() 
GEOMETRIC_REPRESENTATION_ITEM() RATIONAL_B_SPLINE_CURVE((1.,1.,1.,1.)) 
REPRESENTATION_ITEM('') );
#1515 = CARTESIAN_POINT('',(-13.13313101714,-5.880980173357,
    35.500436332258));
#1516 = CARTESIAN_POINT('',(-13.13313101714,-1.96032672411,
    35.500436332258));
#1517 = CARTESIAN_POINT('',(-13.13313101714,1.960326701326,
    35.500436332258));
#1518 = CARTESIAN_POINT('',(-13.13313101714,5.880980173357,
    35.500436332258));
#1519 = B_SPLINE_SURFACE_WITH_KNOTS('',1,1,(
    (#1520,#1521)
    ,(#1522,#1523
    )),.UNSPECIFIED.,.F.,.F.,.F.,(2,2),(2,2),(-5.061456115623E-02,
    12.750614561156),(0.,1.),.PIECEWISE_BEZIER_KNOTS.);
#1520 = CARTESIAN_POINT('',(-13.164111,6.35,0.));
#1521 = CARTESIAN_POINT('',(-13.11349643884,6.400614561156,58.));
#1522 = CARTESIAN_POINT('',(-13.164111,-6.35,0.));
#1523 = CARTESIAN_POINT('',(-13.11349643884,-6.400614561156,58.));
#1524 = ADVANCED_FACE('',(#1525),#1565,.F.);
#1525 = FACE_BOUND('',#1526,.F.);
#1526 = EDGE_LOOP('',(#1527,#1528,#1529,#1540));
#1527 = ORIENTED_EDGE('',*,*,#1455,.F.);
#1528 = ORIENTED_EDGE('',*,*,#1290,.T.);
#1529 = ORIENTED_EDGE('',*,*,#1530,.T.);
#1530 = EDGE_CURVE('',#1283,#1531,#1533,.T.);
#1531 = VERTEX_POINT('',#1532);
#1532 = CARTESIAN_POINT('',(-12.63356753978,-5.,35.000000190386));
#1533 = B_SPLINE_CURVE_WITH_KNOTS('',3,(#1534,#1535,#1536,#1537,#1538,
    #1539),.UNSPECIFIED.,.F.,.F.,(4,2,4),(-2.141782649779,
    2.181659350594E-04,53.200020199704),.UNSPECIFIED.);
#1534 = CARTESIAN_POINT('',(-12.6659802481,-5.,-2.14221816623));
#1535 = CARTESIAN_POINT('',(-12.6653571654,-5.,-1.428218164552));
#1536 = CARTESIAN_POINT('',(-12.6647340827,-5.,-0.714218164519));
#1537 = CARTESIAN_POINT('',(-12.64863580688,-5.,17.733042385304));
#1538 = CARTESIAN_POINT('',(-12.63316061371,-5.,35.466303000848));
#1539 = CARTESIAN_POINT('',(-12.61768542049,-5.,53.199563670815));
#1540 = ORIENTED_EDGE('',*,*,#1541,.F.);
#1541 = EDGE_CURVE('',#1456,#1531,#1542,.T.);
#1542 = B_SPLINE_CURVE_WITH_KNOTS('',6,(#1543,#1544,#1545,#1546,#1547,
    #1548,#1549,#1550,#1551,#1552,#1553,#1554,#1555,#1556,#1557,#1558,
    #1559,#1560,#1561,#1562,#1563,#1564),.UNSPECIFIED.,.F.,.F.,(7,5,5,5,
    7),(0.,0.130499695542,0.472517680664,0.720910268148,1.),
  .UNSPECIFIED.);
#1543 = CARTESIAN_POINT('',(-13.13313101714,-5.5,35.500436332258));
#1544 = CARTESIAN_POINT('',(-13.13314420634,-5.484621837713,
    35.485058175625));
#1545 = CARTESIAN_POINT('',(-13.13259074012,-5.46900853704,
    35.469444386016));
#1546 = CARTESIAN_POINT('',(-13.13143672618,-5.453192953121,
    35.453627789008));
#1547 = CARTESIAN_POINT('',(-13.12965241328,-5.437213268297,
    35.437646540992));
#1548 = CARTESIAN_POINT('',(-13.12721219132,-5.421112992106,
    35.421544129174));
#1549 = CARTESIAN_POINT('',(-13.1159238803,-5.362556759744,
    35.362978023604));
#1550 = CARTESIAN_POINT('',(-13.10310141856,-5.319679813358,
    35.32008987118));
#1551 = CARTESIAN_POINT('',(-13.08525719279,-5.277179667924,
    35.277574137534));
#1552 = CARTESIAN_POINT('',(-13.06226782559,-5.236164765705,
    35.236539157685));
#1553 = CARTESIAN_POINT('',(-13.03451657735,-5.197793477338,
    35.198143637169));
#1554 = CARTESIAN_POINT('',(-12.97964575463,-5.137616889671,
    35.137919142751));
#1555 = CARTESIAN_POINT('',(-12.95443276383,-5.114152555547,
    35.114432797201));
#1556 = CARTESIAN_POINT('',(-12.92736872352,-5.092875279608,
    35.093131895323));
#1557 = CARTESIAN_POINT('',(-12.89882727234,-5.074046305544,
    35.074278006969));
#1558 = CARTESIAN_POINT('',(-12.86923073602,-5.057800388071,
    35.058006255453));
#1559 = CARTESIAN_POINT('',(-12.8050031184,-5.028840034323,
    35.028989841493));
#1560 = CARTESIAN_POINT('',(-12.77020197759,-5.016809985256,
    35.016929418114));
#1561 = CARTESIAN_POINT('',(-12.73515995253,-5.008109871349,
    35.00819872095));
#1562 = CARTESIAN_POINT('',(-12.70043512177,-5.002597480386,
    35.002656024749));
#1563 = CARTESIAN_POINT('',(-12.66646463362,-5.,35.000028898523));
#1564 = CARTESIAN_POINT('',(-12.63356753978,-5.,35.000000190386));
#1565 = ( BOUNDED_SURFACE() B_SPLINE_SURFACE(2,3,(
    (#1566,#1567,#1568,#1569,#1570,#1571)
    ,(#1572,#1573,#1574,#1575,#1576,#1577)
    ,(#1578,#1579,#1580,#1581,#1582,#1583
)),.UNSPECIFIED.,.F.,.F.,.F.) B_SPLINE_SURFACE_WITH_KNOTS((3,3),(4,2,4),
  (0.,53.199802033769),(-2.141782649779,2.181659350594E-04,
53.200020199704),.UNSPECIFIED.) GEOMETRIC_REPRESENTATION_ITEM() 
RATIONAL_B_SPLINE_SURFACE((
    (1.,1.,1.,1.,1.,1.)
    ,(0.707106781187,0.707106781187,0.707106781187,0.707106781187
      ,0.707106781187,0.707106781187)
,(1.,1.,1.,1.,1.,1.))) REPRESENTATION_ITEM('') SURFACE() );
#1566 = CARTESIAN_POINT('',(-13.16598005771,-5.5,-2.141781833972));
#1567 = CARTESIAN_POINT('',(-13.16535697501,-5.5,-1.427781832295));
#1568 = CARTESIAN_POINT('',(-13.16473389231,-5.5,-0.713781832261));
#1569 = CARTESIAN_POINT('',(-13.14863561649,-5.5,17.733478717561));
#1570 = CARTESIAN_POINT('',(-13.13316042332,-5.5,35.466739333105));
#1571 = CARTESIAN_POINT('',(-13.1176852301,-5.5,53.200000003073));
#1572 = CARTESIAN_POINT('',(-13.16598005771,-5.,-2.141781833972));
#1573 = CARTESIAN_POINT('',(-13.16535697501,-5.,-1.427781832295));
#1574 = CARTESIAN_POINT('',(-13.16473389231,-5.,-0.713781832261));
#1575 = CARTESIAN_POINT('',(-13.14863561649,-5.,17.733478717561));
#1576 = CARTESIAN_POINT('',(-13.13316042332,-5.,35.466739333105));
#1577 = CARTESIAN_POINT('',(-13.1176852301,-5.,53.200000003073));
#1578 = CARTESIAN_POINT('',(-12.6659802481,-5.,-2.14221816623));
#1579 = CARTESIAN_POINT('',(-12.6653571654,-5.,-1.428218164552));
#1580 = CARTESIAN_POINT('',(-12.6647340827,-5.,-0.714218164519));
#1581 = CARTESIAN_POINT('',(-12.64863580688,-5.,17.733042385304));
#1582 = CARTESIAN_POINT('',(-12.63316061371,-5.,35.466303000848));
#1583 = CARTESIAN_POINT('',(-12.61768542049,-5.,53.199563670815));
#1584 = ADVANCED_FACE('',(#1585),#1632,.T.);
#1585 = FACE_BOUND('',#1586,.T.);
#1586 = EDGE_LOOP('',(#1587,#1588,#1601,#1631));
#1587 = ORIENTED_EDGE('',*,*,#65,.T.);
#1588 = ORIENTED_EDGE('',*,*,#1589,.T.);
#1589 = EDGE_CURVE('',#66,#1590,#1592,.T.);
#1590 = VERTEX_POINT('',#1591);
#1591 = CARTESIAN_POINT('',(-13.61349624845,-6.400614561156,58.));
#1592 = B_SPLINE_CURVE_WITH_KNOTS('',3,(#1593,#1594,#1595,#1596,#1597,
    #1598,#1599,#1600),.UNSPECIFIED.,.F.,.F.,(4,2,2,4),(-3.195078764783,
    -4.363319254728E-04,57.999607837606,61.194250270464),.UNSPECIFIED.);
#1593 = CARTESIAN_POINT('',(-13.66689865964,-6.347212149972,-3.19464));
#1594 = CARTESIAN_POINT('',(-13.6659693763,-6.348141433314,-2.12976));
#1595 = CARTESIAN_POINT('',(-13.66504009295,-6.349070716657,-1.06488));
#1596 = CARTESIAN_POINT('',(-13.64723928922,-6.366871520385,
    19.333333333333));
#1597 = CARTESIAN_POINT('',(-13.63036776884,-6.383743040771,
    38.666666666667));
#1598 = CARTESIAN_POINT('',(-13.61256696511,-6.401543844499,59.06488));
#1599 = CARTESIAN_POINT('',(-13.61163768177,-6.402473127842,60.12976));
#1600 = CARTESIAN_POINT('',(-13.61070839842,-6.403402411185,61.19464));
#1601 = ORIENTED_EDGE('',*,*,#1602,.F.);
#1602 = EDGE_CURVE('',#1468,#1590,#1603,.T.);
#1603 = B_SPLINE_CURVE_WITH_KNOTS('',6,(#1604,#1605,#1606,#1607,#1608,
    #1609,#1610,#1611,#1612,#1613,#1614,#1615,#1616,#1617,#1618,#1619,
    #1620,#1621,#1622,#1623,#1624,#1625,#1626,#1627,#1628,#1629,#1630),
  .UNSPECIFIED.,.F.,.F.,(7,5,5,5,5,7),(0.,0.13054117446,0.4041504147,
    0.627753600604,0.810139284447,1.),.UNSPECIFIED.);
#1604 = CARTESIAN_POINT('',(-13.11393315203,-5.900178038347,
    57.499563668005));
#1605 = CARTESIAN_POINT('',(-13.11391995406,-5.91557470062,
    57.514946893944));
#1606 = CARTESIAN_POINT('',(-13.11447379169,-5.931206884214,
    57.530565931155));
#1607 = CARTESIAN_POINT('',(-13.11562858852,-5.947041673972,
    57.546387922401));
#1608 = CARTESIAN_POINT('',(-13.11741412398,-5.963040813312,
    57.562374670246));
#1609 = CARTESIAN_POINT('',(-13.11985603339,-5.979160704221,
    57.57848263706));
#1610 = CARTESIAN_POINT('',(-13.12951473424,-6.029289589025,
    57.628576243133));
#1611 = CARTESIAN_POINT('',(-13.13903073671,-6.063542476523,
    57.662807569705));
#1612 = CARTESIAN_POINT('',(-13.15171405508,-6.097663934549,
    57.696910345406));
#1613 = CARTESIAN_POINT('',(-13.1676513667,-6.131113180279,
    57.730344334559));
#1614 = CARTESIAN_POINT('',(-13.186746398,-6.163307868819,
    57.762527616007));
#1615 = CARTESIAN_POINT('',(-13.22671362927,-6.218602169892,
    57.817808583793));
#1616 = CARTESIAN_POINT('',(-13.24662322565,-6.242288518485,
    57.841491654586));
#1617 = CARTESIAN_POINT('',(-13.2683276552,-6.264514631613,
    57.863717329385));
#1618 = CARTESIAN_POINT('',(-13.29161344785,-6.28502865676,
    57.884233788979));
#1619 = CARTESIAN_POINT('',(-13.31620900183,-6.303645301635,
    57.902855665614));
#1620 = CARTESIAN_POINT('',(-13.36271766854,-6.333800872213,
    57.93302552993));
#1621 = CARTESIAN_POINT('',(-13.38428956203,-6.346012021289,
    57.945244857098));
#1622 = CARTESIAN_POINT('',(-13.40638202369,-6.356826384666,
    57.95606907071));
#1623 = CARTESIAN_POINT('',(-13.42882922524,-6.366217939676,
    57.965472026076));
#1624 = CARTESIAN_POINT('',(-13.45146867719,-6.374192229511,
    57.973459119755));
#1625 = CARTESIAN_POINT('',(-13.49776608999,-6.387643992294,
    57.986939556026));
#1626 = CARTESIAN_POINT('',(-13.52142784232,-6.393005618372,
    57.992317156064));
#1627 = CARTESIAN_POINT('',(-13.54496982546,-6.396905186747,
    57.996233868654));
#1628 = CARTESIAN_POINT('',(-13.56824209165,-6.399411537758,
    57.998758343258));
#1629 = CARTESIAN_POINT('',(-13.59111745774,-6.400614543932,
    57.999980263054));
#1630 = CARTESIAN_POINT('',(-13.61349624862,-6.40061456099,
    57.999999809282));
#1631 = ORIENTED_EDGE('',*,*,#1467,.F.);
#1632 = ( BOUNDED_SURFACE() B_SPLINE_SURFACE(2,3,(
    (#1633,#1634,#1635,#1636,#1637,#1638,#1639,#1640)
    ,(#1641,#1642,#1643,#1644,#1645,#1646,#1647,#1648)
    ,(#1649,#1650,#1651,#1652,#1653,#1654,#1655,#1656
)),.UNSPECIFIED.,.F.,.F.,.F.) B_SPLINE_SURFACE_WITH_KNOTS((3,3),(4,2,2,4
    ),(0.,58.000044169531),(-3.195078764783,-4.363319254728E-04,
    57.999607837606,61.194250270464),.UNSPECIFIED.) 
GEOMETRIC_REPRESENTATION_ITEM() RATIONAL_B_SPLINE_SURFACE((
    (1.,1.,1.,1.,1.,1.,1.,1.)
    ,(0.707107050433,0.707107050433,0.707107050433,0.707107050433
      ,0.707107050433,0.707107050433,0.707107050433,0.707107050433)
,(1.,1.,1.,1.,1.,1.,1.,1.))) REPRESENTATION_ITEM('') SURFACE() );
#1633 = CARTESIAN_POINT('',(-13.16689885002,-5.847212340357,-3.19464));
#1634 = CARTESIAN_POINT('',(-13.16596956668,-5.8481416237,-2.12976));
#1635 = CARTESIAN_POINT('',(-13.16504028334,-5.849070907043,-1.06488));
#1636 = CARTESIAN_POINT('',(-13.14723947961,-5.866871710771,
    19.333333333333));
#1637 = CARTESIAN_POINT('',(-13.13036795922,-5.883743231157,
    38.666666666667));
#1638 = CARTESIAN_POINT('',(-13.1125671555,-5.901544034885,59.06488));
#1639 = CARTESIAN_POINT('',(-13.11163787215,-5.902473318228,60.12976));
#1640 = CARTESIAN_POINT('',(-13.11070858881,-5.903402601571,61.19464));
#1641 = CARTESIAN_POINT('',(-13.1668992308,-6.3472117692,-3.195076331593
    ));
#1642 = CARTESIAN_POINT('',(-13.16596994745,-6.348141052543,
    -2.130196331593));
#1643 = CARTESIAN_POINT('',(-13.16504066411,-6.349070335886,
    -1.065316331593));
#1644 = CARTESIAN_POINT('',(-13.14723986038,-6.366871139614,
    19.33289700174));
#1645 = CARTESIAN_POINT('',(-13.13036834,-6.38374266,38.666230335074));
#1646 = CARTESIAN_POINT('',(-13.11256753627,-6.401543463728,
    59.064443668407));
#1647 = CARTESIAN_POINT('',(-13.11163825292,-6.402472747071,
    60.129323668407));
#1648 = CARTESIAN_POINT('',(-13.11070896958,-6.403402030413,
    61.194203668407));
#1649 = CARTESIAN_POINT('',(-13.66689865964,-6.347212149972,-3.19464));
#1650 = CARTESIAN_POINT('',(-13.6659693763,-6.348141433314,-2.12976));
#1651 = CARTESIAN_POINT('',(-13.66504009295,-6.349070716657,-1.06488));
#1652 = CARTESIAN_POINT('',(-13.64723928922,-6.366871520385,
    19.333333333333));
#1653 = CARTESIAN_POINT('',(-13.63036776884,-6.383743040771,
    38.666666666667));
#1654 = CARTESIAN_POINT('',(-13.61256696511,-6.401543844499,59.06488));
#1655 = CARTESIAN_POINT('',(-13.61163768177,-6.402473127842,60.12976));
#1656 = CARTESIAN_POINT('',(-13.61070839842,-6.403402411185,61.19464));
#1657 = ADVANCED_FACE('',(#1658),#1693,.F.);
#1658 = FACE_BOUND('',#1659,.F.);
#1659 = EDGE_LOOP('',(#1660,#1671,#1678,#1686,#1691,#1692));
#1660 = ORIENTED_EDGE('',*,*,#1661,.T.);
#1661 = EDGE_CURVE('',#1256,#1662,#1664,.T.);
#1662 = VERTEX_POINT('',#1663);
#1663 = CARTESIAN_POINT('',(-12.19465446021,-5.,35.000000190386));
#1664 = B_SPLINE_CURVE_WITH_KNOTS('',3,(#1665,#1666,#1667,#1668,#1669,
    #1670),.UNSPECIFIED.,.F.,.F.,(4,2,4),(-2.14178264978,
    2.181659349763E-04,53.200020199704),.UNSPECIFIED.);
#1665 = CARTESIAN_POINT('',(-12.16224175189,-5.,-2.14221816623));
#1666 = CARTESIAN_POINT('',(-12.16286483459,-5.,-1.428218164552));
#1667 = CARTESIAN_POINT('',(-12.1634879173,-5.,-0.714218164519));
#1668 = CARTESIAN_POINT('',(-12.17958619311,-5.,17.733042385304));
#1669 = CARTESIAN_POINT('',(-12.19506138628,-5.,35.466303000848));
#1670 = CARTESIAN_POINT('',(-12.2105365795,-5.,53.199563670815));
#1671 = ORIENTED_EDGE('',*,*,#1672,.T.);
#1672 = EDGE_CURVE('',#1662,#1673,#1675,.T.);
#1673 = VERTEX_POINT('',#1674);
#1674 = CARTESIAN_POINT('',(-12.19509079247,-5.,35.));
#1675 = B_SPLINE_CURVE_WITH_KNOTS('',1,(#1676,#1677),.UNSPECIFIED.,.F.,
  .F.,(2,2),(0.,1.),.PIECEWISE_BEZIER_KNOTS.);
#1676 = CARTESIAN_POINT('',(-12.19421812795,-5.,35.000000761544));
#1677 = CARTESIAN_POINT('',(-12.19509079247,-5.,35.));
#1678 = ORIENTED_EDGE('',*,*,#1679,.T.);
#1679 = EDGE_CURVE('',#1673,#1680,#1682,.T.);
#1680 = VERTEX_POINT('',#1681);
#1681 = CARTESIAN_POINT('',(-12.63313120752,-5.,35.));
#1682 = LINE('',#1683,#1684);
#1683 = CARTESIAN_POINT('',(15.,-5.,35.));
#1684 = VECTOR('',#1685,1.);
#1685 = DIRECTION('',(-1.,0.,0.));
#1686 = ORIENTED_EDGE('',*,*,#1687,.F.);
#1687 = EDGE_CURVE('',#1531,#1680,#1688,.T.);
#1688 = B_SPLINE_CURVE_WITH_KNOTS('',1,(#1689,#1690),.UNSPECIFIED.,.F.,
  .F.,(2,2),(0.,1.),.PIECEWISE_BEZIER_KNOTS.);
#1689 = CARTESIAN_POINT('',(-12.63400387204,-5.,35.000000761544));
#1690 = CARTESIAN_POINT('',(-12.63313120752,-5.,35.));
#1691 = ORIENTED_EDGE('',*,*,#1530,.F.);
#1692 = ORIENTED_EDGE('',*,*,#1282,.F.);
#1693 = PLANE('',#1694);
#1694 = AXIS2_PLACEMENT_3D('',#1695,#1696,#1697);
#1695 = CARTESIAN_POINT('',(15.,-5.,0.));
#1696 = DIRECTION('',(0.,-1.,0.));
#1697 = DIRECTION('',(-1.,0.,0.));
#1698 = ADVANCED_FACE('',(#1699),#1722,.T.);
#1699 = FACE_BOUND('',#1700,.T.);
#1700 = EDGE_LOOP('',(#1701,#1702,#1715,#1721));
#1701 = ORIENTED_EDGE('',*,*,#92,.T.);
#1702 = ORIENTED_EDGE('',*,*,#1703,.T.);
#1703 = EDGE_CURVE('',#93,#1704,#1706,.T.);
#1704 = VERTEX_POINT('',#1705);
#1705 = CARTESIAN_POINT('',(-19.16472575154,-6.400614561156,58.));
#1706 = B_SPLINE_CURVE_WITH_KNOTS('',3,(#1707,#1708,#1709,#1710,#1711,
    #1712,#1713,#1714),.UNSPECIFIED.,.F.,.F.,(4,2,2,4),(-3.195078764783,
    -4.36331925474E-04,57.999607837606,61.194250270464),.UNSPECIFIED.);
#1707 = CARTESIAN_POINT('',(-19.11132334035,-6.347212149972,-3.19464));
#1708 = CARTESIAN_POINT('',(-19.1122526237,-6.348141433314,-2.12976));
#1709 = CARTESIAN_POINT('',(-19.11318190704,-6.349070716657,-1.06488));
#1710 = CARTESIAN_POINT('',(-19.13098271077,-6.366871520385,
    19.333333333333));
#1711 = CARTESIAN_POINT('',(-19.14785423115,-6.383743040771,
    38.666666666667));
#1712 = CARTESIAN_POINT('',(-19.16565503488,-6.401543844499,59.06488));
#1713 = CARTESIAN_POINT('',(-19.16658431822,-6.402473127842,60.12976));
#1714 = CARTESIAN_POINT('',(-19.16751360157,-6.403402411185,61.19464));
#1715 = ORIENTED_EDGE('',*,*,#1716,.F.);
#1716 = EDGE_CURVE('',#1590,#1704,#1717,.T.);
#1717 = LINE('',#1718,#1719);
#1718 = CARTESIAN_POINT('',(-13.164111,-6.400614561156,58.));
#1719 = VECTOR('',#1720,1.);
#1720 = DIRECTION('',(-1.,0.,0.));
#1721 = ORIENTED_EDGE('',*,*,#1589,.F.);
#1722 = B_SPLINE_SURFACE_WITH_KNOTS('',1,1,(
    (#1723,#1724)
    ,(#1725,#1726
    )),.UNSPECIFIED.,.F.,.F.,.F.,(2,2),(2,2),(-5.061456115623E-02,
    6.500614561156),(0.,1.),.PIECEWISE_BEZIER_KNOTS.);
#1723 = CARTESIAN_POINT('',(-13.164111,-6.35,0.));
#1724 = CARTESIAN_POINT('',(-13.11349643884,-6.400614561156,58.));
#1725 = CARTESIAN_POINT('',(-19.614111,-6.35,0.));
#1726 = CARTESIAN_POINT('',(-19.66472556115,-6.400614561156,58.));
#1727 = ADVANCED_FACE('',(#1728),#1768,.F.);
#1728 = FACE_BOUND('',#1729,.F.);
#1729 = EDGE_LOOP('',(#1730,#1731,#1732,#1743));
#1730 = ORIENTED_EDGE('',*,*,#1661,.F.);
#1731 = ORIENTED_EDGE('',*,*,#1255,.T.);
#1732 = ORIENTED_EDGE('',*,*,#1733,.T.);
#1733 = EDGE_CURVE('',#1248,#1734,#1736,.T.);
#1734 = VERTEX_POINT('',#1735);
#1735 = CARTESIAN_POINT('',(-11.69509098285,-5.499999974787,
    35.500436332258));
#1736 = B_SPLINE_CURVE_WITH_KNOTS('',3,(#1737,#1738,#1739,#1740,#1741,
    #1742),.UNSPECIFIED.,.F.,.F.,(4,2,4),(-2.14178264978,
    2.181659349763E-04,53.200020199704),.UNSPECIFIED.);
#1737 = CARTESIAN_POINT('',(-11.66224194228,-5.5,-2.141781833972));
#1738 = CARTESIAN_POINT('',(-11.66286502498,-5.5,-1.427781832295));
#1739 = CARTESIAN_POINT('',(-11.66348810768,-5.5,-0.713781832261));
#1740 = CARTESIAN_POINT('',(-11.6795863835,-5.5,17.733478717561));
#1741 = CARTESIAN_POINT('',(-11.69506157667,-5.5,35.466739333106));
#1742 = CARTESIAN_POINT('',(-11.71053676989,-5.5,53.200000003073));
#1743 = ORIENTED_EDGE('',*,*,#1744,.T.);
#1744 = EDGE_CURVE('',#1734,#1662,#1745,.T.);
#1745 = B_SPLINE_CURVE_WITH_KNOTS('',6,(#1746,#1747,#1748,#1749,#1750,
    #1751,#1752,#1753,#1754,#1755,#1756,#1757,#1758,#1759,#1760,#1761,
    #1762,#1763,#1764,#1765,#1766,#1767),.UNSPECIFIED.,.F.,.F.,(7,5,5,5,
    7),(0.,0.13043598659,0.473653013335,0.720846299719,1.),
  .UNSPECIFIED.);
#1746 = CARTESIAN_POINT('',(-11.69509098285,-5.499999999997,
    35.500436332258));
#1747 = CARTESIAN_POINT('',(-11.69507779951,-5.48462934502,
    35.485065682927));
#1748 = CARTESIAN_POINT('',(-11.69563071971,-5.469023781631,
    35.469459631083));
#1749 = CARTESIAN_POINT('',(-11.69678358463,-5.453216116332,
    35.453650953702));
#1750 = CARTESIAN_POINT('',(-11.69856610342,-5.437244472788,
    35.437677748536));
#1751 = CARTESIAN_POINT('',(-11.70100385323,-5.42115229183,
    35.421583434111));
#1752 = CARTESIAN_POINT('',(-11.71231328779,-5.362456001486,
    35.362877252071));
#1753 = CARTESIAN_POINT('',(-11.72519244629,-5.319426823111,
    35.319836818123));
#1754 = CARTESIAN_POINT('',(-11.74312978759,-5.276779323414,
    35.277173648899));
#1755 = CARTESIAN_POINT('',(-11.76624941964,-5.235634579752,
    35.236008713881));
#1756 = CARTESIAN_POINT('',(-11.79416061139,-5.197163369143,
    35.197513131507));
#1757 = CARTESIAN_POINT('',(-11.84914688315,-5.137087611549,
    35.137389366451));
#1758 = CARTESIAN_POINT('',(-11.87427122058,-5.11377591939,
    35.11405574029));
#1759 = CARTESIAN_POINT('',(-11.90122378693,-5.092633668017,
    35.092889960309));
#1760 = CARTESIAN_POINT('',(-11.92963588349,-5.073917222465,
    35.074148713392));
#1761 = CARTESIAN_POINT('',(-11.95909139126,-5.057758960632,
    35.05796474062));
#1762 = CARTESIAN_POINT('',(-12.02317899845,-5.028853822716,
    35.029003664697));
#1763 = CARTESIAN_POINT('',(-12.05798789491,-5.01681796322,
    35.016937424117));
#1764 = CARTESIAN_POINT('',(-12.0930381698,-5.00811366177,35.00820253221
    ));
#1765 = CARTESIAN_POINT('',(-12.12777130566,-5.002598671429,
    35.002657229382));
#1766 = CARTESIAN_POINT('',(-12.16174982615,-5.,35.000028905103));
#1767 = CARTESIAN_POINT('',(-12.19465446021,-5.,35.000000190386));
#1768 = ( BOUNDED_SURFACE() B_SPLINE_SURFACE(2,3,(
    (#1769,#1770,#1771,#1772,#1773,#1774)
    ,(#1775,#1776,#1777,#1778,#1779,#1780)
    ,(#1781,#1782,#1783,#1784,#1785,#1786
)),.UNSPECIFIED.,.F.,.F.,.F.) B_SPLINE_SURFACE_WITH_KNOTS((3,3),(4,2,4),
  (0.,53.199802033769),(-2.14178264978,2.181659349763E-04,
53.200020199704),.UNSPECIFIED.) GEOMETRIC_REPRESENTATION_ITEM() 
RATIONAL_B_SPLINE_SURFACE((
    (1.,1.,1.,1.,1.,1.)
    ,(0.707106781187,0.707106781187,0.707106781187,0.707106781187
      ,0.707106781187,0.707106781187)
,(1.,1.,1.,1.,1.,1.))) REPRESENTATION_ITEM('') SURFACE() );
#1769 = CARTESIAN_POINT('',(-12.16224175189,-5.,-2.14221816623));
#1770 = CARTESIAN_POINT('',(-12.16286483459,-5.,-1.428218164552));
#1771 = CARTESIAN_POINT('',(-12.1634879173,-5.,-0.714218164519));
#1772 = CARTESIAN_POINT('',(-12.17958619311,-5.,17.733042385304));
#1773 = CARTESIAN_POINT('',(-12.19506138628,-5.,35.466303000848));
#1774 = CARTESIAN_POINT('',(-12.2105365795,-5.,53.199563670815));
#1775 = CARTESIAN_POINT('',(-11.66224194228,-5.,-2.141781833972));
#1776 = CARTESIAN_POINT('',(-11.66286502498,-5.,-1.427781832295));
#1777 = CARTESIAN_POINT('',(-11.66348810768,-5.,-0.713781832261));
#1778 = CARTESIAN_POINT('',(-11.6795863835,-5.,17.733478717561));
#1779 = CARTESIAN_POINT('',(-11.69506157667,-5.,35.466739333106));
#1780 = CARTESIAN_POINT('',(-11.71053676989,-5.,53.200000003072));
#1781 = CARTESIAN_POINT('',(-11.66224194228,-5.5,-2.141781833972));
#1782 = CARTESIAN_POINT('',(-11.66286502498,-5.5,-1.427781832295));
#1783 = CARTESIAN_POINT('',(-11.66348810768,-5.5,-0.713781832261));
#1784 = CARTESIAN_POINT('',(-11.6795863835,-5.5,17.733478717561));
#1785 = CARTESIAN_POINT('',(-11.69506157667,-5.5,35.466739333106));
#1786 = CARTESIAN_POINT('',(-11.71053676989,-5.5,53.200000003073));
#1787 = ADVANCED_FACE('',(#1788),#1828,.F.);
#1788 = FACE_BOUND('',#1789,.F.);
#1789 = EDGE_LOOP('',(#1790,#1791,#1792,#1817));
#1790 = ORIENTED_EDGE('',*,*,#100,.T.);
#1791 = ORIENTED_EDGE('',*,*,#1703,.T.);
#1792 = ORIENTED_EDGE('',*,*,#1793,.F.);
#1793 = EDGE_CURVE('',#1794,#1704,#1796,.T.);
#1794 = VERTEX_POINT('',#1795);
#1795 = CARTESIAN_POINT('',(-19.66428884796,-5.900178038347,
    57.499563667742));
#1796 = B_SPLINE_CURVE_WITH_KNOTS('',7,(#1797,#1798,#1799,#1800,#1801,
    #1802,#1803,#1804,#1805,#1806,#1807,#1808,#1809,#1810,#1811,#1812,
    #1813,#1814,#1815,#1816),.UNSPECIFIED.,.F.,.F.,(8,6,6,8),(0.,
    0.129971254074,0.620314110468,1.),.UNSPECIFIED.);
#1797 = CARTESIAN_POINT('',(-19.66428884796,-5.900178038347,
    57.499563668219));
#1798 = CARTESIAN_POINT('',(-19.66430012096,-5.913317555997,
    57.51269171897));
#1799 = CARTESIAN_POINT('',(-19.66390988224,-5.926623832204,
    57.525986733912));
#1800 = CARTESIAN_POINT('',(-19.66309901332,-5.940078308077,
    57.539430186593));
#1801 = CARTESIAN_POINT('',(-19.66185013473,-5.953660173199,
    57.553001299641));
#1802 = CARTESIAN_POINT('',(-19.66014760609,-5.967346365627,
    57.566677044762));
#1803 = CARTESIAN_POINT('',(-19.65797752603,-5.981111571891,
    57.58043214274));
#1804 = CARTESIAN_POINT('',(-19.64533084903,-6.047054354244,
    57.646328465674));
#1805 = CARTESIAN_POINT('',(-19.62850707675,-6.099913867319,
    57.699156571879));
#1806 = CARTESIAN_POINT('',(-19.60423403439,-6.152032997021,
    57.751251440971));
#1807 = CARTESIAN_POINT('',(-19.57232584585,-6.201550968204,
    57.800754082426));
#1808 = CARTESIAN_POINT('',(-19.53350371446,-6.24637219574,
    57.845570108895));
#1809 = CARTESIAN_POINT('',(-19.489316846,-6.285061273001,
    57.884264013348));
#1810 = CARTESIAN_POINT('',(-19.40446397344,-6.341562411223,
    57.940789936161));
#1811 = CARTESIAN_POINT('',(-19.36525451305,-6.362115486306,
    57.961359307667));
#1812 = CARTESIAN_POINT('',(-19.32467161381,-6.378233553311,
    57.977498736546));
#1813 = CARTESIAN_POINT('',(-19.28360351627,-6.38984638546,
    57.989137282114));
#1814 = CARTESIAN_POINT('',(-19.24286499901,-6.397178014579,
    57.996498069832));
#1815 = CARTESIAN_POINT('',(-19.20308580071,-6.400614531751,
    57.999966304602));
#1816 = CARTESIAN_POINT('',(-19.16472575137,-6.40061456099,
    57.999999809282));
#1817 = ORIENTED_EDGE('',*,*,#1818,.F.);
#1818 = EDGE_CURVE('',#101,#1794,#1819,.T.);
#1819 = B_SPLINE_CURVE_WITH_KNOTS('',3,(#1820,#1821,#1822,#1823,#1824,
    #1825,#1826,#1827),.UNSPECIFIED.,.F.,.F.,(4,2,2,4),(-3.195078764783,
    -4.36331925474E-04,57.999607837606,61.194250270464),.UNSPECIFIED.);
#1820 = CARTESIAN_POINT('',(-19.61132314997,-5.847212340357,-3.19464));
#1821 = CARTESIAN_POINT('',(-19.61225243331,-5.8481416237,-2.12976));
#1822 = CARTESIAN_POINT('',(-19.61318171665,-5.849070907043,-1.06488));
#1823 = CARTESIAN_POINT('',(-19.63098252038,-5.866871710771,
    19.333333333333));
#1824 = CARTESIAN_POINT('',(-19.64785404077,-5.883743231157,
    38.666666666667));
#1825 = CARTESIAN_POINT('',(-19.66565484449,-5.901544034885,59.06488));
#1826 = CARTESIAN_POINT('',(-19.66658412784,-5.902473318228,60.12976));
#1827 = CARTESIAN_POINT('',(-19.66751341118,-5.903402601571,61.19464));
#1828 = ( BOUNDED_SURFACE() B_SPLINE_SURFACE(2,3,(
    (#1829,#1830,#1831,#1832,#1833,#1834,#1835,#1836)
    ,(#1837,#1838,#1839,#1840,#1841,#1842,#1843,#1844)
    ,(#1845,#1846,#1847,#1848,#1849,#1850,#1851,#1852
)),.UNSPECIFIED.,.F.,.F.,.F.) B_SPLINE_SURFACE_WITH_KNOTS((3,3),(4,2,2,4
    ),(0.,58.000044169531),(-3.195078764783,-4.36331925474E-04,
    57.999607837606,61.194250270464),.UNSPECIFIED.) 
GEOMETRIC_REPRESENTATION_ITEM() RATIONAL_B_SPLINE_SURFACE((
    (1.,1.,1.,1.,1.,1.,1.,1.)
    ,(0.707107050433,0.707107050433,0.707107050433,0.707107050433
      ,0.707107050433,0.707107050433,0.707107050433,0.707107050433)
,(1.,1.,1.,1.,1.,1.,1.,1.))) REPRESENTATION_ITEM('') SURFACE() );
#1829 = CARTESIAN_POINT('',(-19.61132314997,-5.847212340357,-3.19464));
#1830 = CARTESIAN_POINT('',(-19.61225243331,-5.8481416237,-2.12976));
#1831 = CARTESIAN_POINT('',(-19.61318171665,-5.849070907043,-1.06488));
#1832 = CARTESIAN_POINT('',(-19.63098252038,-5.866871710771,
    19.333333333333));
#1833 = CARTESIAN_POINT('',(-19.64785404077,-5.883743231157,
    38.666666666667));
#1834 = CARTESIAN_POINT('',(-19.66565484449,-5.901544034885,59.06488));
#1835 = CARTESIAN_POINT('',(-19.66658412784,-5.902473318228,60.12976));
#1836 = CARTESIAN_POINT('',(-19.66751341118,-5.903402601571,61.19464));
#1837 = CARTESIAN_POINT('',(-19.6113227692,-6.3472117692,-3.195076331593
    ));
#1838 = CARTESIAN_POINT('',(-19.61225205254,-6.348141052543,
    -2.130196331593));
#1839 = CARTESIAN_POINT('',(-19.61318133588,-6.349070335886,
    -1.065316331593));
#1840 = CARTESIAN_POINT('',(-19.63098213961,-6.366871139614,
    19.33289700174));
#1841 = CARTESIAN_POINT('',(-19.64785366,-6.38374266,38.666230335074));
#1842 = CARTESIAN_POINT('',(-19.66565446372,-6.401543463728,
    59.064443668407));
#1843 = CARTESIAN_POINT('',(-19.66658374707,-6.402472747071,
    60.129323668407));
#1844 = CARTESIAN_POINT('',(-19.66751303041,-6.403402030413,
    61.194203668407));
#1845 = CARTESIAN_POINT('',(-19.11132334035,-6.347212149972,-3.19464));
#1846 = CARTESIAN_POINT('',(-19.1122526237,-6.348141433314,-2.12976));
#1847 = CARTESIAN_POINT('',(-19.11318190704,-6.349070716657,-1.06488));
#1848 = CARTESIAN_POINT('',(-19.13098271077,-6.366871520385,
    19.333333333333));
#1849 = CARTESIAN_POINT('',(-19.14785423115,-6.383743040771,
    38.666666666667));
#1850 = CARTESIAN_POINT('',(-19.16565503488,-6.401543844499,59.06488));
#1851 = CARTESIAN_POINT('',(-19.16658431822,-6.402473127842,60.12976));
#1852 = CARTESIAN_POINT('',(-19.16751360157,-6.403402411185,61.19464));
#1853 = ADVANCED_FACE('',(#1854),#1911,.T.);
#1854 = FACE_BOUND('',#1855,.T.);
#1855 = EDGE_LOOP('',(#1856,#1867,#1868,#1881,#1891,#1902,#1903,#1904));
#1856 = ORIENTED_EDGE('',*,*,#1857,.F.);
#1857 = EDGE_CURVE('',#241,#1858,#1860,.T.);
#1858 = VERTEX_POINT('',#1859);
#1859 = CARTESIAN_POINT('',(-11.69509098285,5.49999994615,
    35.500436332258));
#1860 = B_SPLINE_CURVE_WITH_KNOTS('',3,(#1861,#1862,#1863,#1864,#1865,
    #1866),.UNSPECIFIED.,.F.,.F.,(4,2,4),(-2.14178264978,
    2.181659349175E-04,53.200020199705),.UNSPECIFIED.);
#1861 = CARTESIAN_POINT('',(-11.66224194228,5.5,-2.141781833972));
#1862 = CARTESIAN_POINT('',(-11.66286502498,5.5,-1.427781832295));
#1863 = CARTESIAN_POINT('',(-11.66348810768,5.5,-0.713781832261));
#1864 = CARTESIAN_POINT('',(-11.6795863835,5.5,17.733478717561));
#1865 = CARTESIAN_POINT('',(-11.69506157667,5.5,35.466739333106));
#1866 = CARTESIAN_POINT('',(-11.71053676989,5.5,53.200000003073));
#1867 = ORIENTED_EDGE('',*,*,#267,.T.);
#1868 = ORIENTED_EDGE('',*,*,#1869,.T.);
#1869 = EDGE_CURVE('',#268,#1870,#1872,.T.);
#1870 = VERTEX_POINT('',#1871);
#1871 = CARTESIAN_POINT('',(-11.71428884796,5.900178038347,
    57.499563667742));
#1872 = B_SPLINE_CURVE_WITH_KNOTS('',3,(#1873,#1874,#1875,#1876,#1877,
    #1878,#1879,#1880),.UNSPECIFIED.,.F.,.F.,(4,2,2,4),(-3.195078764783,
    -4.363319254137E-04,57.999607837606,61.194250270464),.UNSPECIFIED.);
#1873 = CARTESIAN_POINT('',(-11.66132314997,5.847212340357,-3.19464));
#1874 = CARTESIAN_POINT('',(-11.66225243331,5.8481416237,-2.12976));
#1875 = CARTESIAN_POINT('',(-11.66318171665,5.849070907043,-1.06488));
#1876 = CARTESIAN_POINT('',(-11.68098252038,5.866871710771,
    19.333333333333));
#1877 = CARTESIAN_POINT('',(-11.69785404077,5.883743231157,
    38.666666666667));
#1878 = CARTESIAN_POINT('',(-11.71565484449,5.901544034885,59.06488));
#1879 = CARTESIAN_POINT('',(-11.71658412784,5.902473318228,60.12976));
#1880 = CARTESIAN_POINT('',(-11.71751341118,5.903402601571,61.19464));
#1881 = ORIENTED_EDGE('',*,*,#1882,.F.);
#1882 = EDGE_CURVE('',#1883,#1870,#1885,.T.);
#1883 = VERTEX_POINT('',#1884);
#1884 = CARTESIAN_POINT('',(-11.71428884796,-5.900178038347,
    57.499563667742));
#1885 = B_SPLINE_CURVE_WITH_KNOTS('',2,(#1886,#1887,#1888,#1889,#1890),
  .UNSPECIFIED.,.F.,.F.,(3,1,1,3),(-1.456380065498,2.183565978016E-04,
    12.801010765715,14.25760918781),.UNSPECIFIED.);
#1886 = CARTESIAN_POINT('',(-11.71428884796,-7.856994626654,
    57.499563667742));
#1887 = CARTESIAN_POINT('',(-11.71428884796,-7.128695415606,
    57.499563667742));
#1888 = CARTESIAN_POINT('',(-11.71428884796,5.329070518201E-15,
    57.499563667742));
#1889 = CARTESIAN_POINT('',(-11.71428884796,7.128695415606,
    57.499563667742));
#1890 = CARTESIAN_POINT('',(-11.71428884796,7.856994626654,
    57.499563667742));
#1891 = ORIENTED_EDGE('',*,*,#1892,.F.);
#1892 = EDGE_CURVE('',#1221,#1883,#1893,.T.);
#1893 = B_SPLINE_CURVE_WITH_KNOTS('',3,(#1894,#1895,#1896,#1897,#1898,
    #1899,#1900,#1901),.UNSPECIFIED.,.F.,.F.,(4,2,2,4),(-3.195078764783,
    -4.36331925414E-04,57.999607837606,61.194250270464),.UNSPECIFIED.);
#1894 = CARTESIAN_POINT('',(-11.66132314997,-5.847212340357,-3.19464));
#1895 = CARTESIAN_POINT('',(-11.66225243331,-5.8481416237,-2.12976));
#1896 = CARTESIAN_POINT('',(-11.66318171665,-5.849070907043,-1.06488));
#1897 = CARTESIAN_POINT('',(-11.68098252038,-5.866871710771,
    19.333333333333));
#1898 = CARTESIAN_POINT('',(-11.69785404077,-5.883743231157,
    38.666666666667));
#1899 = CARTESIAN_POINT('',(-11.71565484449,-5.901544034885,59.06488));
#1900 = CARTESIAN_POINT('',(-11.71658412784,-5.902473318228,60.12976));
#1901 = CARTESIAN_POINT('',(-11.71751341118,-5.903402601571,61.19464));
#1902 = ORIENTED_EDGE('',*,*,#1247,.T.);
#1903 = ORIENTED_EDGE('',*,*,#1733,.T.);
#1904 = ORIENTED_EDGE('',*,*,#1905,.F.);
#1905 = EDGE_CURVE('',#1858,#1734,#1906,.T.);
#1906 = ( BOUNDED_CURVE() B_SPLINE_CURVE(3,(#1907,#1908,#1909,#1910),
.UNSPECIFIED.,.F.,.F.) B_SPLINE_CURVE_WITH_KNOTS((4,4),(-0.380980173718,
11.380980171429),.PIECEWISE_BEZIER_KNOTS.) CURVE() 
GEOMETRIC_REPRESENTATION_ITEM() RATIONAL_B_SPLINE_CURVE((1.,1.,1.,1.)) 
REPRESENTATION_ITEM('') );
#1907 = CARTESIAN_POINT('',(-11.69509098285,5.880980173357,
    35.500436332258));
#1908 = CARTESIAN_POINT('',(-11.69509098285,1.960326724111,
    35.500436332258));
#1909 = CARTESIAN_POINT('',(-11.69509098285,-1.960326701327,
    35.500436332258));
#1910 = CARTESIAN_POINT('',(-11.69509098285,-5.880980173357,
    35.500436332258));
#1911 = B_SPLINE_SURFACE_WITH_KNOTS('',1,1,(
    (#1912,#1913)
    ,(#1914,#1915
    )),.UNSPECIFIED.,.F.,.F.,.F.,(2,2),(2,2),(-5.061456115623E-02,
    12.750614561156),(0.,1.),.PIECEWISE_BEZIER_KNOTS.);
#1912 = CARTESIAN_POINT('',(-11.664111,-6.35,0.));
#1913 = CARTESIAN_POINT('',(-11.71472556115,-6.400614561156,58.));
#1914 = CARTESIAN_POINT('',(-11.664111,6.35,0.));
#1915 = CARTESIAN_POINT('',(-11.71472556115,6.400614561156,58.));
#1916 = ADVANCED_FACE('',(#1917),#1942,.T.);
#1917 = FACE_BOUND('',#1918,.T.);
#1918 = EDGE_LOOP('',(#1919,#1920,#1933,#1941));
#1919 = ORIENTED_EDGE('',*,*,#127,.T.);
#1920 = ORIENTED_EDGE('',*,*,#1921,.T.);
#1921 = EDGE_CURVE('',#128,#1922,#1924,.T.);
#1922 = VERTEX_POINT('',#1923);
#1923 = CARTESIAN_POINT('',(-19.66428884796,5.900178038347,
    57.499563667742));
#1924 = B_SPLINE_CURVE_WITH_KNOTS('',3,(#1925,#1926,#1927,#1928,#1929,
    #1930,#1931,#1932),.UNSPECIFIED.,.F.,.F.,(4,2,2,4),(-3.195078764783,
    -4.363319254728E-04,57.999607837606,61.194250270464),.UNSPECIFIED.);
#1925 = CARTESIAN_POINT('',(-19.61132314997,5.847212340357,-3.19464));
#1926 = CARTESIAN_POINT('',(-19.61225243331,5.8481416237,-2.12976));
#1927 = CARTESIAN_POINT('',(-19.61318171665,5.849070907043,-1.06488));
#1928 = CARTESIAN_POINT('',(-19.63098252038,5.866871710771,
    19.333333333333));
#1929 = CARTESIAN_POINT('',(-19.64785404077,5.883743231157,
    38.666666666667));
#1930 = CARTESIAN_POINT('',(-19.66565484449,5.901544034885,59.06488));
#1931 = CARTESIAN_POINT('',(-19.66658412784,5.902473318228,60.12976));
#1932 = CARTESIAN_POINT('',(-19.66751341118,5.903402601571,61.19464));
#1933 = ORIENTED_EDGE('',*,*,#1934,.F.);
#1934 = EDGE_CURVE('',#1794,#1922,#1935,.T.);
#1935 = B_SPLINE_CURVE_WITH_KNOTS('',2,(#1936,#1937,#1938,#1939,#1940),
  .UNSPECIFIED.,.F.,.F.,(3,1,1,3),(-1.456380065497,2.183565979863E-04,
    12.801010765715,14.25760918781),.UNSPECIFIED.);
#1936 = CARTESIAN_POINT('',(-19.66428884796,-7.856994626654,
    57.499563667742));
#1937 = CARTESIAN_POINT('',(-19.66428884796,-7.128695415606,
    57.499563667742));
#1938 = CARTESIAN_POINT('',(-19.66428884796,8.881784197001E-16,
    57.499563667742));
#1939 = CARTESIAN_POINT('',(-19.66428884796,7.128695415606,
    57.499563667742));
#1940 = CARTESIAN_POINT('',(-19.66428884796,7.856994626654,
    57.499563667742));
#1941 = ORIENTED_EDGE('',*,*,#1818,.F.);
#1942 = B_SPLINE_SURFACE_WITH_KNOTS('',1,1,(
    (#1943,#1944)
    ,(#1945,#1946
    )),.UNSPECIFIED.,.F.,.F.,.F.,(2,2),(2,2),(-5.061456115623E-02,
    12.750614561156),(0.,1.),.PIECEWISE_BEZIER_KNOTS.);
#1943 = CARTESIAN_POINT('',(-19.614111,-6.35,0.));
#1944 = CARTESIAN_POINT('',(-19.66472556115,-6.400614561156,58.));
#1945 = CARTESIAN_POINT('',(-19.614111,6.35,0.));
#1946 = CARTESIAN_POINT('',(-19.66472556115,6.400614561156,58.));
#1947 = ADVANCED_FACE('',(#1948),#1995,.F.);
#1948 = FACE_BOUND('',#1949,.F.);
#1949 = EDGE_LOOP('',(#1950,#1951,#1964,#1994));
#1950 = ORIENTED_EDGE('',*,*,#1220,.T.);
#1951 = ORIENTED_EDGE('',*,*,#1952,.T.);
#1952 = EDGE_CURVE('',#1213,#1953,#1955,.T.);
#1953 = VERTEX_POINT('',#1954);
#1954 = CARTESIAN_POINT('',(-11.21472575154,-6.400614561156,58.));
#1955 = B_SPLINE_CURVE_WITH_KNOTS('',3,(#1956,#1957,#1958,#1959,#1960,
    #1961,#1962,#1963),.UNSPECIFIED.,.F.,.F.,(4,2,2,4),(-3.195078764783,
    -4.36331925414E-04,57.999607837606,61.194250270464),.UNSPECIFIED.);
#1956 = CARTESIAN_POINT('',(-11.16132334035,-6.347212149972,-3.19464));
#1957 = CARTESIAN_POINT('',(-11.1622526237,-6.348141433314,-2.12976));
#1958 = CARTESIAN_POINT('',(-11.16318190704,-6.349070716657,-1.06488));
#1959 = CARTESIAN_POINT('',(-11.18098271077,-6.366871520385,
    19.333333333333));
#1960 = CARTESIAN_POINT('',(-11.19785423115,-6.383743040771,
    38.666666666667));
#1961 = CARTESIAN_POINT('',(-11.21565503488,-6.401543844499,59.06488));
#1962 = CARTESIAN_POINT('',(-11.21658431822,-6.402473127842,60.12976));
#1963 = CARTESIAN_POINT('',(-11.21751360157,-6.403402411185,61.19464));
#1964 = ORIENTED_EDGE('',*,*,#1965,.F.);
#1965 = EDGE_CURVE('',#1883,#1953,#1966,.T.);
#1966 = B_SPLINE_CURVE_WITH_KNOTS('',6,(#1967,#1968,#1969,#1970,#1971,
    #1972,#1973,#1974,#1975,#1976,#1977,#1978,#1979,#1980,#1981,#1982,
    #1983,#1984,#1985,#1986,#1987,#1988,#1989,#1990,#1991,#1992,#1993),
  .UNSPECIFIED.,.F.,.F.,(7,5,5,5,5,7),(0.,0.130541196442,0.40415042883,
    0.627753428809,0.810138377732,1.),.UNSPECIFIED.);
#1967 = CARTESIAN_POINT('',(-11.71428884796,-5.900178038347,
    57.499563668199));
#1968 = CARTESIAN_POINT('',(-11.7143020431,-5.915574702181,
    57.514946895385));
#1969 = CARTESIAN_POINT('',(-11.71374820682,-5.931206889014,
    57.530565935877));
#1970 = CARTESIAN_POINT('',(-11.71259341151,-5.947041682205,
    57.546387930661));
#1971 = CARTESIAN_POINT('',(-11.71080787578,-5.963040824455,
    57.562374681438));
#1972 = CARTESIAN_POINT('',(-11.70836596454,-5.979160717801,
    57.57848265063));
#1973 = CARTESIAN_POINT('',(-11.69870726159,-6.029289604545,
    57.628576258642));
#1974 = CARTESIAN_POINT('',(-11.68919125822,-6.063542491033,
    57.662807584207));
#1975 = CARTESIAN_POINT('',(-11.6765079391,-6.097663947904,
    57.696910358754));
#1976 = CARTESIAN_POINT('',(-11.66057062693,-6.131113192367,
    57.730344346643));
#1977 = CARTESIAN_POINT('',(-11.64147559529,-6.163307879582,
    57.762527626766));
#1978 = CARTESIAN_POINT('',(-11.60150837824,-6.218602158275,
    57.81780857218));
#1979 = CARTESIAN_POINT('',(-11.58159879944,-6.242288487711,
    57.841491623817));
#1980 = CARTESIAN_POINT('',(-11.5598943904,-6.264514584276,
    57.86371728205));
#1981 = CARTESIAN_POINT('',(-11.53660862059,-6.285028596072,
    57.884233728284));
#1982 = CARTESIAN_POINT('',(-11.51201309102,-6.303645231171,
    57.90285559513));
#1983 = CARTESIAN_POINT('',(-11.46550453691,-6.333800747357,
    57.933025405003));
#1984 = CARTESIAN_POINT('',(-11.44393273568,-6.346011859128,
    57.945244694818));
#1985 = CARTESIAN_POINT('',(-11.42184036922,-6.356826196842,
    57.956068882707));
#1986 = CARTESIAN_POINT('',(-11.39939326378,-6.366217737901,
    57.96547182405));
#1987 = CARTESIAN_POINT('',(-11.37675390692,-6.374192025083,
    57.973458914995));
#1988 = CARTESIAN_POINT('',(-11.330456475,-6.387643864268,
    57.986939427618));
#1989 = CARTESIAN_POINT('',(-11.30679460739,-6.393005543879,
    57.992317081244));
#1990 = CARTESIAN_POINT('',(-11.28325250795,-6.396905150838,
    57.996233832485));
#1991 = CARTESIAN_POINT('',(-11.25998012683,-6.399411526268,
    57.998758331587));
#1992 = CARTESIAN_POINT('',(-11.23710464913,-6.400614543932,
    57.999980262961));
#1993 = CARTESIAN_POINT('',(-11.21472575137,-6.40061456099,
    57.999999809282));
#1994 = ORIENTED_EDGE('',*,*,#1892,.F.);
#1995 = ( BOUNDED_SURFACE() B_SPLINE_SURFACE(2,3,(
    (#1996,#1997,#1998,#1999,#2000,#2001,#2002,#2003)
    ,(#2004,#2005,#2006,#2007,#2008,#2009,#2010,#2011)
    ,(#2012,#2013,#2014,#2015,#2016,#2017,#2018,#2019
)),.UNSPECIFIED.,.F.,.F.,.F.) B_SPLINE_SURFACE_WITH_KNOTS((3,3),(4,2,2,4
    ),(0.,58.000044169531),(-3.195078764783,-4.36331925414E-04,
    57.999607837606,61.194250270464),.UNSPECIFIED.) 
GEOMETRIC_REPRESENTATION_ITEM() RATIONAL_B_SPLINE_SURFACE((
    (1.,1.,1.,1.,1.,1.,1.,1.)
    ,(0.707107050433,0.707107050433,0.707107050433,0.707107050433
      ,0.707107050433,0.707107050433,0.707107050433,0.707107050433)
,(1.,1.,1.,1.,1.,1.,1.,1.))) REPRESENTATION_ITEM('') SURFACE() );
#1996 = CARTESIAN_POINT('',(-11.66132314997,-5.847212340357,-3.19464));
#1997 = CARTESIAN_POINT('',(-11.66225243331,-5.8481416237,-2.12976));
#1998 = CARTESIAN_POINT('',(-11.66318171665,-5.849070907043,-1.06488));
#1999 = CARTESIAN_POINT('',(-11.68098252038,-5.866871710771,
    19.333333333333));
#2000 = CARTESIAN_POINT('',(-11.69785404077,-5.883743231157,
    38.666666666667));
#2001 = CARTESIAN_POINT('',(-11.71565484449,-5.901544034885,59.06488));
#2002 = CARTESIAN_POINT('',(-11.71658412784,-5.902473318228,60.12976));
#2003 = CARTESIAN_POINT('',(-11.71751341118,-5.903402601571,61.19464));
#2004 = CARTESIAN_POINT('',(-11.6613227692,-6.3472117692,-3.195076331593
    ));
#2005 = CARTESIAN_POINT('',(-11.66225205254,-6.348141052543,
    -2.130196331593));
#2006 = CARTESIAN_POINT('',(-11.66318133588,-6.349070335886,
    -1.065316331593));
#2007 = CARTESIAN_POINT('',(-11.68098213961,-6.366871139614,
    19.33289700174));
#2008 = CARTESIAN_POINT('',(-11.69785366,-6.38374266,38.666230335074));
#2009 = CARTESIAN_POINT('',(-11.71565446372,-6.401543463728,
    59.064443668407));
#2010 = CARTESIAN_POINT('',(-11.71658374707,-6.402472747071,
    60.129323668407));
#2011 = CARTESIAN_POINT('',(-11.71751303041,-6.403402030413,
    61.194203668407));
#2012 = CARTESIAN_POINT('',(-11.16132334035,-6.347212149972,-3.19464));
#2013 = CARTESIAN_POINT('',(-11.1622526237,-6.348141433314,-2.12976));
#2014 = CARTESIAN_POINT('',(-11.16318190704,-6.349070716657,-1.06488));
#2015 = CARTESIAN_POINT('',(-11.18098271077,-6.366871520385,
    19.333333333333));
#2016 = CARTESIAN_POINT('',(-11.19785423115,-6.383743040771,
    38.666666666667));
#2017 = CARTESIAN_POINT('',(-11.21565503488,-6.401543844499,59.06488));
#2018 = CARTESIAN_POINT('',(-11.21658431822,-6.402473127842,60.12976));
#2019 = CARTESIAN_POINT('',(-11.21751360157,-6.403402411185,61.19464));
#2020 = ADVANCED_FACE('',(#2021),#2068,.F.);
#2021 = FACE_BOUND('',#2022,.F.);
#2022 = EDGE_LOOP('',(#2023,#2024,#2025,#2057));
#2023 = ORIENTED_EDGE('',*,*,#135,.T.);
#2024 = ORIENTED_EDGE('',*,*,#1921,.T.);
#2025 = ORIENTED_EDGE('',*,*,#2026,.F.);
#2026 = EDGE_CURVE('',#2027,#1922,#2029,.T.);
#2027 = VERTEX_POINT('',#2028);
#2028 = CARTESIAN_POINT('',(-19.16472575154,6.400614561156,58.));
#2029 = B_SPLINE_CURVE_WITH_KNOTS('',6,(#2030,#2031,#2032,#2033,#2034,
    #2035,#2036,#2037,#2038,#2039,#2040,#2041,#2042,#2043,#2044,#2045,
    #2046,#2047,#2048,#2049,#2050,#2051,#2052,#2053,#2054,#2055,#2056),
  .UNSPECIFIED.,.F.,.F.,(7,5,5,5,5,7),(0.,0.190680258151,0.372266034359,
    0.597069260268,0.869478446782,1.),.UNSPECIFIED.);
#2030 = CARTESIAN_POINT('',(-19.16472575137,6.40061456099,
    57.999999809282));
#2031 = CARTESIAN_POINT('',(-19.18720114132,6.400614543858,
    57.999980178682));
#2032 = CARTESIAN_POINT('',(-19.21017739999,6.3994011301,57.99874777233)
  );
#2033 = CARTESIAN_POINT('',(-19.23355356583,6.396872657276,
    57.996201104531));
#2034 = CARTESIAN_POINT('',(-19.25720067159,6.392938131371,
    57.992249373155));
#2035 = CARTESIAN_POINT('',(-19.28096661392,6.387528001862,
    57.986823221053));
#2036 = CARTESIAN_POINT('',(-19.32726437462,6.374012066809,
    57.973278668161));
#2037 = CARTESIAN_POINT('',(-19.34980106593,6.366047245848,
    57.965301124775));
#2038 = CARTESIAN_POINT('',(-19.37214500674,6.356677480389,
    57.955920030074));
#2039 = CARTESIAN_POINT('',(-19.39413580187,6.34589758884,
    57.945130346954));
#2040 = CARTESIAN_POINT('',(-19.4156098252,6.333733422944,
    57.932958047409));
#2041 = CARTESIAN_POINT('',(-19.462163516,6.303546529432,57.90275684818)
  );
#2042 = CARTESIAN_POINT('',(-19.48688501443,6.284818291003,
    57.884023365381));
#2043 = CARTESIAN_POINT('',(-19.51028098779,6.264172907782,
    57.863375566094));
#2044 = CARTESIAN_POINT('',(-19.53207553823,6.241799108261,
    57.841002255025));
#2045 = CARTESIAN_POINT('',(-19.5520524093,6.217953546161,
    57.817160050837));
#2046 = CARTESIAN_POINT('',(-19.59190214694,6.162587856919,
    57.761807859657));
#2047 = CARTESIAN_POINT('',(-19.61085715815,6.130512056613,
    57.729743484975));
#2048 = CARTESIAN_POINT('',(-19.62668078595,6.097200409071,
    57.696447073245));
#2049 = CARTESIAN_POINT('',(-19.63927967592,6.063227317783,
    57.662492608599));
#2050 = CARTESIAN_POINT('',(-19.64873982162,6.02912602501,
    57.628412793319));
#2051 = CARTESIAN_POINT('',(-19.65836780179,5.979148589659,
    57.578470531459));
#2052 = CARTESIAN_POINT('',(-19.66080894779,5.963031193721,
    57.562365058181));
#2053 = CARTESIAN_POINT('',(-19.6625939307,5.947034533309,
    57.546380787554));
#2054 = CARTESIAN_POINT('',(-19.66374837607,5.931202185361,
    57.530561236162));
#2055 = CARTESIAN_POINT('',(-19.66430204778,5.915572387562,
    57.514944582751));
#2056 = CARTESIAN_POINT('',(-19.66428884796,5.900178038347,
    57.499563668236));
#2057 = ORIENTED_EDGE('',*,*,#2058,.F.);
#2058 = EDGE_CURVE('',#136,#2027,#2059,.T.);
#2059 = B_SPLINE_CURVE_WITH_KNOTS('',3,(#2060,#2061,#2062,#2063,#2064,
    #2065,#2066,#2067),.UNSPECIFIED.,.F.,.F.,(4,2,2,4),(-3.195078764783,
    -4.363319254728E-04,57.999607837606,61.194250270464),.UNSPECIFIED.);
#2060 = CARTESIAN_POINT('',(-19.11132334035,6.347212149972,-3.19464));
#2061 = CARTESIAN_POINT('',(-19.1122526237,6.348141433314,-2.12976));
#2062 = CARTESIAN_POINT('',(-19.11318190704,6.349070716657,-1.06488));
#2063 = CARTESIAN_POINT('',(-19.13098271077,6.366871520385,
    19.333333333333));
#2064 = CARTESIAN_POINT('',(-19.14785423115,6.383743040771,
    38.666666666667));
#2065 = CARTESIAN_POINT('',(-19.16565503488,6.401543844499,59.06488));
#2066 = CARTESIAN_POINT('',(-19.16658431822,6.402473127842,60.12976));
#2067 = CARTESIAN_POINT('',(-19.16751360157,6.403402411185,61.19464));
#2068 = ( BOUNDED_SURFACE() B_SPLINE_SURFACE(2,3,(
    (#2069,#2070,#2071,#2072,#2073,#2074,#2075,#2076)
    ,(#2077,#2078,#2079,#2080,#2081,#2082,#2083,#2084)
    ,(#2085,#2086,#2087,#2088,#2089,#2090,#2091,#2092
)),.UNSPECIFIED.,.F.,.F.,.F.) B_SPLINE_SURFACE_WITH_KNOTS((3,3),(4,2,2,4
    ),(0.,58.000044169531),(-3.195078764783,-4.363319254728E-04,
    57.999607837606,61.194250270464),.UNSPECIFIED.) 
GEOMETRIC_REPRESENTATION_ITEM() RATIONAL_B_SPLINE_SURFACE((
    (1.,1.,1.,1.,1.,1.,1.,1.)
    ,(0.707107050433,0.707107050433,0.707107050433,0.707107050433
      ,0.707107050433,0.707107050433,0.707107050433,0.707107050433)
,(1.,1.,1.,1.,1.,1.,1.,1.))) REPRESENTATION_ITEM('') SURFACE() );
#2069 = CARTESIAN_POINT('',(-19.11132334035,6.347212149972,-3.19464));
#2070 = CARTESIAN_POINT('',(-19.1122526237,6.348141433314,-2.12976));
#2071 = CARTESIAN_POINT('',(-19.11318190704,6.349070716657,-1.06488));
#2072 = CARTESIAN_POINT('',(-19.13098271077,6.366871520385,
    19.333333333333));
#2073 = CARTESIAN_POINT('',(-19.14785423115,6.383743040771,
    38.666666666667));
#2074 = CARTESIAN_POINT('',(-19.16565503488,6.401543844499,59.06488));
#2075 = CARTESIAN_POINT('',(-19.16658431822,6.402473127842,60.12976));
#2076 = CARTESIAN_POINT('',(-19.16751360157,6.403402411185,61.19464));
#2077 = CARTESIAN_POINT('',(-19.6113227692,6.3472117692,-3.195076331593)
  );
#2078 = CARTESIAN_POINT('',(-19.61225205254,6.348141052543,
    -2.130196331593));
#2079 = CARTESIAN_POINT('',(-19.61318133588,6.349070335886,
    -1.065316331593));
#2080 = CARTESIAN_POINT('',(-19.63098213961,6.366871139614,
    19.33289700174));
#2081 = CARTESIAN_POINT('',(-19.64785366,6.38374266,38.666230335074));
#2082 = CARTESIAN_POINT('',(-19.66565446372,6.401543463728,
    59.064443668407));
#2083 = CARTESIAN_POINT('',(-19.66658374707,6.402472747071,
    60.129323668407));
#2084 = CARTESIAN_POINT('',(-19.66751303041,6.403402030413,
    61.194203668407));
#2085 = CARTESIAN_POINT('',(-19.61132314997,5.847212340357,-3.19464));
#2086 = CARTESIAN_POINT('',(-19.61225243331,5.8481416237,-2.12976));
#2087 = CARTESIAN_POINT('',(-19.61318171665,5.849070907043,-1.06488));
#2088 = CARTESIAN_POINT('',(-19.63098252038,5.866871710771,
    19.333333333333));
#2089 = CARTESIAN_POINT('',(-19.64785404077,5.883743231157,
    38.666666666667));
#2090 = CARTESIAN_POINT('',(-19.66565484449,5.901544034885,59.06488));
#2091 = CARTESIAN_POINT('',(-19.66658412784,5.902473318228,60.12976));
#2092 = CARTESIAN_POINT('',(-19.66751341118,5.903402601571,61.19464));
#2093 = ADVANCED_FACE('',(#2094),#2117,.T.);
#2094 = FACE_BOUND('',#2095,.T.);
#2095 = EDGE_LOOP('',(#2096,#2097,#2098,#2106));
#2096 = ORIENTED_EDGE('',*,*,#1212,.T.);
#2097 = ORIENTED_EDGE('',*,*,#1952,.T.);
#2098 = ORIENTED_EDGE('',*,*,#2099,.F.);
#2099 = EDGE_CURVE('',#2100,#1953,#2102,.T.);
#2100 = VERTEX_POINT('',#2101);
#2101 = CARTESIAN_POINT('',(-5.663496248458,-6.400614561156,58.));
#2102 = LINE('',#2103,#2104);
#2103 = CARTESIAN_POINT('',(-5.214111,-6.400614561156,58.));
#2104 = VECTOR('',#2105,1.);
#2105 = DIRECTION('',(-1.,0.,0.));
#2106 = ORIENTED_EDGE('',*,*,#2107,.F.);
#2107 = EDGE_CURVE('',#1186,#2100,#2108,.T.);
#2108 = B_SPLINE_CURVE_WITH_KNOTS('',3,(#2109,#2110,#2111,#2112,#2113,
    #2114,#2115,#2116),.UNSPECIFIED.,.F.,.F.,(4,2,2,4),(-3.195078764783,
    -4.363319254137E-04,57.999607837606,61.194250270464),.UNSPECIFIED.);
#2109 = CARTESIAN_POINT('',(-5.716898659643,-6.347212149972,-3.19464));
#2110 = CARTESIAN_POINT('',(-5.7159693763,-6.348141433314,-2.12976));
#2111 = CARTESIAN_POINT('',(-5.715040092957,-6.349070716657,-1.06488));
#2112 = CARTESIAN_POINT('',(-5.697239289229,-6.366871520385,
    19.333333333333));
#2113 = CARTESIAN_POINT('',(-5.680367768843,-6.383743040771,
    38.666666666667));
#2114 = CARTESIAN_POINT('',(-5.662566965115,-6.401543844499,59.06488));
#2115 = CARTESIAN_POINT('',(-5.661637681772,-6.402473127842,60.12976));
#2116 = CARTESIAN_POINT('',(-5.660708398429,-6.403402411185,61.19464));
#2117 = B_SPLINE_SURFACE_WITH_KNOTS('',1,1,(
    (#2118,#2119)
    ,(#2120,#2121
    )),.UNSPECIFIED.,.F.,.F.,.F.,(2,2),(2,2),(-5.061456115623E-02,
    6.500614561156),(0.,1.),.PIECEWISE_BEZIER_KNOTS.);
#2118 = CARTESIAN_POINT('',(-5.214111,-6.35,0.));
#2119 = CARTESIAN_POINT('',(-5.163496438844,-6.400614561156,58.));
#2120 = CARTESIAN_POINT('',(-11.664111,-6.35,0.));
#2121 = CARTESIAN_POINT('',(-11.71472556115,-6.400614561156,58.));
#2122 = ADVANCED_FACE('',(#2123),#2146,.T.);
#2123 = FACE_BOUND('',#2124,.T.);
#2124 = EDGE_LOOP('',(#2125,#2126,#2139,#2145));
#2125 = ORIENTED_EDGE('',*,*,#162,.T.);
#2126 = ORIENTED_EDGE('',*,*,#2127,.T.);
#2127 = EDGE_CURVE('',#163,#2128,#2130,.T.);
#2128 = VERTEX_POINT('',#2129);
#2129 = CARTESIAN_POINT('',(-13.61349624845,6.400614561156,58.));
#2130 = B_SPLINE_CURVE_WITH_KNOTS('',3,(#2131,#2132,#2133,#2134,#2135,
    #2136,#2137,#2138),.UNSPECIFIED.,.F.,.F.,(4,2,2,4),(-3.195078764783,
    -4.363319254742E-04,57.999607837606,61.194250270464),.UNSPECIFIED.);
#2131 = CARTESIAN_POINT('',(-13.66689865964,6.347212149972,-3.19464));
#2132 = CARTESIAN_POINT('',(-13.6659693763,6.348141433314,-2.12976));
#2133 = CARTESIAN_POINT('',(-13.66504009295,6.349070716657,-1.06488));
#2134 = CARTESIAN_POINT('',(-13.64723928922,6.366871520385,
    19.333333333333));
#2135 = CARTESIAN_POINT('',(-13.63036776884,6.383743040771,
    38.666666666667));
#2136 = CARTESIAN_POINT('',(-13.61256696511,6.401543844499,59.06488));
#2137 = CARTESIAN_POINT('',(-13.61163768177,6.402473127842,60.12976));
#2138 = CARTESIAN_POINT('',(-13.61070839842,6.403402411185,61.19464));
#2139 = ORIENTED_EDGE('',*,*,#2140,.F.);
#2140 = EDGE_CURVE('',#2027,#2128,#2141,.T.);
#2141 = LINE('',#2142,#2143);
#2142 = CARTESIAN_POINT('',(-19.614111,6.400614561156,58.));
#2143 = VECTOR('',#2144,1.);
#2144 = DIRECTION('',(1.,0.,0.));
#2145 = ORIENTED_EDGE('',*,*,#2058,.F.);
#2146 = B_SPLINE_SURFACE_WITH_KNOTS('',1,1,(
    (#2147,#2148)
    ,(#2149,#2150
    )),.UNSPECIFIED.,.F.,.F.,.F.,(2,2),(2,2),(-5.061456115623E-02,
    6.500614561156),(0.,1.),.PIECEWISE_BEZIER_KNOTS.);
#2147 = CARTESIAN_POINT('',(-19.614111,6.35,0.));
#2148 = CARTESIAN_POINT('',(-19.66472556115,6.400614561156,58.));
#2149 = CARTESIAN_POINT('',(-13.164111,6.35,0.));
#2150 = CARTESIAN_POINT('',(-13.11349643884,6.400614561156,58.));
#2151 = ADVANCED_FACE('',(#2152),#2199,.F.);
#2152 = FACE_BOUND('',#2153,.F.);
#2153 = EDGE_LOOP('',(#2154,#2155,#2168,#2198));
#2154 = ORIENTED_EDGE('',*,*,#1185,.T.);
#2155 = ORIENTED_EDGE('',*,*,#2156,.T.);
#2156 = EDGE_CURVE('',#1178,#2157,#2159,.T.);
#2157 = VERTEX_POINT('',#2158);
#2158 = CARTESIAN_POINT('',(-5.163933152039,-5.900178038347,
    57.499563667742));
#2159 = B_SPLINE_CURVE_WITH_KNOTS('',3,(#2160,#2161,#2162,#2163,#2164,
    #2165,#2166,#2167),.UNSPECIFIED.,.F.,.F.,(4,2,2,4),(-3.195078764783,
    -4.363319254137E-04,57.999607837606,61.194250270464),.UNSPECIFIED.);
#2160 = CARTESIAN_POINT('',(-5.216898850028,-5.847212340357,-3.19464));
#2161 = CARTESIAN_POINT('',(-5.215969566686,-5.8481416237,-2.12976));
#2162 = CARTESIAN_POINT('',(-5.215040283343,-5.849070907043,-1.06488));
#2163 = CARTESIAN_POINT('',(-5.197239479615,-5.866871710771,
    19.333333333333));
#2164 = CARTESIAN_POINT('',(-5.180367959229,-5.883743231157,
    38.666666666667));
#2165 = CARTESIAN_POINT('',(-5.162567155501,-5.901544034885,59.06488));
#2166 = CARTESIAN_POINT('',(-5.161637872158,-5.902473318228,60.12976));
#2167 = CARTESIAN_POINT('',(-5.160708588815,-5.903402601571,61.19464));
#2168 = ORIENTED_EDGE('',*,*,#2169,.F.);
#2169 = EDGE_CURVE('',#2100,#2157,#2170,.T.);
#2170 = B_SPLINE_CURVE_WITH_KNOTS('',6,(#2171,#2172,#2173,#2174,#2175,
    #2176,#2177,#2178,#2179,#2180,#2181,#2182,#2183,#2184,#2185,#2186,
    #2187,#2188,#2189,#2190,#2191,#2192,#2193,#2194,#2195,#2196,#2197),
  .UNSPECIFIED.,.F.,.F.,(7,5,5,5,5,7),(0.,0.19068024163,0.372266018109,
    0.597069249954,0.869478433069,1.),.UNSPECIFIED.);
#2171 = CARTESIAN_POINT('',(-5.663496248624,-6.40061456099,
    57.999999809282));
#2172 = CARTESIAN_POINT('',(-5.64102086062,-6.400614543858,
    57.999980178684));
#2173 = CARTESIAN_POINT('',(-5.618044603988,-6.39940113031,
    57.998747772544));
#2174 = CARTESIAN_POINT('',(-5.594668440245,-6.396872657933,
    57.996201105193));
#2175 = CARTESIAN_POINT('',(-5.571021336595,-6.392938132734,
    57.992249374524));
#2176 = CARTESIAN_POINT('',(-5.547255396372,-6.387528004205,
    57.986823223403));
#2177 = CARTESIAN_POINT('',(-5.500957637642,-6.374012071021,
    57.97327867238));
#2178 = CARTESIAN_POINT('',(-5.478420946228,-6.366047250682,
    57.965301129615));
#2179 = CARTESIAN_POINT('',(-5.456077005256,-6.356677485845,
    57.955920035535));
#2180 = CARTESIAN_POINT('',(-5.434086209898,-6.34589759491,
    57.945130353029));
#2181 = CARTESIAN_POINT('',(-5.412612186289,-6.333733429611,
    57.932958054081));
#2182 = CARTESIAN_POINT('',(-5.366058494106,-6.303546536964,
    57.902756855714));
#2183 = CARTESIAN_POINT('',(-5.341336994595,-6.284818298687,
    57.884023373066));
#2184 = CARTESIAN_POINT('',(-5.317941020144,-6.26417291547,
    57.863375573783));
#2185 = CARTESIAN_POINT('',(-5.296146468651,-6.241799115809,
    57.841002262572));
#2186 = CARTESIAN_POINT('',(-5.276169596579,-6.217953553435,
    57.817160058109));
#2187 = CARTESIAN_POINT('',(-5.236319857736,-6.162587864511,
    57.761807867246));
#2188 = CARTESIAN_POINT('',(-5.217364846148,-6.130512064879,
    57.729743493238));
#2189 = CARTESIAN_POINT('',(-5.201541217866,-6.097200417952,
    57.696447082121));
#2190 = CARTESIAN_POINT('',(-5.188942327323,-6.063227327197,
    57.662492618007));
#2191 = CARTESIAN_POINT('',(-5.179482181001,-6.029126034863,
    57.628412803166));
#2192 = CARTESIAN_POINT('',(-5.169854199484,-5.979148598115,
    57.578470539909));
#2193 = CARTESIAN_POINT('',(-5.167413052697,-5.963031200514,
    57.562365064894));
#2194 = CARTESIAN_POINT('',(-5.165628069447,-5.947034538355,
    57.546380792554));
#2195 = CARTESIAN_POINT('',(-5.164473624233,-5.93120218857,
    57.530561239461));
#2196 = CARTESIAN_POINT('',(-5.16391995278,-5.915572388989,
    57.514944584325));
#2197 = CARTESIAN_POINT('',(-5.163933152039,-5.900178038347,
    57.499563667995));
#2198 = ORIENTED_EDGE('',*,*,#2107,.F.);
#2199 = ( BOUNDED_SURFACE() B_SPLINE_SURFACE(2,3,(
    (#2200,#2201,#2202,#2203,#2204,#2205,#2206,#2207)
    ,(#2208,#2209,#2210,#2211,#2212,#2213,#2214,#2215)
    ,(#2216,#2217,#2218,#2219,#2220,#2221,#2222,#2223
)),.UNSPECIFIED.,.F.,.F.,.F.) B_SPLINE_SURFACE_WITH_KNOTS((3,3),(4,2,2,4
    ),(0.,58.000044169531),(-3.195078764783,-4.363319254137E-04,
    57.999607837606,61.194250270464),.UNSPECIFIED.) 
GEOMETRIC_REPRESENTATION_ITEM() RATIONAL_B_SPLINE_SURFACE((
    (1.,1.,1.,1.,1.,1.,1.,1.)
    ,(0.707107050433,0.707107050433,0.707107050433,0.707107050433
      ,0.707107050433,0.707107050433,0.707107050433,0.707107050433)
,(1.,1.,1.,1.,1.,1.,1.,1.))) REPRESENTATION_ITEM('') SURFACE() );
#2200 = CARTESIAN_POINT('',(-5.716898659643,-6.347212149972,-3.19464));
#2201 = CARTESIAN_POINT('',(-5.7159693763,-6.348141433314,-2.12976));
#2202 = CARTESIAN_POINT('',(-5.715040092957,-6.349070716657,-1.06488));
#2203 = CARTESIAN_POINT('',(-5.697239289229,-6.366871520385,
    19.333333333333));
#2204 = CARTESIAN_POINT('',(-5.680367768843,-6.383743040771,
    38.666666666667));
#2205 = CARTESIAN_POINT('',(-5.662566965115,-6.401543844499,59.06488));
#2206 = CARTESIAN_POINT('',(-5.661637681772,-6.402473127842,60.12976));
#2207 = CARTESIAN_POINT('',(-5.660708398429,-6.403402411185,61.19464));
#2208 = CARTESIAN_POINT('',(-5.2168992308,-6.3472117692,-3.195076331593)
  );
#2209 = CARTESIAN_POINT('',(-5.215969947457,-6.348141052543,
    -2.130196331593));
#2210 = CARTESIAN_POINT('',(-5.215040664114,-6.349070335886,
    -1.065316331593));
#2211 = CARTESIAN_POINT('',(-5.197239860386,-6.366871139614,
    19.33289700174));
#2212 = CARTESIAN_POINT('',(-5.18036834,-6.38374266,38.666230335074));
#2213 = CARTESIAN_POINT('',(-5.162567536272,-6.401543463728,
    59.064443668407));
#2214 = CARTESIAN_POINT('',(-5.161638252929,-6.402472747071,
    60.129323668407));
#2215 = CARTESIAN_POINT('',(-5.160708969587,-6.403402030413,
    61.194203668407));
#2216 = CARTESIAN_POINT('',(-5.216898850028,-5.847212340357,-3.19464));
#2217 = CARTESIAN_POINT('',(-5.215969566686,-5.8481416237,-2.12976));
#2218 = CARTESIAN_POINT('',(-5.215040283343,-5.849070907043,-1.06488));
#2219 = CARTESIAN_POINT('',(-5.197239479615,-5.866871710771,
    19.333333333333));
#2220 = CARTESIAN_POINT('',(-5.180367959229,-5.883743231157,
    38.666666666667));
#2221 = CARTESIAN_POINT('',(-5.162567155501,-5.901544034885,59.06488));
#2222 = CARTESIAN_POINT('',(-5.161637872158,-5.902473318228,60.12976));
#2223 = CARTESIAN_POINT('',(-5.160708588815,-5.903402601571,61.19464));
#2224 = ADVANCED_FACE('',(#2225),#2260,.F.);
#2225 = FACE_BOUND('',#2226,.F.);
#2226 = EDGE_LOOP('',(#2227,#2228,#2229,#2259));
#2227 = ORIENTED_EDGE('',*,*,#170,.T.);
#2228 = ORIENTED_EDGE('',*,*,#2127,.T.);
#2229 = ORIENTED_EDGE('',*,*,#2230,.F.);
#2230 = EDGE_CURVE('',#1481,#2128,#2231,.T.);
#2231 = B_SPLINE_CURVE_WITH_KNOTS('',6,(#2232,#2233,#2234,#2235,#2236,
    #2237,#2238,#2239,#2240,#2241,#2242,#2243,#2244,#2245,#2246,#2247,
    #2248,#2249,#2250,#2251,#2252,#2253,#2254,#2255,#2256,#2257,#2258),
  .UNSPECIFIED.,.F.,.F.,(7,5,5,5,5,7),(0.,0.13054116788,0.404150414696,
    0.627753604475,0.810139288303,1.),.UNSPECIFIED.);
#2232 = CARTESIAN_POINT('',(-13.11393315203,5.900178038347,
    57.499563668013));
#2233 = CARTESIAN_POINT('',(-13.11391995323,5.915574700086,
    57.514946893404));
#2234 = CARTESIAN_POINT('',(-13.11447379136,5.931206882717,
    57.530565929656));
#2235 = CARTESIAN_POINT('',(-13.11562858868,5.947041671478,
    57.546387919911));
#2236 = CARTESIAN_POINT('',(-13.11741412402,5.963040809971,
    57.562374666911));
#2237 = CARTESIAN_POINT('',(-13.11985603277,5.979160700158,57.578482633)
  );
#2238 = CARTESIAN_POINT('',(-13.12951473309,6.029289584906,
    57.628576239016));
#2239 = CARTESIAN_POINT('',(-13.13903073549,6.063542473239,
    57.662807566424));
#2240 = CARTESIAN_POINT('',(-13.15171405393,6.097663932135,
    57.696910342992));
#2241 = CARTESIAN_POINT('',(-13.16765136578,6.131113178728,
    57.730344333009));
#2242 = CARTESIAN_POINT('',(-13.18674639747,6.163307868085,
    57.762527615273));
#2243 = CARTESIAN_POINT('',(-13.22671362958,6.21860217032,
    57.817808584221));
#2244 = CARTESIAN_POINT('',(-13.24662322634,6.242288519304,
    57.841491655405));
#2245 = CARTESIAN_POINT('',(-13.26832765632,6.264514632766,
    57.863717330538));
#2246 = CARTESIAN_POINT('',(-13.29161344946,6.28502865818,
    57.884233790399));
#2247 = CARTESIAN_POINT('',(-13.31620900396,6.303645303246,
    57.902855667226));
#2248 = CARTESIAN_POINT('',(-13.36271767127,6.333800873795,
    57.933025531513));
#2249 = CARTESIAN_POINT('',(-13.38428956482,6.346012022724,
    57.945244858533));
#2250 = CARTESIAN_POINT('',(-13.40638202652,6.35682638595,
    57.956069071995));
#2251 = CARTESIAN_POINT('',(-13.4288292281,6.366217940809,57.96547202721
    ));
#2252 = CARTESIAN_POINT('',(-13.45146868006,6.374192230494,
    57.97345912074));
#2253 = CARTESIAN_POINT('',(-13.49776609239,6.387643992839,
    57.986939556573));
#2254 = CARTESIAN_POINT('',(-13.52142784423,6.393005618689,
    57.992317156382));
#2255 = CARTESIAN_POINT('',(-13.54496982688,6.3969051869,57.996233868808
    ));
#2256 = CARTESIAN_POINT('',(-13.56824209258,6.399411537807,
    57.998758343308));
#2257 = CARTESIAN_POINT('',(-13.59111745819,6.400614543932,
    57.999980263055));
#2258 = CARTESIAN_POINT('',(-13.61349624862,6.40061456099,
    57.999999809282));
#2259 = ORIENTED_EDGE('',*,*,#1490,.F.);
#2260 = ( BOUNDED_SURFACE() B_SPLINE_SURFACE(2,3,(
    (#2261,#2262,#2263,#2264,#2265,#2266,#2267,#2268)
    ,(#2269,#2270,#2271,#2272,#2273,#2274,#2275,#2276)
    ,(#2277,#2278,#2279,#2280,#2281,#2282,#2283,#2284
)),.UNSPECIFIED.,.F.,.F.,.F.) B_SPLINE_SURFACE_WITH_KNOTS((3,3),(4,2,2,4
    ),(0.,58.000044169531),(-3.195078764783,-4.363319254742E-04,
    57.999607837606,61.194250270464),.UNSPECIFIED.) 
GEOMETRIC_REPRESENTATION_ITEM() RATIONAL_B_SPLINE_SURFACE((
    (1.,1.,1.,1.,1.,1.,1.,1.)
    ,(0.707107050433,0.707107050433,0.707107050433,0.707107050433
      ,0.707107050433,0.707107050433,0.707107050433,0.707107050433)
,(1.,1.,1.,1.,1.,1.,1.,1.))) REPRESENTATION_ITEM('') SURFACE() );
#2261 = CARTESIAN_POINT('',(-13.16689885002,5.847212340357,-3.19464));
#2262 = CARTESIAN_POINT('',(-13.16596956668,5.8481416237,-2.12976));
#2263 = CARTESIAN_POINT('',(-13.16504028334,5.849070907043,-1.06488));
#2264 = CARTESIAN_POINT('',(-13.14723947961,5.866871710771,
    19.333333333333));
#2265 = CARTESIAN_POINT('',(-13.13036795922,5.883743231157,
    38.666666666667));
#2266 = CARTESIAN_POINT('',(-13.1125671555,5.901544034885,59.06488));
#2267 = CARTESIAN_POINT('',(-13.11163787215,5.902473318228,60.12976));
#2268 = CARTESIAN_POINT('',(-13.11070858881,5.903402601571,61.19464));
#2269 = CARTESIAN_POINT('',(-13.1668992308,6.3472117692,-3.195076331593)
  );
#2270 = CARTESIAN_POINT('',(-13.16596994745,6.348141052543,
    -2.130196331593));
#2271 = CARTESIAN_POINT('',(-13.16504066411,6.349070335886,
    -1.065316331593));
#2272 = CARTESIAN_POINT('',(-13.14723986038,6.366871139614,
    19.33289700174));
#2273 = CARTESIAN_POINT('',(-13.13036834,6.38374266,38.666230335074));
#2274 = CARTESIAN_POINT('',(-13.11256753627,6.401543463728,
    59.064443668407));
#2275 = CARTESIAN_POINT('',(-13.11163825292,6.402472747071,
    60.129323668407));
#2276 = CARTESIAN_POINT('',(-13.11070896958,6.403402030413,
    61.194203668407));
#2277 = CARTESIAN_POINT('',(-13.66689865964,6.347212149972,-3.19464));
#2278 = CARTESIAN_POINT('',(-13.6659693763,6.348141433314,-2.12976));
#2279 = CARTESIAN_POINT('',(-13.66504009295,6.349070716657,-1.06488));
#2280 = CARTESIAN_POINT('',(-13.64723928922,6.366871520385,
    19.333333333333));
#2281 = CARTESIAN_POINT('',(-13.63036776884,6.383743040771,
    38.666666666667));
#2282 = CARTESIAN_POINT('',(-13.61256696511,6.401543844499,59.06488));
#2283 = CARTESIAN_POINT('',(-13.61163768177,6.402473127842,60.12976));
#2284 = CARTESIAN_POINT('',(-13.61070839842,6.403402411185,61.19464));
#2285 = ADVANCED_FACE('',(#2286),#2341,.T.);
#2286 = FACE_BOUND('',#2287,.T.);
#2287 = EDGE_LOOP('',(#2288,#2299,#2300,#2301,#2311,#2322,#2323,#2334));
#2288 = ORIENTED_EDGE('',*,*,#2289,.F.);
#2289 = EDGE_CURVE('',#1151,#2290,#2292,.T.);
#2290 = VERTEX_POINT('',#2291);
#2291 = CARTESIAN_POINT('',(-5.183131017141,-5.499999937444,
    35.500436332258));
#2292 = B_SPLINE_CURVE_WITH_KNOTS('',3,(#2293,#2294,#2295,#2296,#2297,
    #2298),.UNSPECIFIED.,.F.,.F.,(4,2,4),(-2.14178264978,
    2.181659349178E-04,53.200020199705),.UNSPECIFIED.);
#2293 = CARTESIAN_POINT('',(-5.215980057718,-5.5,-2.141781833972));
#2294 = CARTESIAN_POINT('',(-5.215356975015,-5.5,-1.427781832295));
#2295 = CARTESIAN_POINT('',(-5.214733892314,-5.5,-0.713781832261));
#2296 = CARTESIAN_POINT('',(-5.198635616499,-5.5,17.733478717561));
#2297 = CARTESIAN_POINT('',(-5.183160423328,-5.5,35.466739333106));
#2298 = CARTESIAN_POINT('',(-5.167685230109,-5.5,53.200000003073));
#2299 = ORIENTED_EDGE('',*,*,#1177,.T.);
#2300 = ORIENTED_EDGE('',*,*,#2156,.T.);
#2301 = ORIENTED_EDGE('',*,*,#2302,.F.);
#2302 = EDGE_CURVE('',#2303,#2157,#2305,.T.);
#2303 = VERTEX_POINT('',#2304);
#2304 = CARTESIAN_POINT('',(-5.163933152039,5.900178038347,
    57.499563667742));
#2305 = B_SPLINE_CURVE_WITH_KNOTS('',2,(#2306,#2307,#2308,#2309,#2310),
  .UNSPECIFIED.,.F.,.F.,(3,1,1,3),(-1.456380065498,2.183565978004E-04,
    12.801010765715,14.25760918781),.UNSPECIFIED.);
#2306 = CARTESIAN_POINT('',(-5.163933152039,7.856994626654,
    57.499563667742));
#2307 = CARTESIAN_POINT('',(-5.163933152039,7.128695415606,
    57.499563667742));
#2308 = CARTESIAN_POINT('',(-5.163933152039,-2.6645352591E-15,
    57.499563667742));
#2309 = CARTESIAN_POINT('',(-5.163933152039,-7.128695415606,
    57.499563667742));
#2310 = CARTESIAN_POINT('',(-5.163933152039,-7.856994626654,
    57.499563667742));
#2311 = ORIENTED_EDGE('',*,*,#2312,.F.);
#2312 = EDGE_CURVE('',#311,#2303,#2313,.T.);
#2313 = B_SPLINE_CURVE_WITH_KNOTS('',3,(#2314,#2315,#2316,#2317,#2318,
    #2319,#2320,#2321),.UNSPECIFIED.,.F.,.F.,(4,2,2,4),(-3.195078764783,
    -4.36331925414E-04,57.999607837606,61.194250270464),.UNSPECIFIED.);
#2314 = CARTESIAN_POINT('',(-5.216898850028,5.847212340357,-3.19464));
#2315 = CARTESIAN_POINT('',(-5.215969566686,5.8481416237,-2.12976));
#2316 = CARTESIAN_POINT('',(-5.215040283343,5.849070907043,-1.06488));
#2317 = CARTESIAN_POINT('',(-5.197239479615,5.866871710771,
    19.333333333333));
#2318 = CARTESIAN_POINT('',(-5.180367959229,5.883743231157,
    38.666666666667));
#2319 = CARTESIAN_POINT('',(-5.162567155501,5.901544034885,59.06488));
#2320 = CARTESIAN_POINT('',(-5.161637872158,5.902473318228,60.12976));
#2321 = CARTESIAN_POINT('',(-5.160708588815,5.903402601571,61.19464));
#2322 = ORIENTED_EDGE('',*,*,#337,.T.);
#2323 = ORIENTED_EDGE('',*,*,#2324,.T.);
#2324 = EDGE_CURVE('',#338,#2325,#2327,.T.);
#2325 = VERTEX_POINT('',#2326);
#2326 = CARTESIAN_POINT('',(-5.183131017141,5.499999927839,
    35.500436332258));
#2327 = B_SPLINE_CURVE_WITH_KNOTS('',3,(#2328,#2329,#2330,#2331,#2332,
    #2333),.UNSPECIFIED.,.F.,.F.,(4,2,4),(-2.14178264978,
    2.181659349751E-04,53.200020199704),.UNSPECIFIED.);
#2328 = CARTESIAN_POINT('',(-5.215980057718,5.5,-2.141781833972));
#2329 = CARTESIAN_POINT('',(-5.215356975015,5.5,-1.427781832295));
#2330 = CARTESIAN_POINT('',(-5.214733892314,5.5,-0.713781832261));
#2331 = CARTESIAN_POINT('',(-5.198635616499,5.5,17.733478717561));
#2332 = CARTESIAN_POINT('',(-5.183160423328,5.5,35.466739333106));
#2333 = CARTESIAN_POINT('',(-5.167685230109,5.5,53.200000003073));
#2334 = ORIENTED_EDGE('',*,*,#2335,.F.);
#2335 = EDGE_CURVE('',#2290,#2325,#2336,.T.);
#2336 = ( BOUNDED_CURVE() B_SPLINE_CURVE(3,(#2337,#2338,#2339,#2340),
.UNSPECIFIED.,.F.,.F.) B_SPLINE_CURVE_WITH_KNOTS((4,4),(-0.380980173721,
11.380980171425),.PIECEWISE_BEZIER_KNOTS.) CURVE() 
GEOMETRIC_REPRESENTATION_ITEM() RATIONAL_B_SPLINE_CURVE((1.,1.,1.,1.)) 
REPRESENTATION_ITEM('') );
#2337 = CARTESIAN_POINT('',(-5.183131017141,-5.880980173357,
    35.500436332258));
#2338 = CARTESIAN_POINT('',(-5.183131017141,-1.960326724147,
    35.500436332258));
#2339 = CARTESIAN_POINT('',(-5.183131017141,1.960326701352,
    35.500436332258));
#2340 = CARTESIAN_POINT('',(-5.183131017141,5.880980173357,
    35.500436332258));
#2341 = B_SPLINE_SURFACE_WITH_KNOTS('',1,1,(
    (#2342,#2343)
    ,(#2344,#2345
    )),.UNSPECIFIED.,.F.,.F.,.F.,(2,2),(2,2),(-5.061456115623E-02,
    12.750614561156),(0.,1.),.PIECEWISE_BEZIER_KNOTS.);
#2342 = CARTESIAN_POINT('',(-5.214111,6.35,0.));
#2343 = CARTESIAN_POINT('',(-5.163496438844,6.400614561156,58.));
#2344 = CARTESIAN_POINT('',(-5.214111,-6.35,0.));
#2345 = CARTESIAN_POINT('',(-5.163496438844,-6.400614561156,58.));
#2346 = ADVANCED_FACE('',(#2347),#2387,.F.);
#2347 = FACE_BOUND('',#2348,.F.);
#2348 = EDGE_LOOP('',(#2349,#2350,#2351,#2362));
#2349 = ORIENTED_EDGE('',*,*,#2289,.F.);
#2350 = ORIENTED_EDGE('',*,*,#1150,.T.);
#2351 = ORIENTED_EDGE('',*,*,#2352,.T.);
#2352 = EDGE_CURVE('',#1143,#2353,#2355,.T.);
#2353 = VERTEX_POINT('',#2354);
#2354 = CARTESIAN_POINT('',(-4.683567539785,-5.,35.000000190386));
#2355 = B_SPLINE_CURVE_WITH_KNOTS('',3,(#2356,#2357,#2358,#2359,#2360,
    #2361),.UNSPECIFIED.,.F.,.F.,(4,2,4),(-2.14178264978,
    2.181659349178E-04,53.200020199705),.UNSPECIFIED.);
#2356 = CARTESIAN_POINT('',(-4.715980248103,-5.,-2.14221816623));
#2357 = CARTESIAN_POINT('',(-4.715357165401,-5.,-1.428218164552));
#2358 = CARTESIAN_POINT('',(-4.7147340827,-5.,-0.714218164519));
#2359 = CARTESIAN_POINT('',(-4.698635806885,-5.,17.733042385304));
#2360 = CARTESIAN_POINT('',(-4.683160613714,-5.,35.466303000849));
#2361 = CARTESIAN_POINT('',(-4.667685420495,-5.,53.199563670815));
#2362 = ORIENTED_EDGE('',*,*,#2363,.F.);
#2363 = EDGE_CURVE('',#2290,#2353,#2364,.T.);
#2364 = B_SPLINE_CURVE_WITH_KNOTS('',6,(#2365,#2366,#2367,#2368,#2369,
    #2370,#2371,#2372,#2373,#2374,#2375,#2376,#2377,#2378,#2379,#2380,
    #2381,#2382,#2383,#2384,#2385,#2386),.UNSPECIFIED.,.F.,.F.,(7,5,5,5,
    7),(0.,0.130500704206,0.472517680037,0.720910929971,1.),
  .UNSPECIFIED.);
#2365 = CARTESIAN_POINT('',(-5.183131017141,-5.5,35.500436332258));
#2366 = CARTESIAN_POINT('',(-5.183144206439,-5.484621718854,
    35.485058056766));
#2367 = CARTESIAN_POINT('',(-5.182590731574,-5.469008295681,
    35.469444144649));
#2368 = CARTESIAN_POINT('',(-5.181436699428,-5.45319258639,
    35.453627422254));
#2369 = CARTESIAN_POINT('',(-5.179652358121,-5.437212774253,
    35.437646046899));
#2370 = CARTESIAN_POINT('',(-5.177212097007,-5.421112369894,
    35.42154350688));
#2371 = CARTESIAN_POINT('',(-5.165923691246,-5.362556127559,
    35.362977391253));
#2372 = CARTESIAN_POINT('',(-5.153101208089,-5.319679312181,
    35.320089369818));
#2373 = CARTESIAN_POINT('',(-5.135256989512,-5.277179305256,
    35.277573774689));
#2374 = CARTESIAN_POINT('',(-5.11226766207,-5.236164539689,
    35.236538931526));
#2375 = CARTESIAN_POINT('',(-5.084516483866,-5.197793374883,
    35.198143534632));
#2376 = CARTESIAN_POINT('',(-5.029645693443,-5.137616822512,
    35.137919075538));
#2377 = CARTESIAN_POINT('',(-5.004432629749,-5.114152430724,
    35.114432672261));
#2378 = CARTESIAN_POINT('',(-4.977368507404,-5.092875109675,
    35.093131725202));
#2379 = CARTESIAN_POINT('',(-4.94882696831,-5.074046104953,
    35.074277806112));
#2380 = CARTESIAN_POINT('',(-4.919230341815,-5.057800171676,
    35.058006038713));
#2381 = CARTESIAN_POINT('',(-4.855002705776,-5.028839891687,
    35.028989698497));
#2382 = CARTESIAN_POINT('',(-4.820201645209,-5.016809902727,
    35.016929335294));
#2383 = CARTESIAN_POINT('',(-4.785159705492,-5.008109832138,
    35.008198681524));
#2384 = CARTESIAN_POINT('',(-4.750434960667,-5.002597468064,
    35.002656012287));
#2385 = CARTESIAN_POINT('',(-4.716464555615,-5.,35.000028898455));
#2386 = CARTESIAN_POINT('',(-4.683567539785,-5.,35.000000190386));
#2387 = ( BOUNDED_SURFACE() B_SPLINE_SURFACE(2,3,(
    (#2388,#2389,#2390,#2391,#2392,#2393)
    ,(#2394,#2395,#2396,#2397,#2398,#2399)
    ,(#2400,#2401,#2402,#2403,#2404,#2405
)),.UNSPECIFIED.,.F.,.F.,.F.) B_SPLINE_SURFACE_WITH_KNOTS((3,3),(4,2,4),
  (0.,53.19980203377),(-2.14178264978,2.181659349178E-04,53.200020199705
),.UNSPECIFIED.) GEOMETRIC_REPRESENTATION_ITEM() 
RATIONAL_B_SPLINE_SURFACE((
    (1.,1.,1.,1.,1.,1.)
    ,(0.707106781187,0.707106781187,0.707106781187,0.707106781187
      ,0.707106781187,0.707106781187)
,(1.,1.,1.,1.,1.,1.))) REPRESENTATION_ITEM('') SURFACE() );
#2388 = CARTESIAN_POINT('',(-5.215980057718,-5.5,-2.141781833972));
#2389 = CARTESIAN_POINT('',(-5.215356975015,-5.5,-1.427781832295));
#2390 = CARTESIAN_POINT('',(-5.214733892314,-5.5,-0.713781832261));
#2391 = CARTESIAN_POINT('',(-5.198635616499,-5.5,17.733478717561));
#2392 = CARTESIAN_POINT('',(-5.183160423328,-5.5,35.466739333106));
#2393 = CARTESIAN_POINT('',(-5.167685230109,-5.5,53.200000003073));
#2394 = CARTESIAN_POINT('',(-5.215980057718,-5.,-2.141781833972));
#2395 = CARTESIAN_POINT('',(-5.215356975015,-5.,-1.427781832295));
#2396 = CARTESIAN_POINT('',(-5.214733892314,-5.,-0.713781832261));
#2397 = CARTESIAN_POINT('',(-5.198635616499,-5.,17.733478717561));
#2398 = CARTESIAN_POINT('',(-5.183160423328,-5.,35.466739333106));
#2399 = CARTESIAN_POINT('',(-5.167685230109,-5.,53.200000003073));
#2400 = CARTESIAN_POINT('',(-4.715980248103,-5.,-2.14221816623));
#2401 = CARTESIAN_POINT('',(-4.715357165401,-5.,-1.428218164552));
#2402 = CARTESIAN_POINT('',(-4.7147340827,-5.,-0.714218164519));
#2403 = CARTESIAN_POINT('',(-4.698635806885,-5.,17.733042385304));
#2404 = CARTESIAN_POINT('',(-4.683160613714,-5.,35.466303000849));
#2405 = CARTESIAN_POINT('',(-4.667685420495,-5.,53.199563670815));
#2406 = ADVANCED_FACE('',(#2407),#2447,.T.);
#2407 = FACE_BOUND('',#2408,.T.);
#2408 = EDGE_LOOP('',(#2409,#2410,#2411,#2422));
#2409 = ORIENTED_EDGE('',*,*,#1502,.F.);
#2410 = ORIENTED_EDGE('',*,*,#205,.T.);
#2411 = ORIENTED_EDGE('',*,*,#2412,.T.);
#2412 = EDGE_CURVE('',#206,#2413,#2415,.T.);
#2413 = VERTEX_POINT('',#2414);
#2414 = CARTESIAN_POINT('',(-12.63356753978,5.,35.000000190386));
#2415 = B_SPLINE_CURVE_WITH_KNOTS('',3,(#2416,#2417,#2418,#2419,#2420,
    #2421),.UNSPECIFIED.,.F.,.F.,(4,2,4),(-2.14178264978,
    2.181659346784E-04,53.200020199706),.UNSPECIFIED.);
#2416 = CARTESIAN_POINT('',(-12.6659802481,5.,-2.14221816623));
#2417 = CARTESIAN_POINT('',(-12.6653571654,5.,-1.428218164552));
#2418 = CARTESIAN_POINT('',(-12.6647340827,5.,-0.714218164519));
#2419 = CARTESIAN_POINT('',(-12.64863580688,5.,17.733042385304));
#2420 = CARTESIAN_POINT('',(-12.63316061371,5.,35.466303000851));
#2421 = CARTESIAN_POINT('',(-12.61768542049,5.,53.199563670815));
#2422 = ORIENTED_EDGE('',*,*,#2423,.F.);
#2423 = EDGE_CURVE('',#1503,#2413,#2424,.T.);
#2424 = B_SPLINE_CURVE_WITH_KNOTS('',6,(#2425,#2426,#2427,#2428,#2429,
    #2430,#2431,#2432,#2433,#2434,#2435,#2436,#2437,#2438,#2439,#2440,
    #2441,#2442,#2443,#2444,#2445,#2446),.UNSPECIFIED.,.F.,.F.,(7,5,5,5,
    7),(0.,0.130499694401,0.472517679524,0.720910267008,1.),
  .UNSPECIFIED.);
#2425 = CARTESIAN_POINT('',(-13.13313101714,5.5,35.500436332258));
#2426 = CARTESIAN_POINT('',(-13.13314420634,5.484621837848,
    35.485058175759));
#2427 = CARTESIAN_POINT('',(-13.13259074013,5.469008537313,
    35.469444386289));
#2428 = CARTESIAN_POINT('',(-13.13143672621,5.453192953536,
    35.453627789422));
#2429 = CARTESIAN_POINT('',(-13.12965241334,5.437213268855,
    35.43764654155));
#2430 = CARTESIAN_POINT('',(-13.12721219142,5.421112992809,
    35.421544129878));
#2431 = CARTESIAN_POINT('',(-13.11592388054,5.362556760601,
    35.362978024461));
#2432 = CARTESIAN_POINT('',(-13.10310141888,5.319679814211,
    35.320089872033));
#2433 = CARTESIAN_POINT('',(-13.0852571932,5.277179668759,35.27757413837
    ));
#2434 = CARTESIAN_POINT('',(-13.06226782608,5.236164766508,
    35.236539158488));
#2435 = CARTESIAN_POINT('',(-13.03451657792,5.197793478094,
    35.198143637925));
#2436 = CARTESIAN_POINT('',(-12.97964575531,5.137616890326,
    35.137919143406));
#2437 = CARTESIAN_POINT('',(-12.95443276455,5.114152556153,
    35.114432797808));
#2438 = CARTESIAN_POINT('',(-12.92736872428,5.09287528016,
    35.093131895876));
#2439 = CARTESIAN_POINT('',(-12.89882727314,5.074046306039,
    35.074278007465));
#2440 = CARTESIAN_POINT('',(-12.86923073684,5.057800388507,
    35.05800625589));
#2441 = CARTESIAN_POINT('',(-12.80500311911,5.028840034569,
    35.02898984174));
#2442 = CARTESIAN_POINT('',(-12.77020197817,5.016809985399,
    35.016929418257));
#2443 = CARTESIAN_POINT('',(-12.73515995295,5.008109871416,
    35.008198721018));
#2444 = CARTESIAN_POINT('',(-12.70043512205,5.002597480407,
    35.00265602477));
#2445 = CARTESIAN_POINT('',(-12.66646463376,5.,35.000028898523));
#2446 = CARTESIAN_POINT('',(-12.63356753978,5.,35.000000190386));
#2447 = ( BOUNDED_SURFACE() B_SPLINE_SURFACE(2,3,(
    (#2448,#2449,#2450,#2451,#2452,#2453)
    ,(#2454,#2455,#2456,#2457,#2458,#2459)
    ,(#2460,#2461,#2462,#2463,#2464,#2465
)),.UNSPECIFIED.,.F.,.F.,.F.) B_SPLINE_SURFACE_WITH_KNOTS((3,3),(4,2,4),
  (0.,53.199802033772),(-2.14178264978,2.181659346784E-04,
53.200020199706),.UNSPECIFIED.) GEOMETRIC_REPRESENTATION_ITEM() 
RATIONAL_B_SPLINE_SURFACE((
    (1.,1.,1.,1.,1.,1.)
    ,(0.707106781187,0.707106781187,0.707106781187,0.707106781187
      ,0.707106781187,0.707106781187)
,(1.,1.,1.,1.,1.,1.))) REPRESENTATION_ITEM('') SURFACE() );
#2448 = CARTESIAN_POINT('',(-13.16598005771,5.5,-2.141781833972));
#2449 = CARTESIAN_POINT('',(-13.16535697501,5.5,-1.427781832295));
#2450 = CARTESIAN_POINT('',(-13.16473389231,5.5,-0.713781832261));
#2451 = CARTESIAN_POINT('',(-13.14863561649,5.5,17.733478717562));
#2452 = CARTESIAN_POINT('',(-13.13316042332,5.5,35.466739333108));
#2453 = CARTESIAN_POINT('',(-13.1176852301,5.5,53.200000003072));
#2454 = CARTESIAN_POINT('',(-13.16598005771,5.,-2.141781833972));
#2455 = CARTESIAN_POINT('',(-13.16535697501,5.,-1.427781832295));
#2456 = CARTESIAN_POINT('',(-13.16473389231,5.,-0.713781832261));
#2457 = CARTESIAN_POINT('',(-13.14863561649,5.,17.733478717562));
#2458 = CARTESIAN_POINT('',(-13.13316042332,5.,35.466739333108));
#2459 = CARTESIAN_POINT('',(-13.1176852301,5.,53.200000003072));
#2460 = CARTESIAN_POINT('',(-12.6659802481,5.,-2.14221816623));
#2461 = CARTESIAN_POINT('',(-12.6653571654,5.,-1.428218164552));
#2462 = CARTESIAN_POINT('',(-12.6647340827,5.,-0.714218164519));
#2463 = CARTESIAN_POINT('',(-12.64863580688,5.,17.733042385304));
#2464 = CARTESIAN_POINT('',(-12.63316061371,5.,35.466303000851));
#2465 = CARTESIAN_POINT('',(-12.61768542049,5.,53.199563670815));
#2466 = ADVANCED_FACE('',(#2467),#2502,.F.);
#2467 = FACE_BOUND('',#2468,.F.);
#2468 = EDGE_LOOP('',(#2469,#2480,#2487,#2495,#2500,#2501));
#2469 = ORIENTED_EDGE('',*,*,#2470,.T.);
#2470 = EDGE_CURVE('',#1116,#2471,#2473,.T.);
#2471 = VERTEX_POINT('',#2472);
#2472 = CARTESIAN_POINT('',(-4.244654460215,-5.,35.000000190386));
#2473 = B_SPLINE_CURVE_WITH_KNOTS('',3,(#2474,#2475,#2476,#2477,#2478,
    #2479),.UNSPECIFIED.,.F.,.F.,(4,2,4),(-2.14178264978,
    2.181659349764E-04,53.200020199704),.UNSPECIFIED.);
#2474 = CARTESIAN_POINT('',(-4.212241751897,-5.,-2.14221816623));
#2475 = CARTESIAN_POINT('',(-4.212864834599,-5.,-1.428218164552));
#2476 = CARTESIAN_POINT('',(-4.2134879173,-5.,-0.714218164519));
#2477 = CARTESIAN_POINT('',(-4.229586193115,-5.,17.733042385304));
#2478 = CARTESIAN_POINT('',(-4.245061386286,-5.,35.466303000848));
#2479 = CARTESIAN_POINT('',(-4.260536579505,-5.,53.199563670815));
#2480 = ORIENTED_EDGE('',*,*,#2481,.T.);
#2481 = EDGE_CURVE('',#2471,#2482,#2484,.T.);
#2482 = VERTEX_POINT('',#2483);
#2483 = CARTESIAN_POINT('',(-4.245090792473,-5.,35.));
#2484 = B_SPLINE_CURVE_WITH_KNOTS('',1,(#2485,#2486),.UNSPECIFIED.,.F.,
  .F.,(2,2),(0.,1.),.PIECEWISE_BEZIER_KNOTS.);
#2485 = CARTESIAN_POINT('',(-4.244218127958,-5.,35.000000761544));
#2486 = CARTESIAN_POINT('',(-4.245090792473,-5.,35.));
#2487 = ORIENTED_EDGE('',*,*,#2488,.T.);
#2488 = EDGE_CURVE('',#2482,#2489,#2491,.T.);
#2489 = VERTEX_POINT('',#2490);
#2490 = CARTESIAN_POINT('',(-4.683131207527,-5.,35.));
#2491 = LINE('',#2492,#2493);
#2492 = CARTESIAN_POINT('',(15.,-5.,35.));
#2493 = VECTOR('',#2494,1.);
#2494 = DIRECTION('',(-1.,0.,0.));
#2495 = ORIENTED_EDGE('',*,*,#2496,.F.);
#2496 = EDGE_CURVE('',#2353,#2489,#2497,.T.);
#2497 = B_SPLINE_CURVE_WITH_KNOTS('',1,(#2498,#2499),.UNSPECIFIED.,.F.,
  .F.,(2,2),(0.,1.),.PIECEWISE_BEZIER_KNOTS.);
#2498 = CARTESIAN_POINT('',(-4.684003872042,-5.,35.000000761544));
#2499 = CARTESIAN_POINT('',(-4.683131207527,-5.,35.));
#2500 = ORIENTED_EDGE('',*,*,#2352,.F.);
#2501 = ORIENTED_EDGE('',*,*,#1142,.F.);
#2502 = PLANE('',#2503);
#2503 = AXIS2_PLACEMENT_3D('',#2504,#2505,#2506);
#2504 = CARTESIAN_POINT('',(15.,-5.,0.));
#2505 = DIRECTION('',(0.,-1.,0.));
#2506 = DIRECTION('',(-1.,0.,0.));
#2507 = ADVANCED_FACE('',(#2508),#2543,.F.);
#2508 = FACE_BOUND('',#2509,.F.);
#2509 = EDGE_LOOP('',(#2510,#2511,#2518,#2526,#2533,#2542));
#2510 = ORIENTED_EDGE('',*,*,#2412,.T.);
#2511 = ORIENTED_EDGE('',*,*,#2512,.T.);
#2512 = EDGE_CURVE('',#2413,#2513,#2515,.T.);
#2513 = VERTEX_POINT('',#2514);
#2514 = CARTESIAN_POINT('',(-12.63313120752,5.,35.));
#2515 = B_SPLINE_CURVE_WITH_KNOTS('',1,(#2516,#2517),.UNSPECIFIED.,.F.,
  .F.,(2,2),(0.,1.),.PIECEWISE_BEZIER_KNOTS.);
#2516 = CARTESIAN_POINT('',(-12.63400387204,5.,35.000000761544));
#2517 = CARTESIAN_POINT('',(-12.63313120752,5.,35.));
#2518 = ORIENTED_EDGE('',*,*,#2519,.T.);
#2519 = EDGE_CURVE('',#2513,#2520,#2522,.T.);
#2520 = VERTEX_POINT('',#2521);
#2521 = CARTESIAN_POINT('',(-12.19509079247,5.,35.));
#2522 = LINE('',#2523,#2524);
#2523 = CARTESIAN_POINT('',(-15.,5.,35.));
#2524 = VECTOR('',#2525,1.);
#2525 = DIRECTION('',(1.,0.,0.));
#2526 = ORIENTED_EDGE('',*,*,#2527,.F.);
#2527 = EDGE_CURVE('',#2528,#2520,#2530,.T.);
#2528 = VERTEX_POINT('',#2529);
#2529 = CARTESIAN_POINT('',(-12.19465446021,5.,35.000000190386));
#2530 = B_SPLINE_CURVE_WITH_KNOTS('',1,(#2531,#2532),.UNSPECIFIED.,.F.,
  .F.,(2,2),(0.,1.),.PIECEWISE_BEZIER_KNOTS.);
#2531 = CARTESIAN_POINT('',(-12.19421812795,5.,35.000000761544));
#2532 = CARTESIAN_POINT('',(-12.19509079247,5.,35.));
#2533 = ORIENTED_EDGE('',*,*,#2534,.F.);
#2534 = EDGE_CURVE('',#233,#2528,#2535,.T.);
#2535 = B_SPLINE_CURVE_WITH_KNOTS('',3,(#2536,#2537,#2538,#2539,#2540,
    #2541),.UNSPECIFIED.,.F.,.F.,(4,2,4),(-2.14178264978,
    2.181659349175E-04,53.200020199705),.UNSPECIFIED.);
#2536 = CARTESIAN_POINT('',(-12.16224175189,5.,-2.14221816623));
#2537 = CARTESIAN_POINT('',(-12.16286483459,5.,-1.428218164552));
#2538 = CARTESIAN_POINT('',(-12.1634879173,5.,-0.714218164519));
#2539 = CARTESIAN_POINT('',(-12.17958619311,5.,17.733042385304));
#2540 = CARTESIAN_POINT('',(-12.19506138628,5.,35.466303000849));
#2541 = CARTESIAN_POINT('',(-12.2105365795,5.,53.199563670815));
#2542 = ORIENTED_EDGE('',*,*,#232,.F.);
#2543 = PLANE('',#2544);
#2544 = AXIS2_PLACEMENT_3D('',#2545,#2546,#2547);
#2545 = CARTESIAN_POINT('',(-15.,5.,0.));
#2546 = DIRECTION('',(0.,1.,0.));
#2547 = DIRECTION('',(1.,0.,0.));
#2548 = ADVANCED_FACE('',(#2549),#2589,.F.);
#2549 = FACE_BOUND('',#2550,.F.);
#2550 = EDGE_LOOP('',(#2551,#2552,#2553,#2564));
#2551 = ORIENTED_EDGE('',*,*,#2470,.F.);
#2552 = ORIENTED_EDGE('',*,*,#1115,.T.);
#2553 = ORIENTED_EDGE('',*,*,#2554,.T.);
#2554 = EDGE_CURVE('',#1108,#2555,#2557,.T.);
#2555 = VERTEX_POINT('',#2556);
#2556 = CARTESIAN_POINT('',(-3.745090982859,-5.49999998389,
    35.500436332258));
#2557 = B_SPLINE_CURVE_WITH_KNOTS('',3,(#2558,#2559,#2560,#2561,#2562,
    #2563),.UNSPECIFIED.,.F.,.F.,(4,2,4),(-2.14178264978,
    2.181659349764E-04,53.200020199704),.UNSPECIFIED.);
#2558 = CARTESIAN_POINT('',(-3.712241942282,-5.5,-2.141781833972));
#2559 = CARTESIAN_POINT('',(-3.712865024985,-5.5,-1.427781832295));
#2560 = CARTESIAN_POINT('',(-3.713488107686,-5.5,-0.713781832261));
#2561 = CARTESIAN_POINT('',(-3.729586383501,-5.5,17.733478717561));
#2562 = CARTESIAN_POINT('',(-3.745061576672,-5.5,35.466739333106));
#2563 = CARTESIAN_POINT('',(-3.760536769891,-5.5,53.200000003073));
#2564 = ORIENTED_EDGE('',*,*,#2565,.T.);
#2565 = EDGE_CURVE('',#2555,#2471,#2566,.T.);
#2566 = B_SPLINE_CURVE_WITH_KNOTS('',6,(#2567,#2568,#2569,#2570,#2571,
    #2572,#2573,#2574,#2575,#2576,#2577,#2578,#2579,#2580,#2581,#2582,
    #2583,#2584,#2585,#2586,#2587,#2588),.UNSPECIFIED.,.F.,.F.,(7,5,5,5,
    7),(0.,0.130435985171,0.473653011916,0.7208462983,1.),
  .UNSPECIFIED.);
#2567 = CARTESIAN_POINT('',(-3.745090982859,-5.499999999997,
    35.500436332258));
#2568 = CARTESIAN_POINT('',(-3.745077799513,-5.484629345186,
    35.485065683094));
#2569 = CARTESIAN_POINT('',(-3.745630719707,-5.46902378197,
    35.469459631422));
#2570 = CARTESIAN_POINT('',(-3.746783584598,-5.453216116848,
    35.453650954218));
#2571 = CARTESIAN_POINT('',(-3.748566103345,-5.437244473483,
    35.43767774923));
#2572 = CARTESIAN_POINT('',(-3.751003853101,-5.421152292705,
    35.421583434985));
#2573 = CARTESIAN_POINT('',(-3.762313287491,-5.362456002551,
    35.362877253136));
#2574 = CARTESIAN_POINT('',(-3.775192445896,-5.319426824172,
    35.319836819183));
#2575 = CARTESIAN_POINT('',(-3.793129787088,-5.276779324452,
    35.277173649938));
#2576 = CARTESIAN_POINT('',(-3.81624941903,-5.23563458075,
    35.236008714879));
#2577 = CARTESIAN_POINT('',(-3.844160610689,-5.197163370082,
    35.197513132446));
#2578 = CARTESIAN_POINT('',(-3.8991468823,-5.137087612361,
    35.137389367264));
#2579 = CARTESIAN_POINT('',(-3.924271219677,-5.113775920143,
    35.114055741043));
#2580 = CARTESIAN_POINT('',(-3.951223785986,-5.092633668703,
    35.092889960995));
#2581 = CARTESIAN_POINT('',(-3.979635882509,-5.073917223079,
    35.074148714008));
#2582 = CARTESIAN_POINT('',(-4.009091390245,-5.057758961173,
    35.057964741163));
#2583 = CARTESIAN_POINT('',(-4.073178997569,-5.028853823022,
    35.029003665003));
#2584 = CARTESIAN_POINT('',(-4.107987894199,-5.016817963397,
    35.016937424295));
#2585 = CARTESIAN_POINT('',(-4.143038169275,-5.008113661854,
    35.008202532294));
#2586 = CARTESIAN_POINT('',(-4.177771305322,-5.002598671455,
    35.002657229409));
#2587 = CARTESIAN_POINT('',(-4.211749825986,-5.,35.000028905103));
#2588 = CARTESIAN_POINT('',(-4.244654460215,-5.,35.000000190386));
#2589 = ( BOUNDED_SURFACE() B_SPLINE_SURFACE(2,3,(
    (#2590,#2591,#2592,#2593,#2594,#2595)
    ,(#2596,#2597,#2598,#2599,#2600,#2601)
    ,(#2602,#2603,#2604,#2605,#2606,#2607
)),.UNSPECIFIED.,.F.,.F.,.F.) B_SPLINE_SURFACE_WITH_KNOTS((3,3),(4,2,4),
  (0.,53.199802033769),(-2.14178264978,2.181659349764E-04,
53.200020199704),.UNSPECIFIED.) GEOMETRIC_REPRESENTATION_ITEM() 
RATIONAL_B_SPLINE_SURFACE((
    (1.,1.,1.,1.,1.,1.)
    ,(0.707106781187,0.707106781187,0.707106781187,0.707106781187
      ,0.707106781187,0.707106781187)
,(1.,1.,1.,1.,1.,1.))) REPRESENTATION_ITEM('') SURFACE() );
#2590 = CARTESIAN_POINT('',(-4.212241751897,-5.,-2.14221816623));
#2591 = CARTESIAN_POINT('',(-4.212864834599,-5.,-1.428218164552));
#2592 = CARTESIAN_POINT('',(-4.2134879173,-5.,-0.714218164519));
#2593 = CARTESIAN_POINT('',(-4.229586193115,-5.,17.733042385304));
#2594 = CARTESIAN_POINT('',(-4.245061386286,-5.,35.466303000848));
#2595 = CARTESIAN_POINT('',(-4.260536579505,-5.,53.199563670815));
#2596 = CARTESIAN_POINT('',(-3.712241942282,-5.,-2.141781833972));
#2597 = CARTESIAN_POINT('',(-3.712865024985,-5.,-1.427781832295));
#2598 = CARTESIAN_POINT('',(-3.713488107686,-5.,-0.713781832261));
#2599 = CARTESIAN_POINT('',(-3.729586383501,-5.,17.733478717561));
#2600 = CARTESIAN_POINT('',(-3.745061576672,-5.,35.466739333106));
#2601 = CARTESIAN_POINT('',(-3.760536769891,-5.,53.200000003073));
#2602 = CARTESIAN_POINT('',(-3.712241942282,-5.5,-2.141781833972));
#2603 = CARTESIAN_POINT('',(-3.712865024985,-5.5,-1.427781832295));
#2604 = CARTESIAN_POINT('',(-3.713488107686,-5.5,-0.713781832261));
#2605 = CARTESIAN_POINT('',(-3.729586383501,-5.5,17.733478717561));
#2606 = CARTESIAN_POINT('',(-3.745061576672,-5.5,35.466739333106));
#2607 = CARTESIAN_POINT('',(-3.760536769891,-5.5,53.200000003073));
#2608 = ADVANCED_FACE('',(#2609),#2639,.F.);
#2609 = FACE_BOUND('',#2610,.F.);
#2610 = EDGE_LOOP('',(#2611,#2612,#2613,#2614));
#2611 = ORIENTED_EDGE('',*,*,#1857,.F.);
#2612 = ORIENTED_EDGE('',*,*,#240,.T.);
#2613 = ORIENTED_EDGE('',*,*,#2534,.T.);
#2614 = ORIENTED_EDGE('',*,*,#2615,.F.);
#2615 = EDGE_CURVE('',#1858,#2528,#2616,.T.);
#2616 = B_SPLINE_CURVE_WITH_KNOTS('',6,(#2617,#2618,#2619,#2620,#2621,
    #2622,#2623,#2624,#2625,#2626,#2627,#2628,#2629,#2630,#2631,#2632,
    #2633,#2634,#2635,#2636,#2637,#2638),.UNSPECIFIED.,.F.,.F.,(7,5,5,5,
    7),(0.,0.130500175724,0.472517680454,0.720910853597,1.),
  .UNSPECIFIED.);
#2617 = CARTESIAN_POINT('',(-11.69509098285,5.5,35.500436332258));
#2618 = CARTESIAN_POINT('',(-11.69507779361,5.48462178113,
    35.485058119041));
#2619 = CARTESIAN_POINT('',(-11.69563126394,5.469008422139,
    35.469444271111));
#2620 = CARTESIAN_POINT('',(-11.69678528655,5.453192778536,
    35.453627614411));
#2621 = CARTESIAN_POINT('',(-11.69856961297,5.437213033103,
    35.437646305775));
#2622 = CARTESIAN_POINT('',(-11.70100985357,5.421112695897,
    35.421543832926));
#2623 = CARTESIAN_POINT('',(-11.7122982097,5.362556458776,
    35.362977722557));
#2624 = CARTESIAN_POINT('',(-11.72512068164,5.319679574747,
    35.320089632481));
#2625 = CARTESIAN_POINT('',(-11.74296490399,5.27717949524,
    35.277573964766));
#2626 = CARTESIAN_POINT('',(-11.76595425227,5.236164658066,
    35.236539049978));
#2627 = CARTESIAN_POINT('',(-11.79370546718,5.197793428514,
    35.198143588306));
#2628 = CARTESIAN_POINT('',(-11.84857629967,5.1376168301,35.137919083132
    ));
#2629 = CARTESIAN_POINT('',(-11.87378935492,5.114152445011,
    35.114432686561));
#2630 = CARTESIAN_POINT('',(-11.90085346777,5.092875129207,
    35.093131744755));
#2631 = CARTESIAN_POINT('',(-11.92939499668,5.074046128056,
    35.074277829246));
#2632 = CARTESIAN_POINT('',(-11.95899161273,5.057800196629,
    35.058006063706));
#2633 = CARTESIAN_POINT('',(-12.0232192466,5.028839908147,
    35.028989714998));
#2634 = CARTESIAN_POINT('',(-12.05802031643,5.016809912251,
    35.016929344852));
#2635 = CARTESIAN_POINT('',(-12.093062266,5.008109836663,35.008198686073
    ));
#2636 = CARTESIAN_POINT('',(-12.12778702074,5.002597469486,
    35.002656013725));
#2637 = CARTESIAN_POINT('',(-12.16175743538,5.,35.000028898463));
#2638 = CARTESIAN_POINT('',(-12.19465446021,5.,35.000000190386));
#2639 = ( BOUNDED_SURFACE() B_SPLINE_SURFACE(2,3,(
    (#2640,#2641,#2642,#2643,#2644,#2645)
    ,(#2646,#2647,#2648,#2649,#2650,#2651)
    ,(#2652,#2653,#2654,#2655,#2656,#2657
)),.UNSPECIFIED.,.F.,.F.,.F.) B_SPLINE_SURFACE_WITH_KNOTS((3,3),(4,2,4),
  (0.,53.19980203377),(-2.14178264978,2.181659349175E-04,53.200020199705
),.UNSPECIFIED.) GEOMETRIC_REPRESENTATION_ITEM() 
RATIONAL_B_SPLINE_SURFACE((
    (1.,1.,1.,1.,1.,1.)
    ,(0.707106781187,0.707106781187,0.707106781187,0.707106781187
      ,0.707106781187,0.707106781187)
,(1.,1.,1.,1.,1.,1.))) REPRESENTATION_ITEM('') SURFACE() );
#2640 = CARTESIAN_POINT('',(-11.66224194228,5.5,-2.141781833972));
#2641 = CARTESIAN_POINT('',(-11.66286502498,5.5,-1.427781832295));
#2642 = CARTESIAN_POINT('',(-11.66348810768,5.5,-0.713781832261));
#2643 = CARTESIAN_POINT('',(-11.6795863835,5.5,17.733478717561));
#2644 = CARTESIAN_POINT('',(-11.69506157667,5.5,35.466739333106));
#2645 = CARTESIAN_POINT('',(-11.71053676989,5.5,53.200000003073));
#2646 = CARTESIAN_POINT('',(-11.66224194228,5.,-2.141781833972));
#2647 = CARTESIAN_POINT('',(-11.66286502498,5.,-1.427781832295));
#2648 = CARTESIAN_POINT('',(-11.66348810768,5.,-0.713781832261));
#2649 = CARTESIAN_POINT('',(-11.6795863835,5.,17.733478717561));
#2650 = CARTESIAN_POINT('',(-11.69506157667,5.,35.466739333106));
#2651 = CARTESIAN_POINT('',(-11.71053676989,5.,53.200000003073));
#2652 = CARTESIAN_POINT('',(-12.16224175189,5.,-2.14221816623));
#2653 = CARTESIAN_POINT('',(-12.16286483459,5.,-1.428218164552));
#2654 = CARTESIAN_POINT('',(-12.1634879173,5.,-0.714218164519));
#2655 = CARTESIAN_POINT('',(-12.17958619311,5.,17.733042385304));
#2656 = CARTESIAN_POINT('',(-12.19506138628,5.,35.466303000849));
#2657 = CARTESIAN_POINT('',(-12.2105365795,5.,53.199563670815));
#2658 = ADVANCED_FACE('',(#2659),#2716,.T.);
#2659 = FACE_BOUND('',#2660,.T.);
#2660 = EDGE_LOOP('',(#2661,#2672,#2673,#2686,#2696,#2707,#2708,#2709));
#2661 = ORIENTED_EDGE('',*,*,#2662,.F.);
#2662 = EDGE_CURVE('',#381,#2663,#2665,.T.);
#2663 = VERTEX_POINT('',#2664);
#2664 = CARTESIAN_POINT('',(-3.745090982859,5.499999956611,
    35.500436332258));
#2665 = B_SPLINE_CURVE_WITH_KNOTS('',3,(#2666,#2667,#2668,#2669,#2670,
    #2671),.UNSPECIFIED.,.F.,.F.,(4,2,4),(-2.14178264978,
    2.181659349173E-04,53.200020199705),.UNSPECIFIED.);
#2666 = CARTESIAN_POINT('',(-3.712241942282,5.5,-2.141781833972));
#2667 = CARTESIAN_POINT('',(-3.712865024985,5.5,-1.427781832295));
#2668 = CARTESIAN_POINT('',(-3.713488107686,5.5,-0.713781832261));
#2669 = CARTESIAN_POINT('',(-3.729586383501,5.5,17.733478717561));
#2670 = CARTESIAN_POINT('',(-3.745061576672,5.5,35.466739333106));
#2671 = CARTESIAN_POINT('',(-3.760536769891,5.5,53.200000003073));
#2672 = ORIENTED_EDGE('',*,*,#407,.T.);
#2673 = ORIENTED_EDGE('',*,*,#2674,.T.);
#2674 = EDGE_CURVE('',#408,#2675,#2677,.T.);
#2675 = VERTEX_POINT('',#2676);
#2676 = CARTESIAN_POINT('',(-3.764288847961,5.900178038347,
    57.499563667742));
#2677 = B_SPLINE_CURVE_WITH_KNOTS('',3,(#2678,#2679,#2680,#2681,#2682,
    #2683,#2684,#2685),.UNSPECIFIED.,.F.,.F.,(4,2,2,4),(-3.195078764783,
    -4.363319254137E-04,57.999607837606,61.194250270464),.UNSPECIFIED.);
#2678 = CARTESIAN_POINT('',(-3.711323149972,5.847212340357,-3.19464));
#2679 = CARTESIAN_POINT('',(-3.712252433314,5.8481416237,-2.12976));
#2680 = CARTESIAN_POINT('',(-3.713181716657,5.849070907043,-1.06488));
#2681 = CARTESIAN_POINT('',(-3.730982520385,5.866871710771,
    19.333333333333));
#2682 = CARTESIAN_POINT('',(-3.747854040771,5.883743231157,
    38.666666666667));
#2683 = CARTESIAN_POINT('',(-3.765654844499,5.901544034885,59.06488));
#2684 = CARTESIAN_POINT('',(-3.766584127842,5.902473318228,60.12976));
#2685 = CARTESIAN_POINT('',(-3.767513411185,5.903402601571,61.19464));
#2686 = ORIENTED_EDGE('',*,*,#2687,.F.);
#2687 = EDGE_CURVE('',#2688,#2675,#2690,.T.);
#2688 = VERTEX_POINT('',#2689);
#2689 = CARTESIAN_POINT('',(-3.764288847961,-5.900178038347,
    57.499563667742));
#2690 = B_SPLINE_CURVE_WITH_KNOTS('',2,(#2691,#2692,#2693,#2694,#2695),
  .UNSPECIFIED.,.F.,.F.,(3,1,1,3),(-1.456380065498,2.183565978009E-04,
    12.801010765715,14.25760918781),.UNSPECIFIED.);
#2691 = CARTESIAN_POINT('',(-3.764288847961,-7.856994626654,
    57.499563667742));
#2692 = CARTESIAN_POINT('',(-3.764288847961,-7.128695415606,
    57.499563667742));
#2693 = CARTESIAN_POINT('',(-3.764288847961,5.329070518201E-15,
    57.499563667742));
#2694 = CARTESIAN_POINT('',(-3.764288847961,7.128695415606,
    57.499563667742));
#2695 = CARTESIAN_POINT('',(-3.764288847961,7.856994626654,
    57.499563667742));
#2696 = ORIENTED_EDGE('',*,*,#2697,.F.);
#2697 = EDGE_CURVE('',#1081,#2688,#2698,.T.);
#2698 = B_SPLINE_CURVE_WITH_KNOTS('',3,(#2699,#2700,#2701,#2702,#2703,
    #2704,#2705,#2706),.UNSPECIFIED.,.F.,.F.,(4,2,2,4),(-3.195078764783,
    -4.363319254137E-04,57.999607837606,61.194250270464),.UNSPECIFIED.);
#2699 = CARTESIAN_POINT('',(-3.711323149972,-5.847212340357,-3.19464));
#2700 = CARTESIAN_POINT('',(-3.712252433314,-5.8481416237,-2.12976));
#2701 = CARTESIAN_POINT('',(-3.713181716657,-5.849070907043,-1.06488));
#2702 = CARTESIAN_POINT('',(-3.730982520385,-5.866871710771,
    19.333333333333));
#2703 = CARTESIAN_POINT('',(-3.747854040771,-5.883743231157,
    38.666666666667));
#2704 = CARTESIAN_POINT('',(-3.765654844499,-5.901544034885,59.06488));
#2705 = CARTESIAN_POINT('',(-3.766584127842,-5.902473318228,60.12976));
#2706 = CARTESIAN_POINT('',(-3.767513411185,-5.903402601571,61.19464));
#2707 = ORIENTED_EDGE('',*,*,#1107,.T.);
#2708 = ORIENTED_EDGE('',*,*,#2554,.T.);
#2709 = ORIENTED_EDGE('',*,*,#2710,.F.);
#2710 = EDGE_CURVE('',#2663,#2555,#2711,.T.);
#2711 = ( BOUNDED_CURVE() B_SPLINE_CURVE(3,(#2712,#2713,#2714,#2715),
.UNSPECIFIED.,.F.,.F.) B_SPLINE_CURVE_WITH_KNOTS((4,4),(-0.380980173718,
11.380980171429),.PIECEWISE_BEZIER_KNOTS.) CURVE() 
GEOMETRIC_REPRESENTATION_ITEM() RATIONAL_B_SPLINE_CURVE((1.,1.,1.,1.)) 
REPRESENTATION_ITEM('') );
#2712 = CARTESIAN_POINT('',(-3.745090982859,5.880980173357,
    35.500436332258));
#2713 = CARTESIAN_POINT('',(-3.745090982859,1.960326724111,
    35.500436332258));
#2714 = CARTESIAN_POINT('',(-3.745090982859,-1.960326701327,
    35.500436332258));
#2715 = CARTESIAN_POINT('',(-3.745090982859,-5.880980173357,
    35.500436332258));
#2716 = B_SPLINE_SURFACE_WITH_KNOTS('',1,1,(
    (#2717,#2718)
    ,(#2719,#2720
    )),.UNSPECIFIED.,.F.,.F.,.F.,(2,2),(2,2),(-5.061456115623E-02,
    12.750614561156),(0.,1.),.PIECEWISE_BEZIER_KNOTS.);
#2717 = CARTESIAN_POINT('',(-3.714111,-6.35,0.));
#2718 = CARTESIAN_POINT('',(-3.764725561156,-6.400614561156,58.));
#2719 = CARTESIAN_POINT('',(-3.714111,6.35,0.));
#2720 = CARTESIAN_POINT('',(-3.764725561156,6.400614561156,58.));
#2721 = ADVANCED_FACE('',(#2722),#2762,.F.);
#2722 = FACE_BOUND('',#2723,.F.);
#2723 = EDGE_LOOP('',(#2724,#2725,#2738,#2761));
#2724 = ORIENTED_EDGE('',*,*,#1080,.T.);
#2725 = ORIENTED_EDGE('',*,*,#2726,.T.);
#2726 = EDGE_CURVE('',#1073,#2727,#2729,.T.);
#2727 = VERTEX_POINT('',#2728);
#2728 = CARTESIAN_POINT('',(-3.264725751542,-6.400614561156,58.));
#2729 = B_SPLINE_CURVE_WITH_KNOTS('',3,(#2730,#2731,#2732,#2733,#2734,
    #2735,#2736,#2737),.UNSPECIFIED.,.F.,.F.,(4,2,2,4),(-3.195078764783,
    -4.363319254137E-04,57.999607837606,61.194250270464),.UNSPECIFIED.);
#2730 = CARTESIAN_POINT('',(-3.211323340357,-6.347212149972,-3.19464));
#2731 = CARTESIAN_POINT('',(-3.2122526237,-6.348141433314,-2.12976));
#2732 = CARTESIAN_POINT('',(-3.213181907043,-6.349070716657,-1.06488));
#2733 = CARTESIAN_POINT('',(-3.230982710771,-6.366871520385,
    19.333333333333));
#2734 = CARTESIAN_POINT('',(-3.247854231157,-6.383743040771,
    38.666666666667));
#2735 = CARTESIAN_POINT('',(-3.265655034885,-6.401543844499,59.06488));
#2736 = CARTESIAN_POINT('',(-3.266584318228,-6.402473127842,60.12976));
#2737 = CARTESIAN_POINT('',(-3.267513601571,-6.403402411185,61.19464));
#2738 = ORIENTED_EDGE('',*,*,#2739,.F.);
#2739 = EDGE_CURVE('',#2688,#2727,#2740,.T.);
#2740 = B_SPLINE_CURVE_WITH_KNOTS('',7,(#2741,#2742,#2743,#2744,#2745,
    #2746,#2747,#2748,#2749,#2750,#2751,#2752,#2753,#2754,#2755,#2756,
    #2757,#2758,#2759,#2760),.UNSPECIFIED.,.F.,.F.,(8,6,6,8),(0.,
    0.129971344283,0.620313922454,1.),.UNSPECIFIED.);
#2741 = CARTESIAN_POINT('',(-3.764288847961,-5.900178038347,
    57.499563667846));
#2742 = CARTESIAN_POINT('',(-3.764300123084,-5.913317565734,
    57.512691728847));
#2743 = CARTESIAN_POINT('',(-3.763909883007,-5.926623851051,
    57.525986752914));
#2744 = CARTESIAN_POINT('',(-3.763099011439,-5.940078336026,
    57.539430214544));
#2745 = CARTESIAN_POINT('',(-3.761850130231,-5.953660210591,
    57.553001336915));
#2746 = CARTESIAN_POINT('',(-3.760147599375,-5.967346412875,
    57.56667709189));
#2747 = CARTESIAN_POINT('',(-3.757977517003,-5.981111629206,
    57.580432200013));
#2748 = CARTESIAN_POINT('',(-3.745330834304,-6.047054392597,
    57.646328504006));
#2749 = CARTESIAN_POINT('',(-3.728507067329,-6.099913874718,
    57.69915657928));
#2750 = CARTESIAN_POINT('',(-3.704234038831,-6.152032973501,
    57.751251417467));
#2751 = CARTESIAN_POINT('',(-3.672325873382,-6.201550916989,
    57.800754031232));
#2752 = CARTESIAN_POINT('',(-3.633503772631,-6.246372124041,
    57.845570037208));
#2753 = CARTESIAN_POINT('',(-3.589316938872,-6.285061189848,
    57.884263930187));
#2754 = CARTESIAN_POINT('',(-3.50446408994,-6.341562350156,
    57.940789875045));
#2755 = CARTESIAN_POINT('',(-3.46525461354,-6.362115446399,
    57.961359267707));
#2756 = CARTESIAN_POINT('',(-3.424671695162,-6.378233530308,
    57.977498713491));
#2757 = CARTESIAN_POINT('',(-3.383603576793,-6.389846374569,
    57.989137271179));
#2758 = CARTESIAN_POINT('',(-3.342865038414,-6.397178011175,
    57.996498066397));
#2759 = CARTESIAN_POINT('',(-3.303085819707,-6.400614531751,
    57.999966304586));
#2760 = CARTESIAN_POINT('',(-3.264725751376,-6.40061456099,
    57.999999809282));
#2761 = ORIENTED_EDGE('',*,*,#2697,.F.);
#2762 = ( BOUNDED_SURFACE() B_SPLINE_SURFACE(2,3,(
    (#2763,#2764,#2765,#2766,#2767,#2768,#2769,#2770)
    ,(#2771,#2772,#2773,#2774,#2775,#2776,#2777,#2778)
    ,(#2779,#2780,#2781,#2782,#2783,#2784,#2785,#2786
)),.UNSPECIFIED.,.F.,.F.,.F.) B_SPLINE_SURFACE_WITH_KNOTS((3,3),(4,2,2,4
    ),(0.,58.000044169531),(-3.195078764783,-4.363319254137E-04,
    57.999607837606,61.194250270464),.UNSPECIFIED.) 
GEOMETRIC_REPRESENTATION_ITEM() RATIONAL_B_SPLINE_SURFACE((
    (1.,1.,1.,1.,1.,1.,1.,1.)
    ,(0.707107050433,0.707107050433,0.707107050433,0.707107050433
      ,0.707107050433,0.707107050433,0.707107050433,0.707107050433)
,(1.,1.,1.,1.,1.,1.,1.,1.))) REPRESENTATION_ITEM('') SURFACE() );
#2763 = CARTESIAN_POINT('',(-3.711323149972,-5.847212340357,-3.19464));
#2764 = CARTESIAN_POINT('',(-3.712252433314,-5.8481416237,-2.12976));
#2765 = CARTESIAN_POINT('',(-3.713181716657,-5.849070907043,-1.06488));
#2766 = CARTESIAN_POINT('',(-3.730982520385,-5.866871710771,
    19.333333333333));
#2767 = CARTESIAN_POINT('',(-3.747854040771,-5.883743231157,
    38.666666666667));
#2768 = CARTESIAN_POINT('',(-3.765654844499,-5.901544034885,59.06488));
#2769 = CARTESIAN_POINT('',(-3.766584127842,-5.902473318228,60.12976));
#2770 = CARTESIAN_POINT('',(-3.767513411185,-5.903402601571,61.19464));
#2771 = CARTESIAN_POINT('',(-3.7113227692,-6.3472117692,-3.195076331593)
  );
#2772 = CARTESIAN_POINT('',(-3.712252052543,-6.348141052543,
    -2.130196331593));
#2773 = CARTESIAN_POINT('',(-3.713181335886,-6.349070335886,
    -1.065316331593));
#2774 = CARTESIAN_POINT('',(-3.730982139614,-6.366871139614,
    19.33289700174));
#2775 = CARTESIAN_POINT('',(-3.74785366,-6.38374266,38.666230335074));
#2776 = CARTESIAN_POINT('',(-3.765654463728,-6.401543463728,
    59.064443668407));
#2777 = CARTESIAN_POINT('',(-3.766583747071,-6.402472747071,
    60.129323668407));
#2778 = CARTESIAN_POINT('',(-3.767513030413,-6.403402030413,
    61.194203668407));
#2779 = CARTESIAN_POINT('',(-3.211323340357,-6.347212149972,-3.19464));
#2780 = CARTESIAN_POINT('',(-3.2122526237,-6.348141433314,-2.12976));
#2781 = CARTESIAN_POINT('',(-3.213181907043,-6.349070716657,-1.06488));
#2782 = CARTESIAN_POINT('',(-3.230982710771,-6.366871520385,
    19.333333333333));
#2783 = CARTESIAN_POINT('',(-3.247854231157,-6.383743040771,
    38.666666666667));
#2784 = CARTESIAN_POINT('',(-3.265655034885,-6.401543844499,59.06488));
#2785 = CARTESIAN_POINT('',(-3.266584318228,-6.402473127842,60.12976));
#2786 = CARTESIAN_POINT('',(-3.267513601571,-6.403402411185,61.19464));
#2787 = ADVANCED_FACE('',(#2788),#2852,.T.);
#2788 = FACE_BOUND('',#2789,.T.);
#2789 = EDGE_LOOP('',(#2790,#2791,#2804,#2851));
#2790 = ORIENTED_EDGE('',*,*,#275,.T.);
#2791 = ORIENTED_EDGE('',*,*,#2792,.T.);
#2792 = EDGE_CURVE('',#276,#2793,#2795,.T.);
#2793 = VERTEX_POINT('',#2794);
#2794 = CARTESIAN_POINT('',(-11.21472575154,6.400614561156,58.));
#2795 = B_SPLINE_CURVE_WITH_KNOTS('',3,(#2796,#2797,#2798,#2799,#2800,
    #2801,#2802,#2803),.UNSPECIFIED.,.F.,.F.,(4,2,2,4),(-3.195078764783,
    -4.363319254137E-04,57.999607837606,61.194250270464),.UNSPECIFIED.);
#2796 = CARTESIAN_POINT('',(-11.16132334035,6.347212149972,-3.19464));
#2797 = CARTESIAN_POINT('',(-11.1622526237,6.348141433314,-2.12976));
#2798 = CARTESIAN_POINT('',(-11.16318190704,6.349070716657,-1.06488));
#2799 = CARTESIAN_POINT('',(-11.18098271077,6.366871520385,
    19.333333333333));
#2800 = CARTESIAN_POINT('',(-11.19785423115,6.383743040771,
    38.666666666667));
#2801 = CARTESIAN_POINT('',(-11.21565503488,6.401543844499,59.06488));
#2802 = CARTESIAN_POINT('',(-11.21658431822,6.402473127842,60.12976));
#2803 = CARTESIAN_POINT('',(-11.21751360157,6.403402411185,61.19464));
#2804 = ORIENTED_EDGE('',*,*,#2805,.F.);
#2805 = EDGE_CURVE('',#1870,#2793,#2806,.T.);
#2806 = B_SPLINE_CURVE_WITH_KNOTS('',8,(#2807,#2808,#2809,#2810,#2811,
    #2812,#2813,#2814,#2815,#2816,#2817,#2818,#2819,#2820,#2821,#2822,
    #2823,#2824,#2825,#2826,#2827,#2828,#2829,#2830,#2831,#2832,#2833,
    #2834,#2835,#2836,#2837,#2838,#2839,#2840,#2841,#2842,#2843,#2844,
    #2845,#2846,#2847,#2848,#2849,#2850),.UNSPECIFIED.,.F.,.F.,(9,7,7,7,
    7,7,9),(0.,1.967083589405E-02,0.130536162265,0.404146911538,
    0.627751376257,0.810137829794,1.),.UNSPECIFIED.);
#2807 = CARTESIAN_POINT('',(-11.71428884795,5.900182407862,
    57.499563667742));
#2808 = CARTESIAN_POINT('',(-11.71429035863,5.901922024476,
    57.501311398817));
#2809 = CARTESIAN_POINT('',(-11.71428494656,5.903665420642,
    57.503042927508));
#2810 = CARTESIAN_POINT('',(-11.71427260448,5.905410758067,
    57.504795615721));
#2811 = CARTESIAN_POINT('',(-11.71425326469,5.907159550757,
    57.506537090521));
#2812 = CARTESIAN_POINT('',(-11.71422690721,5.908910691895,
    57.508289477589));
#2813 = CARTESIAN_POINT('',(-11.71419348295,5.910664697283,
    57.510041139598));
#2814 = CARTESIAN_POINT('',(-11.71415295699,5.912421315266,
    57.511796388295));
#2815 = CARTESIAN_POINT('',(-11.71383663785,5.924095662807,
    57.523460832975));
#2816 = CARTESIAN_POINT('',(-11.71334123411,5.934093833362,
    57.533450718413));
#2817 = CARTESIAN_POINT('',(-11.71261205167,5.944167331929,
    57.543516070196));
#2818 = CARTESIAN_POINT('',(-11.71164253008,5.954307831219,
    57.553648574018));
#2819 = CARTESIAN_POINT('',(-11.71042657554,5.964506409634,
    57.56383932138));
#2820 = CARTESIAN_POINT('',(-11.70895856093,5.97475355127,
    57.574078809584));
#2821 = CARTESIAN_POINT('',(-11.70723332579,5.985039145913,
    57.584356941735));
#2822 = CARTESIAN_POINT('',(-11.70034197894,6.020805366281,
    57.620097991253));
#2823 = CARTESIAN_POINT('',(-11.69384292036,6.046427371073,
    57.645703327635));
#2824 = CARTESIAN_POINT('',(-11.68568105796,6.07205881242,
    57.671319543414));
#2825 = CARTESIAN_POINT('',(-11.675810641,6.097519932009,57.696767076934
    ));
#2826 = CARTESIAN_POINT('',(-11.66421661657,6.122616484805,
    57.72185186566));
#2827 = CARTESIAN_POINT('',(-11.65091958955,6.147147440793,
    57.746373036875));
#2828 = CARTESIAN_POINT('',(-11.63597723662,6.170914807868,
    57.77013272077));
#2829 = CARTESIAN_POINT('',(-11.60600182118,6.212385521577,
    57.811593434518));
#2830 = CARTESIAN_POINT('',(-11.59148443834,6.230403190615,
    57.829608062701));
#2831 = CARTESIAN_POINT('',(-11.57598036734,6.247688588287,
    57.846891919035));
#2832 = CARTESIAN_POINT('',(-11.55955548831,6.264147748339,
    57.863351061705));
#2833 = CARTESIAN_POINT('',(-11.54228967915,6.279696850195,
    57.878901673513));
#2834 = CARTESIAN_POINT('',(-11.52427437322,6.294265249684,
    57.893473092091));
#2835 = CARTESIAN_POINT('',(-11.50560921593,6.30779742328,
    57.907009755366));
#2836 = CARTESIAN_POINT('',(-11.47072774636,6.330414084013,
    57.929637136391));
#2837 = CARTESIAN_POINT('',(-11.45469423116,6.339858692825,
    57.939087502302));
#2838 = CARTESIAN_POINT('',(-11.43835365201,6.34856590153,
    57.947801379012));
#2839 = CARTESIAN_POINT('',(-11.42176409447,6.356521433552,
    57.955764451704));
#2840 = CARTESIAN_POINT('',(-11.40498414025,6.363718131438,
    57.962969518041));
#2841 = CARTESIAN_POINT('',(-11.38807165565,6.370155601804,
    57.969416134486));
#2842 = CARTESIAN_POINT('',(-11.37108257987,6.375839860282,
    57.975110262609));
#2843 = CARTESIAN_POINT('',(-11.33635951796,6.385928702738,
    57.985220610166));
#2844 = CARTESIAN_POINT('',(-11.31862350047,6.390271220562,
    57.989574819333));
#2845 = CARTESIAN_POINT('',(-11.30092165021,6.393823836791,
    57.993139785807));
#2846 = CARTESIAN_POINT('',(-11.28331009474,6.396606625731,
    57.995935517409));
#2847 = CARTESIAN_POINT('',(-11.26584059169,6.398645298879,
    57.997987658053));
#2848 = CARTESIAN_POINT('',(-11.2485600205,6.399970074666,57.99932635891
    ));
#2849 = CARTESIAN_POINT('',(-11.23150987425,6.400614548196,
    57.999985149585));
#2850 = CARTESIAN_POINT('',(-11.21472575137,6.40061456099,
    57.999999809282));
#2851 = ORIENTED_EDGE('',*,*,#1869,.F.);
#2852 = ( BOUNDED_SURFACE() B_SPLINE_SURFACE(2,3,(
    (#2853,#2854,#2855,#2856,#2857,#2858,#2859,#2860)
    ,(#2861,#2862,#2863,#2864,#2865,#2866,#2867,#2868)
    ,(#2869,#2870,#2871,#2872,#2873,#2874,#2875,#2876
)),.UNSPECIFIED.,.F.,.F.,.F.) B_SPLINE_SURFACE_WITH_KNOTS((3,3),(4,2,2,4
    ),(0.,58.000044169531),(-3.195078764783,-4.363319254137E-04,
    57.999607837606,61.194250270464),.UNSPECIFIED.) 
GEOMETRIC_REPRESENTATION_ITEM() RATIONAL_B_SPLINE_SURFACE((
    (1.,1.,1.,1.,1.,1.,1.,1.)
    ,(0.707107050433,0.707107050433,0.707107050433,0.707107050433
      ,0.707107050433,0.707107050433,0.707107050433,0.707107050433)
,(1.,1.,1.,1.,1.,1.,1.,1.))) REPRESENTATION_ITEM('') SURFACE() );
#2853 = CARTESIAN_POINT('',(-11.66132314997,5.847212340357,-3.19464));
#2854 = CARTESIAN_POINT('',(-11.66225243331,5.8481416237,-2.12976));
#2855 = CARTESIAN_POINT('',(-11.66318171665,5.849070907043,-1.06488));
#2856 = CARTESIAN_POINT('',(-11.68098252038,5.866871710771,
    19.333333333333));
#2857 = CARTESIAN_POINT('',(-11.69785404077,5.883743231157,
    38.666666666667));
#2858 = CARTESIAN_POINT('',(-11.71565484449,5.901544034885,59.06488));
#2859 = CARTESIAN_POINT('',(-11.71658412784,5.902473318228,60.12976));
#2860 = CARTESIAN_POINT('',(-11.71751341118,5.903402601571,61.19464));
#2861 = CARTESIAN_POINT('',(-11.6613227692,6.3472117692,-3.195076331593)
  );
#2862 = CARTESIAN_POINT('',(-11.66225205254,6.348141052543,
    -2.130196331593));
#2863 = CARTESIAN_POINT('',(-11.66318133588,6.349070335886,
    -1.065316331593));
#2864 = CARTESIAN_POINT('',(-11.68098213961,6.366871139614,
    19.33289700174));
#2865 = CARTESIAN_POINT('',(-11.69785366,6.38374266,38.666230335074));
#2866 = CARTESIAN_POINT('',(-11.71565446372,6.401543463728,
    59.064443668407));
#2867 = CARTESIAN_POINT('',(-11.71658374707,6.402472747071,
    60.129323668407));
#2868 = CARTESIAN_POINT('',(-11.71751303041,6.403402030413,
    61.194203668407));
#2869 = CARTESIAN_POINT('',(-11.16132334035,6.347212149972,-3.19464));
#2870 = CARTESIAN_POINT('',(-11.1622526237,6.348141433314,-2.12976));
#2871 = CARTESIAN_POINT('',(-11.16318190704,6.349070716657,-1.06488));
#2872 = CARTESIAN_POINT('',(-11.18098271077,6.366871520385,
    19.333333333333));
#2873 = CARTESIAN_POINT('',(-11.19785423115,6.383743040771,
    38.666666666667));
#2874 = CARTESIAN_POINT('',(-11.21565503488,6.401543844499,59.06488));
#2875 = CARTESIAN_POINT('',(-11.21658431822,6.402473127842,60.12976));
#2876 = CARTESIAN_POINT('',(-11.21751360157,6.403402411185,61.19464));
#2877 = ADVANCED_FACE('',(#2878),#2901,.T.);
#2878 = FACE_BOUND('',#2879,.T.);
#2879 = EDGE_LOOP('',(#2880,#2881,#2882,#2890));
#2880 = ORIENTED_EDGE('',*,*,#1072,.T.);
#2881 = ORIENTED_EDGE('',*,*,#2726,.T.);
#2882 = ORIENTED_EDGE('',*,*,#2883,.F.);
#2883 = EDGE_CURVE('',#2884,#2727,#2886,.T.);
#2884 = VERTEX_POINT('',#2885);
#2885 = CARTESIAN_POINT('',(2.286503751542,-6.400614561156,58.));
#2886 = LINE('',#2887,#2888);
#2887 = CARTESIAN_POINT('',(2.735889,-6.400614561156,58.));
#2888 = VECTOR('',#2889,1.);
#2889 = DIRECTION('',(-1.,0.,0.));
#2890 = ORIENTED_EDGE('',*,*,#2891,.F.);
#2891 = EDGE_CURVE('',#1046,#2884,#2892,.T.);
#2892 = B_SPLINE_CURVE_WITH_KNOTS('',3,(#2893,#2894,#2895,#2896,#2897,
    #2898,#2899,#2900),.UNSPECIFIED.,.F.,.F.,(4,2,2,4),(-3.195078764783,
    -4.363319254137E-04,57.999607837606,61.194250270464),.UNSPECIFIED.);
#2893 = CARTESIAN_POINT('',(2.233101340357,-6.347212149972,-3.19464));
#2894 = CARTESIAN_POINT('',(2.2340306237,-6.348141433314,-2.12976));
#2895 = CARTESIAN_POINT('',(2.234959907043,-6.349070716657,-1.06488));
#2896 = CARTESIAN_POINT('',(2.252760710771,-6.366871520385,
    19.333333333333));
#2897 = CARTESIAN_POINT('',(2.269632231157,-6.383743040771,
    38.666666666667));
#2898 = CARTESIAN_POINT('',(2.287433034885,-6.401543844499,59.06488));
#2899 = CARTESIAN_POINT('',(2.288362318228,-6.402473127842,60.12976));
#2900 = CARTESIAN_POINT('',(2.289291601571,-6.403402411185,61.19464));
#2901 = B_SPLINE_SURFACE_WITH_KNOTS('',1,1,(
    (#2902,#2903)
    ,(#2904,#2905
    )),.UNSPECIFIED.,.F.,.F.,.F.,(2,2),(2,2),(-5.061456115623E-02,
    6.500614561156),(0.,1.),.PIECEWISE_BEZIER_KNOTS.);
#2902 = CARTESIAN_POINT('',(2.735889,-6.35,0.));
#2903 = CARTESIAN_POINT('',(2.786503561156,-6.400614561156,58.));
#2904 = CARTESIAN_POINT('',(-3.714111,-6.35,0.));
#2905 = CARTESIAN_POINT('',(-3.764725561156,-6.400614561156,58.));
#2906 = ADVANCED_FACE('',(#2907),#2930,.T.);
#2907 = FACE_BOUND('',#2908,.T.);
#2908 = EDGE_LOOP('',(#2909,#2910,#2923,#2929));
#2909 = ORIENTED_EDGE('',*,*,#302,.T.);
#2910 = ORIENTED_EDGE('',*,*,#2911,.T.);
#2911 = EDGE_CURVE('',#303,#2912,#2914,.T.);
#2912 = VERTEX_POINT('',#2913);
#2913 = CARTESIAN_POINT('',(-5.663496248458,6.400614561156,58.));
#2914 = B_SPLINE_CURVE_WITH_KNOTS('',3,(#2915,#2916,#2917,#2918,#2919,
    #2920,#2921,#2922),.UNSPECIFIED.,.F.,.F.,(4,2,2,4),(-3.195078764783,
    -4.36331925414E-04,57.999607837606,61.194250270464),.UNSPECIFIED.);
#2915 = CARTESIAN_POINT('',(-5.716898659643,6.347212149972,-3.19464));
#2916 = CARTESIAN_POINT('',(-5.7159693763,6.348141433314,-2.12976));
#2917 = CARTESIAN_POINT('',(-5.715040092957,6.349070716657,-1.06488));
#2918 = CARTESIAN_POINT('',(-5.697239289229,6.366871520385,
    19.333333333333));
#2919 = CARTESIAN_POINT('',(-5.680367768843,6.383743040771,
    38.666666666667));
#2920 = CARTESIAN_POINT('',(-5.662566965115,6.401543844499,59.06488));
#2921 = CARTESIAN_POINT('',(-5.661637681772,6.402473127842,60.12976));
#2922 = CARTESIAN_POINT('',(-5.660708398429,6.403402411185,61.19464));
#2923 = ORIENTED_EDGE('',*,*,#2924,.F.);
#2924 = EDGE_CURVE('',#2793,#2912,#2925,.T.);
#2925 = LINE('',#2926,#2927);
#2926 = CARTESIAN_POINT('',(-11.664111,6.400614561156,58.));
#2927 = VECTOR('',#2928,1.);
#2928 = DIRECTION('',(1.,0.,0.));
#2929 = ORIENTED_EDGE('',*,*,#2792,.F.);
#2930 = B_SPLINE_SURFACE_WITH_KNOTS('',1,1,(
    (#2931,#2932)
    ,(#2933,#2934
    )),.UNSPECIFIED.,.F.,.F.,.F.,(2,2),(2,2),(-5.061456115623E-02,
    6.500614561156),(0.,1.),.PIECEWISE_BEZIER_KNOTS.);
#2931 = CARTESIAN_POINT('',(-11.664111,6.35,0.));
#2932 = CARTESIAN_POINT('',(-11.71472556115,6.400614561156,58.));
#2933 = CARTESIAN_POINT('',(-5.214111,6.35,0.));
#2934 = CARTESIAN_POINT('',(-5.163496438844,6.400614561156,58.));
#2935 = ADVANCED_FACE('',(#2936),#2983,.F.);
#2936 = FACE_BOUND('',#2937,.F.);
#2937 = EDGE_LOOP('',(#2938,#2939,#2952,#2982));
#2938 = ORIENTED_EDGE('',*,*,#1045,.T.);
#2939 = ORIENTED_EDGE('',*,*,#2940,.T.);
#2940 = EDGE_CURVE('',#1038,#2941,#2943,.T.);
#2941 = VERTEX_POINT('',#2942);
#2942 = CARTESIAN_POINT('',(2.786066847961,-5.900178038347,
    57.499563667742));
#2943 = B_SPLINE_CURVE_WITH_KNOTS('',3,(#2944,#2945,#2946,#2947,#2948,
    #2949,#2950,#2951),.UNSPECIFIED.,.F.,.F.,(4,2,2,4),(-3.195078764783,
    -4.363319254137E-04,57.999607837606,61.194250270464),.UNSPECIFIED.);
#2944 = CARTESIAN_POINT('',(2.733101149972,-5.847212340357,-3.19464));
#2945 = CARTESIAN_POINT('',(2.734030433314,-5.8481416237,-2.12976));
#2946 = CARTESIAN_POINT('',(2.734959716657,-5.849070907043,-1.06488));
#2947 = CARTESIAN_POINT('',(2.752760520385,-5.866871710771,
    19.333333333333));
#2948 = CARTESIAN_POINT('',(2.769632040771,-5.883743231157,
    38.666666666667));
#2949 = CARTESIAN_POINT('',(2.787432844499,-5.901544034885,59.06488));
#2950 = CARTESIAN_POINT('',(2.788362127842,-5.902473318228,60.12976));
#2951 = CARTESIAN_POINT('',(2.789291411185,-5.903402601571,61.19464));
#2952 = ORIENTED_EDGE('',*,*,#2953,.F.);
#2953 = EDGE_CURVE('',#2884,#2941,#2954,.T.);
#2954 = B_SPLINE_CURVE_WITH_KNOTS('',6,(#2955,#2956,#2957,#2958,#2959,
    #2960,#2961,#2962,#2963,#2964,#2965,#2966,#2967,#2968,#2969,#2970,
    #2971,#2972,#2973,#2974,#2975,#2976,#2977,#2978,#2979,#2980,#2981),
  .UNSPECIFIED.,.F.,.F.,(7,5,5,5,5,7),(0.,0.190680296216,0.372266018112,
    0.597069211981,0.869477598762,1.),.UNSPECIFIED.);
#2955 = CARTESIAN_POINT('',(2.286503751376,-6.40061456099,
    57.999999809282));
#2956 = CARTESIAN_POINT('',(2.308979145814,-6.400614543858,
    57.999980178678));
#2957 = CARTESIAN_POINT('',(2.331955409166,-6.399401129615,
    57.998747771838));
#2958 = CARTESIAN_POINT('',(2.35533157983,-6.396872655761,
    57.996201103006));
#2959 = CARTESIAN_POINT('',(2.378978690483,-6.392938128229,
    57.992249369999));
#2960 = CARTESIAN_POINT('',(2.402744637644,-6.387527996461,
    57.986823215637));
#2961 = CARTESIAN_POINT('',(2.449042396231,-6.37401205905,
    57.973278660389));
#2962 = CARTESIAN_POINT('',(2.471579080639,-6.366047239416,
    57.965301118336));
#2963 = CARTESIAN_POINT('',(2.493923014575,-6.356677476124,
    57.955920025805));
#2964 = CARTESIAN_POINT('',(2.515913803012,-6.345897587597,
    57.945130345711));
#2965 = CARTESIAN_POINT('',(2.537387819964,-6.333733425557,
    57.932958050024));
#2966 = CARTESIAN_POINT('',(2.583941501544,-6.303546539785,
    57.902756858536));
#2967 = CARTESIAN_POINT('',(2.608662997053,-6.284818305015,
    57.884023379396));
#2968 = CARTESIAN_POINT('',(2.632058967999,-6.264172925933,
    57.863375584247));
#2969 = CARTESIAN_POINT('',(2.653853516622,-6.241799130927,
    57.84100227769));
#2970 = CARTESIAN_POINT('',(2.673830386547,-6.217953573576,
    57.817160078248));
#2971 = CARTESIAN_POINT('',(2.713680062185,-6.162587979772,
    57.761807982476));
#2972 = CARTESIAN_POINT('',(2.732635028919,-6.130512279932,
    57.729743708211));
#2973 = CARTESIAN_POINT('',(2.74845863148,-6.097200738237,
    57.696447402258));
#2974 = CARTESIAN_POINT('',(2.761057515687,-6.0632277529,57.662493043476
    ));
#2975 = CARTESIAN_POINT('',(2.770517673224,-6.029126561788,
    57.628413329758));
#2976 = CARTESIAN_POINT('',(2.780145722488,-5.979149113236,
    57.578471054649));
#2977 = CARTESIAN_POINT('',(2.782586902372,-5.96303160974,
    57.562365473819));
#2978 = CARTESIAN_POINT('',(2.784371908998,-5.947034842141,
    57.546381096101));
#2979 = CARTESIAN_POINT('',(2.785526368106,-5.931202388212,
    57.530561438914));
#2980 = CARTESIAN_POINT('',(2.786080045683,-5.915572486904,
    57.514944682126));
#2981 = CARTESIAN_POINT('',(2.786066847961,-5.900178038347,
    57.499563668055));
#2982 = ORIENTED_EDGE('',*,*,#2891,.F.);
#2983 = ( BOUNDED_SURFACE() B_SPLINE_SURFACE(2,3,(
    (#2984,#2985,#2986,#2987,#2988,#2989,#2990,#2991)
    ,(#2992,#2993,#2994,#2995,#2996,#2997,#2998,#2999)
    ,(#3000,#3001,#3002,#3003,#3004,#3005,#3006,#3007
)),.UNSPECIFIED.,.F.,.F.,.F.) B_SPLINE_SURFACE_WITH_KNOTS((3,3),(4,2,2,4
    ),(0.,58.000044169531),(-3.195078764783,-4.363319254137E-04,
    57.999607837606,61.194250270464),.UNSPECIFIED.) 
GEOMETRIC_REPRESENTATION_ITEM() RATIONAL_B_SPLINE_SURFACE((
    (1.,1.,1.,1.,1.,1.,1.,1.)
    ,(0.707107050433,0.707107050433,0.707107050433,0.707107050433
      ,0.707107050433,0.707107050433,0.707107050433,0.707107050433)
,(1.,1.,1.,1.,1.,1.,1.,1.))) REPRESENTATION_ITEM('') SURFACE() );
#2984 = CARTESIAN_POINT('',(2.233101340357,-6.347212149972,-3.19464));
#2985 = CARTESIAN_POINT('',(2.2340306237,-6.348141433314,-2.12976));
#2986 = CARTESIAN_POINT('',(2.234959907043,-6.349070716657,-1.06488));
#2987 = CARTESIAN_POINT('',(2.252760710771,-6.366871520385,
    19.333333333333));
#2988 = CARTESIAN_POINT('',(2.269632231157,-6.383743040771,
    38.666666666667));
#2989 = CARTESIAN_POINT('',(2.287433034885,-6.401543844499,59.06488));
#2990 = CARTESIAN_POINT('',(2.288362318228,-6.402473127842,60.12976));
#2991 = CARTESIAN_POINT('',(2.289291601571,-6.403402411185,61.19464));
#2992 = CARTESIAN_POINT('',(2.7331007692,-6.3472117692,-3.195076331593)
  );
#2993 = CARTESIAN_POINT('',(2.734030052543,-6.348141052543,
    -2.130196331593));
#2994 = CARTESIAN_POINT('',(2.734959335886,-6.349070335886,
    -1.065316331593));
#2995 = CARTESIAN_POINT('',(2.752760139614,-6.366871139614,
    19.33289700174));
#2996 = CARTESIAN_POINT('',(2.76963166,-6.38374266,38.666230335074));
#2997 = CARTESIAN_POINT('',(2.787432463728,-6.401543463728,
    59.064443668407));
#2998 = CARTESIAN_POINT('',(2.788361747071,-6.402472747071,
    60.129323668407));
#2999 = CARTESIAN_POINT('',(2.789291030413,-6.403402030413,
    61.194203668407));
#3000 = CARTESIAN_POINT('',(2.733101149972,-5.847212340357,-3.19464));
#3001 = CARTESIAN_POINT('',(2.734030433314,-5.8481416237,-2.12976));
#3002 = CARTESIAN_POINT('',(2.734959716657,-5.849070907043,-1.06488));
#3003 = CARTESIAN_POINT('',(2.752760520385,-5.866871710771,
    19.333333333333));
#3004 = CARTESIAN_POINT('',(2.769632040771,-5.883743231157,
    38.666666666667));
#3005 = CARTESIAN_POINT('',(2.787432844499,-5.901544034885,59.06488));
#3006 = CARTESIAN_POINT('',(2.788362127842,-5.902473318228,60.12976));
#3007 = CARTESIAN_POINT('',(2.789291411185,-5.903402601571,61.19464));
#3008 = ADVANCED_FACE('',(#3009),#3037,.F.);
#3009 = FACE_BOUND('',#3010,.F.);
#3010 = EDGE_LOOP('',(#3011,#3012,#3013,#3036));
#3011 = ORIENTED_EDGE('',*,*,#310,.T.);
#3012 = ORIENTED_EDGE('',*,*,#2911,.T.);
#3013 = ORIENTED_EDGE('',*,*,#3014,.F.);
#3014 = EDGE_CURVE('',#2303,#2912,#3015,.T.);
#3015 = B_SPLINE_CURVE_WITH_KNOTS('',7,(#3016,#3017,#3018,#3019,#3020,
    #3021,#3022,#3023,#3024,#3025,#3026,#3027,#3028,#3029,#3030,#3031,
    #3032,#3033,#3034,#3035),.UNSPECIFIED.,.F.,.F.,(8,6,6,8),(0.,
    0.129971264759,0.620313897441,1.),.UNSPECIFIED.);
#3016 = CARTESIAN_POINT('',(-5.163933152039,5.900178038347,
    57.499563668037));
#3017 = CARTESIAN_POINT('',(-5.163921878803,5.913317557255,
    57.512691720308));
#3018 = CARTESIAN_POINT('',(-5.164312117573,5.926623834538,
    57.525986736334));
#3019 = CARTESIAN_POINT('',(-5.16512298672,5.940078311445,57.53943018997
    ));
#3020 = CARTESIAN_POINT('',(-5.166371865607,5.953660177642,
    57.553001304034));
#3021 = CARTESIAN_POINT('',(-5.168074394594,5.967346371216,
    57.566677050303));
#3022 = CARTESIAN_POINT('',(-5.17024447503,5.981111578673,
    57.580432149517));
#3023 = CARTESIAN_POINT('',(-5.182891148817,6.047054338502,
    57.646328449944));
#3024 = CARTESIAN_POINT('',(-5.199714911269,6.099913827063,
    57.699156531648));
#3025 = CARTESIAN_POINT('',(-5.223987936761,6.152032933402,
    57.751251377383));
#3026 = CARTESIAN_POINT('',(-5.255896101216,6.20155088508,
    57.800753999328));
#3027 = CARTESIAN_POINT('',(-5.294718203138,6.246372100061,
    57.845570013227));
#3028 = CARTESIAN_POINT('',(-5.338905039849,6.285061172843,
    57.884263913178));
#3029 = CARTESIAN_POINT('',(-5.423757894563,6.341562342033,
    57.940789866916));
#3030 = CARTESIAN_POINT('',(-5.462967373093,6.36211544109,
    57.961359262391));
#3031 = CARTESIAN_POINT('',(-5.503550294018,6.378233527248,
    57.977498710425));
#3032 = CARTESIAN_POINT('',(-5.544618415155,6.38984637312,
    57.989137269724));
#3033 = CARTESIAN_POINT('',(-5.585356956346,6.397178010722,
    57.99649806594));
#3034 = CARTESIAN_POINT('',(-5.625136177766,6.400614531751,
    57.999966304583));
#3035 = CARTESIAN_POINT('',(-5.663496248624,6.40061456099,
    57.999999809282));
#3036 = ORIENTED_EDGE('',*,*,#2312,.F.);
#3037 = ( BOUNDED_SURFACE() B_SPLINE_SURFACE(2,3,(
    (#3038,#3039,#3040,#3041,#3042,#3043,#3044,#3045)
    ,(#3046,#3047,#3048,#3049,#3050,#3051,#3052,#3053)
    ,(#3054,#3055,#3056,#3057,#3058,#3059,#3060,#3061
)),.UNSPECIFIED.,.F.,.F.,.F.) B_SPLINE_SURFACE_WITH_KNOTS((3,3),(4,2,2,4
    ),(0.,58.000044169531),(-3.195078764783,-4.36331925414E-04,
    57.999607837606,61.194250270464),.UNSPECIFIED.) 
GEOMETRIC_REPRESENTATION_ITEM() RATIONAL_B_SPLINE_SURFACE((
    (1.,1.,1.,1.,1.,1.,1.,1.)
    ,(0.707107050433,0.707107050433,0.707107050433,0.707107050433
      ,0.707107050433,0.707107050433,0.707107050433,0.707107050433)
,(1.,1.,1.,1.,1.,1.,1.,1.))) REPRESENTATION_ITEM('') SURFACE() );
#3038 = CARTESIAN_POINT('',(-5.216898850028,5.847212340357,-3.19464));
#3039 = CARTESIAN_POINT('',(-5.215969566686,5.8481416237,-2.12976));
#3040 = CARTESIAN_POINT('',(-5.215040283343,5.849070907043,-1.06488));
#3041 = CARTESIAN_POINT('',(-5.197239479615,5.866871710771,
    19.333333333333));
#3042 = CARTESIAN_POINT('',(-5.180367959229,5.883743231157,
    38.666666666667));
#3043 = CARTESIAN_POINT('',(-5.162567155501,5.901544034885,59.06488));
#3044 = CARTESIAN_POINT('',(-5.161637872158,5.902473318228,60.12976));
#3045 = CARTESIAN_POINT('',(-5.160708588815,5.903402601571,61.19464));
#3046 = CARTESIAN_POINT('',(-5.2168992308,6.3472117692,-3.195076331593)
  );
#3047 = CARTESIAN_POINT('',(-5.215969947457,6.348141052543,
    -2.130196331593));
#3048 = CARTESIAN_POINT('',(-5.215040664114,6.349070335886,
    -1.065316331593));
#3049 = CARTESIAN_POINT('',(-5.197239860386,6.366871139614,
    19.33289700174));
#3050 = CARTESIAN_POINT('',(-5.18036834,6.38374266,38.666230335074));
#3051 = CARTESIAN_POINT('',(-5.162567536272,6.401543463728,
    59.064443668407));
#3052 = CARTESIAN_POINT('',(-5.161638252929,6.402472747071,
    60.129323668407));
#3053 = CARTESIAN_POINT('',(-5.160708969587,6.403402030413,
    61.194203668407));
#3054 = CARTESIAN_POINT('',(-5.716898659643,6.347212149972,-3.19464));
#3055 = CARTESIAN_POINT('',(-5.7159693763,6.348141433314,-2.12976));
#3056 = CARTESIAN_POINT('',(-5.715040092957,6.349070716657,-1.06488));
#3057 = CARTESIAN_POINT('',(-5.697239289229,6.366871520385,
    19.333333333333));
#3058 = CARTESIAN_POINT('',(-5.680367768843,6.383743040771,
    38.666666666667));
#3059 = CARTESIAN_POINT('',(-5.662566965115,6.401543844499,59.06488));
#3060 = CARTESIAN_POINT('',(-5.661637681772,6.402473127842,60.12976));
#3061 = CARTESIAN_POINT('',(-5.660708398429,6.403402411185,61.19464));
#3062 = ADVANCED_FACE('',(#3063),#3118,.T.);
#3063 = FACE_BOUND('',#3064,.T.);
#3064 = EDGE_LOOP('',(#3065,#3076,#3077,#3078,#3088,#3099,#3100,#3111));
#3065 = ORIENTED_EDGE('',*,*,#3066,.F.);
#3066 = EDGE_CURVE('',#1011,#3067,#3069,.T.);
#3067 = VERTEX_POINT('',#3068);
#3068 = CARTESIAN_POINT('',(2.766868982859,-5.499999959226,
    35.500436332258));
#3069 = B_SPLINE_CURVE_WITH_KNOTS('',3,(#3070,#3071,#3072,#3073,#3074,
    #3075),.UNSPECIFIED.,.F.,.F.,(4,2,4),(-2.14178264978,
    2.181659349176E-04,53.200020199705),.UNSPECIFIED.);
#3070 = CARTESIAN_POINT('',(2.734019942282,-5.5,-2.141781833972));
#3071 = CARTESIAN_POINT('',(2.734643024985,-5.5,-1.427781832295));
#3072 = CARTESIAN_POINT('',(2.735266107686,-5.5,-0.713781832261));
#3073 = CARTESIAN_POINT('',(2.751364383501,-5.5,17.733478717561));
#3074 = CARTESIAN_POINT('',(2.766839576672,-5.5,35.466739333106));
#3075 = CARTESIAN_POINT('',(2.782314769891,-5.5,53.200000003073));
#3076 = ORIENTED_EDGE('',*,*,#1037,.T.);
#3077 = ORIENTED_EDGE('',*,*,#2940,.T.);
#3078 = ORIENTED_EDGE('',*,*,#3079,.F.);
#3079 = EDGE_CURVE('',#3080,#2941,#3082,.T.);
#3080 = VERTEX_POINT('',#3081);
#3081 = CARTESIAN_POINT('',(2.786066847961,5.900178038347,
    57.499563667742));
#3082 = B_SPLINE_CURVE_WITH_KNOTS('',2,(#3083,#3084,#3085,#3086,#3087),
  .UNSPECIFIED.,.F.,.F.,(3,1,1,3),(-1.456380065498,2.183565977988E-04,
    12.801010765715,14.25760918781),.UNSPECIFIED.);
#3083 = CARTESIAN_POINT('',(2.786066847961,7.856994626654,
    57.499563667742));
#3084 = CARTESIAN_POINT('',(2.786066847961,7.128695415606,
    57.499563667742));
#3085 = CARTESIAN_POINT('',(2.786066847961,-1.7763568394E-15,
    57.499563667742));
#3086 = CARTESIAN_POINT('',(2.786066847961,-7.128695415606,
    57.499563667742));
#3087 = CARTESIAN_POINT('',(2.786066847961,-7.856994626654,
    57.499563667742));
#3088 = ORIENTED_EDGE('',*,*,#3089,.F.);
#3089 = EDGE_CURVE('',#451,#3080,#3090,.T.);
#3090 = B_SPLINE_CURVE_WITH_KNOTS('',3,(#3091,#3092,#3093,#3094,#3095,
    #3096,#3097,#3098),.UNSPECIFIED.,.F.,.F.,(4,2,2,4),(-3.195078764783,
    -4.363319254137E-04,57.999607837606,61.194250270464),.UNSPECIFIED.);
#3091 = CARTESIAN_POINT('',(2.733101149972,5.847212340357,-3.19464));
#3092 = CARTESIAN_POINT('',(2.734030433314,5.8481416237,-2.12976));
#3093 = CARTESIAN_POINT('',(2.734959716657,5.849070907043,-1.06488));
#3094 = CARTESIAN_POINT('',(2.752760520385,5.866871710771,
    19.333333333333));
#3095 = CARTESIAN_POINT('',(2.769632040771,5.883743231157,
    38.666666666667));
#3096 = CARTESIAN_POINT('',(2.787432844499,5.901544034885,59.06488));
#3097 = CARTESIAN_POINT('',(2.788362127842,5.902473318228,60.12976));
#3098 = CARTESIAN_POINT('',(2.789291411185,5.903402601571,61.19464));
#3099 = ORIENTED_EDGE('',*,*,#477,.T.);
#3100 = ORIENTED_EDGE('',*,*,#3101,.T.);
#3101 = EDGE_CURVE('',#478,#3102,#3104,.T.);
#3102 = VERTEX_POINT('',#3103);
#3103 = CARTESIAN_POINT('',(2.766868982859,5.499999934527,
    35.500436332258));
#3104 = B_SPLINE_CURVE_WITH_KNOTS('',3,(#3105,#3106,#3107,#3108,#3109,
    #3110),.UNSPECIFIED.,.F.,.F.,(4,2,4),(-2.14178264978,
    2.18165934975E-04,53.200020199704),.UNSPECIFIED.);
#3105 = CARTESIAN_POINT('',(2.734019942282,5.5,-2.141781833972));
#3106 = CARTESIAN_POINT('',(2.734643024985,5.5,-1.427781832295));
#3107 = CARTESIAN_POINT('',(2.735266107686,5.5,-0.713781832261));
#3108 = CARTESIAN_POINT('',(2.751364383501,5.5,17.733478717561));
#3109 = CARTESIAN_POINT('',(2.766839576672,5.5,35.466739333106));
#3110 = CARTESIAN_POINT('',(2.782314769891,5.5,53.200000003073));
#3111 = ORIENTED_EDGE('',*,*,#3112,.F.);
#3112 = EDGE_CURVE('',#3067,#3102,#3113,.T.);
#3113 = ( BOUNDED_CURVE() B_SPLINE_CURVE(3,(#3114,#3115,#3116,#3117),
.UNSPECIFIED.,.F.,.F.) B_SPLINE_CURVE_WITH_KNOTS((4,4),(-0.380980173718,
11.380980171429),.PIECEWISE_BEZIER_KNOTS.) CURVE() 
GEOMETRIC_REPRESENTATION_ITEM() RATIONAL_B_SPLINE_CURVE((1.,1.,1.,1.)) 
REPRESENTATION_ITEM('') );
#3114 = CARTESIAN_POINT('',(2.766868982859,-5.880980173357,
    35.500436332258));
#3115 = CARTESIAN_POINT('',(2.766868982859,-1.960326724111,
    35.500436332258));
#3116 = CARTESIAN_POINT('',(2.766868982859,1.960326701327,
    35.500436332258));
#3117 = CARTESIAN_POINT('',(2.766868982859,5.880980173357,
    35.500436332258));
#3118 = B_SPLINE_SURFACE_WITH_KNOTS('',1,1,(
    (#3119,#3120)
    ,(#3121,#3122
    )),.UNSPECIFIED.,.F.,.F.,.F.,(2,2),(2,2),(-5.061456115623E-02,
    12.750614561156),(0.,1.),.PIECEWISE_BEZIER_KNOTS.);
#3119 = CARTESIAN_POINT('',(2.735889,6.35,0.));
#3120 = CARTESIAN_POINT('',(2.786503561156,6.400614561156,58.));
#3121 = CARTESIAN_POINT('',(2.735889,-6.35,0.));
#3122 = CARTESIAN_POINT('',(2.786503561156,-6.400614561156,58.));
#3123 = ADVANCED_FACE('',(#3124),#3164,.F.);
#3124 = FACE_BOUND('',#3125,.F.);
#3125 = EDGE_LOOP('',(#3126,#3127,#3128,#3139));
#3126 = ORIENTED_EDGE('',*,*,#3066,.F.);
#3127 = ORIENTED_EDGE('',*,*,#1010,.T.);
#3128 = ORIENTED_EDGE('',*,*,#3129,.T.);
#3129 = EDGE_CURVE('',#1003,#3130,#3132,.T.);
#3130 = VERTEX_POINT('',#3131);
#3131 = CARTESIAN_POINT('',(3.266432460215,-5.,35.000000190386));
#3132 = B_SPLINE_CURVE_WITH_KNOTS('',3,(#3133,#3134,#3135,#3136,#3137,
    #3138),.UNSPECIFIED.,.F.,.F.,(4,2,4),(-2.14178264978,
    2.181659349176E-04,53.200020199705),.UNSPECIFIED.);
#3133 = CARTESIAN_POINT('',(3.234019751897,-5.,-2.14221816623));
#3134 = CARTESIAN_POINT('',(3.234642834599,-5.,-1.428218164552));
#3135 = CARTESIAN_POINT('',(3.2352659173,-5.,-0.714218164519));
#3136 = CARTESIAN_POINT('',(3.251364193115,-5.,17.733042385304));
#3137 = CARTESIAN_POINT('',(3.266839386286,-5.,35.466303000849));
#3138 = CARTESIAN_POINT('',(3.282314579505,-5.,53.199563670815));
#3139 = ORIENTED_EDGE('',*,*,#3140,.F.);
#3140 = EDGE_CURVE('',#3067,#3130,#3141,.T.);
#3141 = B_SPLINE_CURVE_WITH_KNOTS('',6,(#3142,#3143,#3144,#3145,#3146,
    #3147,#3148,#3149,#3150,#3151,#3152,#3153,#3154,#3155,#3156,#3157,
    #3158,#3159,#3160,#3161,#3162,#3163),.UNSPECIFIED.,.F.,.F.,(7,5,5,5,
    7),(0.,0.130500548104,0.472517681079,0.720910931014,1.),
  .UNSPECIFIED.);
#3142 = CARTESIAN_POINT('',(2.766868982859,-5.5,35.500436332258));
#3143 = CARTESIAN_POINT('',(2.766855793575,-5.484621737249,
    35.485058075161));
#3144 = CARTESIAN_POINT('',(2.767409267102,-5.469008333034,
    35.469444182003));
#3145 = CARTESIAN_POINT('',(2.768563296432,-5.453192643146,
    35.453627479013));
#3146 = CARTESIAN_POINT('',(2.770347633342,-5.437212850711,
    35.437646123366));
#3147 = CARTESIAN_POINT('',(2.772787888397,-5.421112466188,
    35.421543603187));
#3148 = CARTESIAN_POINT('',(2.784076279518,-5.362556225279,
    35.362977488999));
#3149 = CARTESIAN_POINT('',(2.796898759409,-5.319679389506,
    35.320089447173));
#3150 = CARTESIAN_POINT('',(2.814742979176,-5.277179361031,
    35.277573830491));
#3151 = CARTESIAN_POINT('',(2.837732312877,-5.236164574214,
    35.236538966073));
#3152 = CARTESIAN_POINT('',(2.865483502049,-5.197793390209,
    35.19814354997));
#3153 = CARTESIAN_POINT('',(2.920354307182,-5.137616821914,
    35.137919074939));
#3154 = CARTESIAN_POINT('',(2.945567370917,-5.11415243017,
    35.114432671706));
#3155 = CARTESIAN_POINT('',(2.972631493296,-5.09287510917,
    35.093131724696));
#3156 = CARTESIAN_POINT('',(3.001173032418,-5.0740461045,35.074277805659
    ));
#3157 = CARTESIAN_POINT('',(3.030769658933,-5.057800171278,
    35.058006038315));
#3158 = CARTESIAN_POINT('',(3.094997294874,-5.028839891462,
    35.028989698272));
#3159 = CARTESIAN_POINT('',(3.129798355314,-5.016809902597,
    35.016929335164));
#3160 = CARTESIAN_POINT('',(3.164840294897,-5.008109832076,
    35.008198681462));
#3161 = CARTESIAN_POINT('',(3.199565039587,-5.002597468045,
    35.002656012267));
#3162 = CARTESIAN_POINT('',(3.233535444508,-5.,35.000028898455));
#3163 = CARTESIAN_POINT('',(3.266432460215,-5.,35.000000190386));
#3164 = ( BOUNDED_SURFACE() B_SPLINE_SURFACE(2,3,(
    (#3165,#3166,#3167,#3168,#3169,#3170)
    ,(#3171,#3172,#3173,#3174,#3175,#3176)
    ,(#3177,#3178,#3179,#3180,#3181,#3182
)),.UNSPECIFIED.,.F.,.F.,.F.) B_SPLINE_SURFACE_WITH_KNOTS((3,3),(4,2,4),
  (0.,53.19980203377),(-2.14178264978,2.181659349176E-04,53.200020199705
),.UNSPECIFIED.) GEOMETRIC_REPRESENTATION_ITEM() 
RATIONAL_B_SPLINE_SURFACE((
    (1.,1.,1.,1.,1.,1.)
    ,(0.707106781187,0.707106781187,0.707106781187,0.707106781187
      ,0.707106781187,0.707106781187)
,(1.,1.,1.,1.,1.,1.))) REPRESENTATION_ITEM('') SURFACE() );
#3165 = CARTESIAN_POINT('',(2.734019942282,-5.5,-2.141781833972));
#3166 = CARTESIAN_POINT('',(2.734643024985,-5.5,-1.427781832295));
#3167 = CARTESIAN_POINT('',(2.735266107686,-5.5,-0.713781832261));
#3168 = CARTESIAN_POINT('',(2.751364383501,-5.5,17.733478717561));
#3169 = CARTESIAN_POINT('',(2.766839576672,-5.5,35.466739333106));
#3170 = CARTESIAN_POINT('',(2.782314769891,-5.5,53.200000003073));
#3171 = CARTESIAN_POINT('',(2.734019942282,-5.,-2.141781833972));
#3172 = CARTESIAN_POINT('',(2.734643024985,-5.,-1.427781832295));
#3173 = CARTESIAN_POINT('',(2.735266107686,-5.,-0.713781832261));
#3174 = CARTESIAN_POINT('',(2.751364383501,-5.,17.733478717561));
#3175 = CARTESIAN_POINT('',(2.766839576672,-5.,35.466739333106));
#3176 = CARTESIAN_POINT('',(2.782314769891,-5.,53.200000003073));
#3177 = CARTESIAN_POINT('',(3.234019751897,-5.,-2.14221816623));
#3178 = CARTESIAN_POINT('',(3.234642834599,-5.,-1.428218164552));
#3179 = CARTESIAN_POINT('',(3.2352659173,-5.,-0.714218164519));
#3180 = CARTESIAN_POINT('',(3.251364193115,-5.,17.733042385304));
#3181 = CARTESIAN_POINT('',(3.266839386286,-5.,35.466303000849));
#3182 = CARTESIAN_POINT('',(3.282314579505,-5.,53.199563670815));
#3183 = ADVANCED_FACE('',(#3184),#3224,.T.);
#3184 = FACE_BOUND('',#3185,.T.);
#3185 = EDGE_LOOP('',(#3186,#3187,#3188,#3199));
#3186 = ORIENTED_EDGE('',*,*,#2324,.F.);
#3187 = ORIENTED_EDGE('',*,*,#345,.T.);
#3188 = ORIENTED_EDGE('',*,*,#3189,.T.);
#3189 = EDGE_CURVE('',#346,#3190,#3192,.T.);
#3190 = VERTEX_POINT('',#3191);
#3191 = CARTESIAN_POINT('',(-4.683567539785,5.,35.000000190386));
#3192 = B_SPLINE_CURVE_WITH_KNOTS('',3,(#3193,#3194,#3195,#3196,#3197,
    #3198),.UNSPECIFIED.,.F.,.F.,(4,2,4),(-2.14178264978,
    2.181659349751E-04,53.200020199704),.UNSPECIFIED.);
#3193 = CARTESIAN_POINT('',(-4.715980248103,5.,-2.14221816623));
#3194 = CARTESIAN_POINT('',(-4.715357165401,5.,-1.428218164552));
#3195 = CARTESIAN_POINT('',(-4.7147340827,5.,-0.714218164519));
#3196 = CARTESIAN_POINT('',(-4.698635806885,5.,17.733042385304));
#3197 = CARTESIAN_POINT('',(-4.683160613714,5.,35.466303000848));
#3198 = CARTESIAN_POINT('',(-4.667685420495,5.,53.199563670815));
#3199 = ORIENTED_EDGE('',*,*,#3200,.F.);
#3200 = EDGE_CURVE('',#2325,#3190,#3201,.T.);
#3201 = B_SPLINE_CURVE_WITH_KNOTS('',6,(#3202,#3203,#3204,#3205,#3206,
    #3207,#3208,#3209,#3210,#3211,#3212,#3213,#3214,#3215,#3216,#3217,
    #3218,#3219,#3220,#3221,#3222,#3223),.UNSPECIFIED.,.F.,.F.,(7,5,5,5,
    7),(0.,0.130500703755,0.472517679585,0.72091092952,1.),
  .UNSPECIFIED.);
#3202 = CARTESIAN_POINT('',(-5.183131017141,5.5,35.500436332258));
#3203 = CARTESIAN_POINT('',(-5.183144206439,5.484621718907,
    35.485058056819));
#3204 = CARTESIAN_POINT('',(-5.182590731578,5.469008295789,
    35.469444144757));
#3205 = CARTESIAN_POINT('',(-5.18143669944,5.453192586554,
    35.453627422418));
#3206 = CARTESIAN_POINT('',(-5.179652358145,5.437212774473,
    35.43764604712));
#3207 = CARTESIAN_POINT('',(-5.177212097049,5.421112370172,
    35.421543507158));
#3208 = CARTESIAN_POINT('',(-5.165923691341,5.362556127897,
    35.362977391591));
#3209 = CARTESIAN_POINT('',(-5.153101208217,5.319679312518,
    35.320089370156));
#3210 = CARTESIAN_POINT('',(-5.135256989673,5.277179305586,
    35.277573775019));
#3211 = CARTESIAN_POINT('',(-5.112267662265,5.236164540006,
    35.236538931844));
#3212 = CARTESIAN_POINT('',(-5.084516484091,5.197793375182,
    35.198143534931));
#3213 = CARTESIAN_POINT('',(-5.029645693714,5.137616822771,
    35.137919075797));
#3214 = CARTESIAN_POINT('',(-5.004432630037,5.114152430964,35.1144326725
    ));
#3215 = CARTESIAN_POINT('',(-4.977368507706,5.092875109893,
    35.09313172542));
#3216 = CARTESIAN_POINT('',(-4.948826968624,5.074046105148,
    35.074277806308));
#3217 = CARTESIAN_POINT('',(-4.919230342138,5.057800171848,
    35.058006038886));
#3218 = CARTESIAN_POINT('',(-4.855002706057,5.028839891784,
    35.028989698594));
#3219 = CARTESIAN_POINT('',(-4.820201645436,5.016809902783,
    35.016929335351));
#3220 = CARTESIAN_POINT('',(-4.78515970566,5.008109832165,
    35.008198681551));
#3221 = CARTESIAN_POINT('',(-4.750434960776,5.002597468073,
    35.002656012295));
#3222 = CARTESIAN_POINT('',(-4.716464555668,5.,35.000028898455));
#3223 = CARTESIAN_POINT('',(-4.683567539785,5.,35.000000190386));
#3224 = ( BOUNDED_SURFACE() B_SPLINE_SURFACE(2,3,(
    (#3225,#3226,#3227,#3228,#3229,#3230)
    ,(#3231,#3232,#3233,#3234,#3235,#3236)
    ,(#3237,#3238,#3239,#3240,#3241,#3242
)),.UNSPECIFIED.,.F.,.F.,.F.) B_SPLINE_SURFACE_WITH_KNOTS((3,3),(4,2,4),
  (0.,53.199802033769),(-2.14178264978,2.181659349751E-04,
53.200020199704),.UNSPECIFIED.) GEOMETRIC_REPRESENTATION_ITEM() 
RATIONAL_B_SPLINE_SURFACE((
    (1.,1.,1.,1.,1.,1.)
    ,(0.707106781187,0.707106781187,0.707106781187,0.707106781187
      ,0.707106781187,0.707106781187)
,(1.,1.,1.,1.,1.,1.))) REPRESENTATION_ITEM('') SURFACE() );
#3225 = CARTESIAN_POINT('',(-5.215980057718,5.5,-2.141781833972));
#3226 = CARTESIAN_POINT('',(-5.215356975015,5.5,-1.427781832295));
#3227 = CARTESIAN_POINT('',(-5.214733892314,5.5,-0.713781832261));
#3228 = CARTESIAN_POINT('',(-5.198635616499,5.5,17.733478717561));
#3229 = CARTESIAN_POINT('',(-5.183160423328,5.5,35.466739333106));
#3230 = CARTESIAN_POINT('',(-5.167685230109,5.5,53.200000003073));
#3231 = CARTESIAN_POINT('',(-5.215980057718,5.,-2.141781833972));
#3232 = CARTESIAN_POINT('',(-5.215356975015,5.,-1.427781832295));
#3233 = CARTESIAN_POINT('',(-5.214733892314,5.,-0.713781832261));
#3234 = CARTESIAN_POINT('',(-5.198635616499,5.,17.733478717561));
#3235 = CARTESIAN_POINT('',(-5.183160423328,5.,35.466739333106));
#3236 = CARTESIAN_POINT('',(-5.167685230109,5.,53.200000003073));
#3237 = CARTESIAN_POINT('',(-4.715980248103,5.,-2.14221816623));
#3238 = CARTESIAN_POINT('',(-4.715357165401,5.,-1.428218164552));
#3239 = CARTESIAN_POINT('',(-4.7147340827,5.,-0.714218164519));
#3240 = CARTESIAN_POINT('',(-4.698635806885,5.,17.733042385304));
#3241 = CARTESIAN_POINT('',(-4.683160613714,5.,35.466303000848));
#3242 = CARTESIAN_POINT('',(-4.667685420495,5.,53.199563670815));
#3243 = ADVANCED_FACE('',(#3244),#3279,.F.);
#3244 = FACE_BOUND('',#3245,.F.);
#3245 = EDGE_LOOP('',(#3246,#3257,#3264,#3272,#3277,#3278));
#3246 = ORIENTED_EDGE('',*,*,#3247,.T.);
#3247 = EDGE_CURVE('',#976,#3248,#3250,.T.);
#3248 = VERTEX_POINT('',#3249);
#3249 = CARTESIAN_POINT('',(3.705345539785,-5.,35.000000190386));
#3250 = B_SPLINE_CURVE_WITH_KNOTS('',3,(#3251,#3252,#3253,#3254,#3255,
    #3256),.UNSPECIFIED.,.F.,.F.,(4,2,4),(-2.14178264978,
    2.181659349764E-04,53.200020199704),.UNSPECIFIED.);
#3251 = CARTESIAN_POINT('',(3.737758248103,-5.,-2.14221816623));
#3252 = CARTESIAN_POINT('',(3.737135165401,-5.,-1.428218164552));
#3253 = CARTESIAN_POINT('',(3.7365120827,-5.,-0.714218164519));
#3254 = CARTESIAN_POINT('',(3.720413806885,-5.,17.733042385304));
#3255 = CARTESIAN_POINT('',(3.704938613714,-5.,35.466303000848));
#3256 = CARTESIAN_POINT('',(3.689463420495,-5.,53.199563670815));
#3257 = ORIENTED_EDGE('',*,*,#3258,.T.);
#3258 = EDGE_CURVE('',#3248,#3259,#3261,.T.);
#3259 = VERTEX_POINT('',#3260);
#3260 = CARTESIAN_POINT('',(3.704909207527,-5.,35.));
#3261 = B_SPLINE_CURVE_WITH_KNOTS('',1,(#3262,#3263),.UNSPECIFIED.,.F.,
  .F.,(2,2),(0.,1.),.PIECEWISE_BEZIER_KNOTS.);
#3262 = CARTESIAN_POINT('',(3.705781872042,-5.,35.000000761544));
#3263 = CARTESIAN_POINT('',(3.704909207527,-5.,35.));
#3264 = ORIENTED_EDGE('',*,*,#3265,.T.);
#3265 = EDGE_CURVE('',#3259,#3266,#3268,.T.);
#3266 = VERTEX_POINT('',#3267);
#3267 = CARTESIAN_POINT('',(3.266868792473,-5.,35.));
#3268 = LINE('',#3269,#3270);
#3269 = CARTESIAN_POINT('',(15.,-5.,35.));
#3270 = VECTOR('',#3271,1.);
#3271 = DIRECTION('',(-1.,0.,0.));
#3272 = ORIENTED_EDGE('',*,*,#3273,.F.);
#3273 = EDGE_CURVE('',#3130,#3266,#3274,.T.);
#3274 = B_SPLINE_CURVE_WITH_KNOTS('',1,(#3275,#3276),.UNSPECIFIED.,.F.,
  .F.,(2,2),(0.,1.),.PIECEWISE_BEZIER_KNOTS.);
#3275 = CARTESIAN_POINT('',(3.265996127958,-5.,35.000000761544));
#3276 = CARTESIAN_POINT('',(3.266868792473,-5.,35.));
#3277 = ORIENTED_EDGE('',*,*,#3129,.F.);
#3278 = ORIENTED_EDGE('',*,*,#1002,.F.);
#3279 = PLANE('',#3280);
#3280 = AXIS2_PLACEMENT_3D('',#3281,#3282,#3283);
#3281 = CARTESIAN_POINT('',(15.,-5.,0.));
#3282 = DIRECTION('',(0.,-1.,0.));
#3283 = DIRECTION('',(-1.,0.,0.));
#3284 = ADVANCED_FACE('',(#3285),#3320,.F.);
#3285 = FACE_BOUND('',#3286,.F.);
#3286 = EDGE_LOOP('',(#3287,#3288,#3295,#3303,#3310,#3319));
#3287 = ORIENTED_EDGE('',*,*,#3189,.T.);
#3288 = ORIENTED_EDGE('',*,*,#3289,.T.);
#3289 = EDGE_CURVE('',#3190,#3290,#3292,.T.);
#3290 = VERTEX_POINT('',#3291);
#3291 = CARTESIAN_POINT('',(-4.683131207527,5.,35.));
#3292 = B_SPLINE_CURVE_WITH_KNOTS('',1,(#3293,#3294),.UNSPECIFIED.,.F.,
  .F.,(2,2),(0.,1.),.PIECEWISE_BEZIER_KNOTS.);
#3293 = CARTESIAN_POINT('',(-4.684003872042,5.,35.000000761544));
#3294 = CARTESIAN_POINT('',(-4.683131207527,5.,35.));
#3295 = ORIENTED_EDGE('',*,*,#3296,.T.);
#3296 = EDGE_CURVE('',#3290,#3297,#3299,.T.);
#3297 = VERTEX_POINT('',#3298);
#3298 = CARTESIAN_POINT('',(-4.245090792473,5.,35.));
#3299 = LINE('',#3300,#3301);
#3300 = CARTESIAN_POINT('',(-15.,5.,35.));
#3301 = VECTOR('',#3302,1.);
#3302 = DIRECTION('',(1.,0.,0.));
#3303 = ORIENTED_EDGE('',*,*,#3304,.F.);
#3304 = EDGE_CURVE('',#3305,#3297,#3307,.T.);
#3305 = VERTEX_POINT('',#3306);
#3306 = CARTESIAN_POINT('',(-4.244654460215,5.,35.000000190386));
#3307 = B_SPLINE_CURVE_WITH_KNOTS('',1,(#3308,#3309),.UNSPECIFIED.,.F.,
  .F.,(2,2),(0.,1.),.PIECEWISE_BEZIER_KNOTS.);
#3308 = CARTESIAN_POINT('',(-4.244218127958,5.,35.000000761544));
#3309 = CARTESIAN_POINT('',(-4.245090792473,5.,35.));
#3310 = ORIENTED_EDGE('',*,*,#3311,.F.);
#3311 = EDGE_CURVE('',#373,#3305,#3312,.T.);
#3312 = B_SPLINE_CURVE_WITH_KNOTS('',3,(#3313,#3314,#3315,#3316,#3317,
    #3318),.UNSPECIFIED.,.F.,.F.,(4,2,4),(-2.14178264978,
    2.181659349173E-04,53.200020199705),.UNSPECIFIED.);
#3313 = CARTESIAN_POINT('',(-4.212241751897,5.,-2.14221816623));
#3314 = CARTESIAN_POINT('',(-4.212864834599,5.,-1.428218164552));
#3315 = CARTESIAN_POINT('',(-4.2134879173,5.,-0.714218164519));
#3316 = CARTESIAN_POINT('',(-4.229586193115,5.,17.733042385304));
#3317 = CARTESIAN_POINT('',(-4.245061386286,5.,35.466303000849));
#3318 = CARTESIAN_POINT('',(-4.260536579505,5.,53.199563670815));
#3319 = ORIENTED_EDGE('',*,*,#372,.F.);
#3320 = PLANE('',#3321);
#3321 = AXIS2_PLACEMENT_3D('',#3322,#3323,#3324);
#3322 = CARTESIAN_POINT('',(-15.,5.,0.));
#3323 = DIRECTION('',(0.,1.,0.));
#3324 = DIRECTION('',(1.,0.,0.));
#3325 = ADVANCED_FACE('',(#3326),#3366,.F.);
#3326 = FACE_BOUND('',#3327,.F.);
#3327 = EDGE_LOOP('',(#3328,#3329,#3330,#3341));
#3328 = ORIENTED_EDGE('',*,*,#3247,.F.);
#3329 = ORIENTED_EDGE('',*,*,#975,.T.);
#3330 = ORIENTED_EDGE('',*,*,#3331,.T.);
#3331 = EDGE_CURVE('',#968,#3332,#3334,.T.);
#3332 = VERTEX_POINT('',#3333);
#3333 = CARTESIAN_POINT('',(4.204909017141,-5.499999975947,
    35.500436332258));
#3334 = B_SPLINE_CURVE_WITH_KNOTS('',3,(#3335,#3336,#3337,#3338,#3339,
    #3340),.UNSPECIFIED.,.F.,.F.,(4,2,4),(-2.14178264978,
    2.181659349764E-04,53.200020199704),.UNSPECIFIED.);
#3335 = CARTESIAN_POINT('',(4.237758057718,-5.5,-2.141781833972));
#3336 = CARTESIAN_POINT('',(4.237134975015,-5.5,-1.427781832295));
#3337 = CARTESIAN_POINT('',(4.236511892314,-5.5,-0.713781832261));
#3338 = CARTESIAN_POINT('',(4.220413616499,-5.5,17.733478717561));
#3339 = CARTESIAN_POINT('',(4.204938423328,-5.5,35.466739333106));
#3340 = CARTESIAN_POINT('',(4.189463230109,-5.5,53.200000003073));
#3341 = ORIENTED_EDGE('',*,*,#3342,.T.);
#3342 = EDGE_CURVE('',#3332,#3248,#3343,.T.);
#3343 = B_SPLINE_CURVE_WITH_KNOTS('',6,(#3344,#3345,#3346,#3347,#3348,
    #3349,#3350,#3351,#3352,#3353,#3354,#3355,#3356,#3357,#3358,#3359,
    #3360,#3361,#3362,#3363,#3364,#3365),.UNSPECIFIED.,.F.,.F.,(7,5,5,5,
    7),(0.,0.130435986409,0.473653013154,0.720846299538,1.),
  .UNSPECIFIED.);
#3344 = CARTESIAN_POINT('',(4.204909017141,-5.499999999997,
    35.500436332258));
#3345 = CARTESIAN_POINT('',(4.204922200487,-5.484629345041,
    35.485065682949));
#3346 = CARTESIAN_POINT('',(4.204369280283,-5.469023781674,
    35.469459631126));
#3347 = CARTESIAN_POINT('',(4.203216415369,-5.453216116398,
    35.453650953768));
#3348 = CARTESIAN_POINT('',(4.201433896588,-5.437244472877,
    35.437677748624));
#3349 = CARTESIAN_POINT('',(4.198996146784,-5.421152291942,
    35.421583434222));
#3350 = CARTESIAN_POINT('',(4.187686712247,-5.362456001622,
    35.362877252206));
#3351 = CARTESIAN_POINT('',(4.174807553753,-5.319426823247,
    35.319836818258));
#3352 = CARTESIAN_POINT('',(4.156870212468,-5.276779323546,
    35.277173649031));
#3353 = CARTESIAN_POINT('',(4.133750580436,-5.235634579879,
    35.236008714008));
#3354 = CARTESIAN_POINT('',(4.105839388692,-5.197163369263,
    35.197513131626));
#3355 = CARTESIAN_POINT('',(4.050853116956,-5.137087611652,
    35.137389366554));
#3356 = CARTESIAN_POINT('',(4.025728779532,-5.113775919486,
    35.114055740386));
#3357 = CARTESIAN_POINT('',(3.998776213183,-5.092633668104,
    35.092889960396));
#3358 = CARTESIAN_POINT('',(3.970364116628,-5.073917222543,
    35.07414871347));
#3359 = CARTESIAN_POINT('',(3.940908608867,-5.057758960701,
    35.057964740689));
#3360 = CARTESIAN_POINT('',(3.876821001659,-5.028853822755,
    35.029003664736));
#3361 = CARTESIAN_POINT('',(3.842012105179,-5.016817963243,
    35.01693742414));
#3362 = CARTESIAN_POINT('',(3.806961830263,-5.00811366178,35.00820253222
    ));
#3363 = CARTESIAN_POINT('',(3.772228694377,-5.002598671432,
    35.002657229386));
#3364 = CARTESIAN_POINT('',(3.738250173868,-5.,35.000028905103));
#3365 = CARTESIAN_POINT('',(3.705345539785,-5.,35.000000190386));
#3366 = ( BOUNDED_SURFACE() B_SPLINE_SURFACE(2,3,(
    (#3367,#3368,#3369,#3370,#3371,#3372)
    ,(#3373,#3374,#3375,#3376,#3377,#3378)
    ,(#3379,#3380,#3381,#3382,#3383,#3384
)),.UNSPECIFIED.,.F.,.F.,.F.) B_SPLINE_SURFACE_WITH_KNOTS((3,3),(4,2,4),
  (0.,53.199802033769),(-2.14178264978,2.181659349764E-04,
53.200020199704),.UNSPECIFIED.) GEOMETRIC_REPRESENTATION_ITEM() 
RATIONAL_B_SPLINE_SURFACE((
    (1.,1.,1.,1.,1.,1.)
    ,(0.707106781187,0.707106781187,0.707106781187,0.707106781187
      ,0.707106781187,0.707106781187)
,(1.,1.,1.,1.,1.,1.))) REPRESENTATION_ITEM('') SURFACE() );
#3367 = CARTESIAN_POINT('',(3.737758248103,-5.,-2.14221816623));
#3368 = CARTESIAN_POINT('',(3.737135165401,-5.,-1.428218164552));
#3369 = CARTESIAN_POINT('',(3.7365120827,-5.,-0.714218164519));
#3370 = CARTESIAN_POINT('',(3.720413806885,-5.,17.733042385304));
#3371 = CARTESIAN_POINT('',(3.704938613714,-5.,35.466303000848));
#3372 = CARTESIAN_POINT('',(3.689463420495,-5.,53.199563670815));
#3373 = CARTESIAN_POINT('',(4.237758057718,-5.,-2.141781833972));
#3374 = CARTESIAN_POINT('',(4.237134975015,-5.,-1.427781832295));
#3375 = CARTESIAN_POINT('',(4.236511892314,-5.,-0.713781832261));
#3376 = CARTESIAN_POINT('',(4.220413616499,-5.,17.733478717561));
#3377 = CARTESIAN_POINT('',(4.204938423328,-5.,35.466739333106));
#3378 = CARTESIAN_POINT('',(4.189463230109,-5.,53.200000003073));
#3379 = CARTESIAN_POINT('',(4.237758057718,-5.5,-2.141781833972));
#3380 = CARTESIAN_POINT('',(4.237134975015,-5.5,-1.427781832295));
#3381 = CARTESIAN_POINT('',(4.236511892314,-5.5,-0.713781832261));
#3382 = CARTESIAN_POINT('',(4.220413616499,-5.5,17.733478717561));
#3383 = CARTESIAN_POINT('',(4.204938423328,-5.5,35.466739333106));
#3384 = CARTESIAN_POINT('',(4.189463230109,-5.5,53.200000003073));
#3385 = ADVANCED_FACE('',(#3386),#3416,.F.);
#3386 = FACE_BOUND('',#3387,.F.);
#3387 = EDGE_LOOP('',(#3388,#3389,#3390,#3391));
#3388 = ORIENTED_EDGE('',*,*,#2662,.F.);
#3389 = ORIENTED_EDGE('',*,*,#380,.T.);
#3390 = ORIENTED_EDGE('',*,*,#3311,.T.);
#3391 = ORIENTED_EDGE('',*,*,#3392,.F.);
#3392 = EDGE_CURVE('',#2663,#3305,#3393,.T.);
#3393 = B_SPLINE_CURVE_WITH_KNOTS('',6,(#3394,#3395,#3396,#3397,#3398,
    #3399,#3400,#3401,#3402,#3403,#3404,#3405,#3406,#3407,#3408,#3409,
    #3410,#3411,#3412,#3413,#3414,#3415),.UNSPECIFIED.,.F.,.F.,(7,5,5,5,
    7),(0.,0.130500705123,0.472517680954,0.720910930888,1.),
  .UNSPECIFIED.);
#3394 = CARTESIAN_POINT('',(-3.745090982859,5.5,35.500436332258));
#3395 = CARTESIAN_POINT('',(-3.745077793561,5.484621718746,
    35.485058056658));
#3396 = CARTESIAN_POINT('',(-3.745631268434,5.469008295461,
    35.46944414443));
#3397 = CARTESIAN_POINT('',(-3.746785300596,5.453192586057,
    35.45362742192));
#3398 = CARTESIAN_POINT('',(-3.748569641929,5.437212773803,
    35.43764604645));
#3399 = CARTESIAN_POINT('',(-3.751009903079,5.421112369328,
    35.421543506314));
#3400 = CARTESIAN_POINT('',(-3.762298308948,5.36255612687,
    35.362977390564));
#3401 = CARTESIAN_POINT('',(-3.775120792171,5.319679311495,
    35.320089369132));
#3402 = CARTESIAN_POINT('',(-3.792965010817,5.277179304584,
    35.277573774017));
#3403 = CARTESIAN_POINT('',(-3.815954338325,5.236164539043,
    35.23653893088));
#3404 = CARTESIAN_POINT('',(-3.843705516591,5.197793374275,
    35.198143534024));
#3405 = CARTESIAN_POINT('',(-3.898576307107,5.137616821986,
    35.137919075011));
#3406 = CARTESIAN_POINT('',(-3.923789370837,5.114152430236,
    35.114432671773));
#3407 = CARTESIAN_POINT('',(-3.950853493212,5.092875109231,
    35.093131724757));
#3408 = CARTESIAN_POINT('',(-3.97939503233,5.074046104555,
    35.074277805713));
#3409 = CARTESIAN_POINT('',(-4.008991658843,5.057800171325,
    35.058006038363));
#3410 = CARTESIAN_POINT('',(-4.073219294796,5.028839891489,
    35.028989698299));
#3411 = CARTESIAN_POINT('',(-4.108020355251,5.016809902613,
    35.01692933518));
#3412 = CARTESIAN_POINT('',(-4.14306229485,5.008109832083,
    35.008198681469));
#3413 = CARTESIAN_POINT('',(-4.177787039556,5.002597468047,
    35.00265601227));
#3414 = CARTESIAN_POINT('',(-4.211757444493,5.,35.000028898455));
#3415 = CARTESIAN_POINT('',(-4.244654460215,5.,35.000000190386));
#3416 = ( BOUNDED_SURFACE() B_SPLINE_SURFACE(2,3,(
    (#3417,#3418,#3419,#3420,#3421,#3422)
    ,(#3423,#3424,#3425,#3426,#3427,#3428)
    ,(#3429,#3430,#3431,#3432,#3433,#3434
)),.UNSPECIFIED.,.F.,.F.,.F.) B_SPLINE_SURFACE_WITH_KNOTS((3,3),(4,2,4),
  (0.,53.19980203377),(-2.14178264978,2.181659349173E-04,53.200020199705
),.UNSPECIFIED.) GEOMETRIC_REPRESENTATION_ITEM() 
RATIONAL_B_SPLINE_SURFACE((
    (1.,1.,1.,1.,1.,1.)
    ,(0.707106781187,0.707106781187,0.707106781187,0.707106781187
      ,0.707106781187,0.707106781187)
,(1.,1.,1.,1.,1.,1.))) REPRESENTATION_ITEM('') SURFACE() );
#3417 = CARTESIAN_POINT('',(-3.712241942282,5.5,-2.141781833972));
#3418 = CARTESIAN_POINT('',(-3.712865024985,5.5,-1.427781832295));
#3419 = CARTESIAN_POINT('',(-3.713488107686,5.5,-0.713781832261));
#3420 = CARTESIAN_POINT('',(-3.729586383501,5.5,17.733478717561));
#3421 = CARTESIAN_POINT('',(-3.745061576672,5.5,35.466739333106));
#3422 = CARTESIAN_POINT('',(-3.760536769891,5.5,53.200000003073));
#3423 = CARTESIAN_POINT('',(-3.712241942282,5.,-2.141781833972));
#3424 = CARTESIAN_POINT('',(-3.712865024985,5.,-1.427781832295));
#3425 = CARTESIAN_POINT('',(-3.713488107686,5.,-0.713781832261));
#3426 = CARTESIAN_POINT('',(-3.729586383501,5.,17.733478717561));
#3427 = CARTESIAN_POINT('',(-3.745061576672,5.,35.466739333106));
#3428 = CARTESIAN_POINT('',(-3.760536769891,5.,53.200000003073));
#3429 = CARTESIAN_POINT('',(-4.212241751897,5.,-2.14221816623));
#3430 = CARTESIAN_POINT('',(-4.212864834599,5.,-1.428218164552));
#3431 = CARTESIAN_POINT('',(-4.2134879173,5.,-0.714218164519));
#3432 = CARTESIAN_POINT('',(-4.229586193115,5.,17.733042385304));
#3433 = CARTESIAN_POINT('',(-4.245061386286,5.,35.466303000849));
#3434 = CARTESIAN_POINT('',(-4.260536579505,5.,53.199563670815));
#3435 = ADVANCED_FACE('',(#3436),#3493,.T.);
#3436 = FACE_BOUND('',#3437,.T.);
#3437 = EDGE_LOOP('',(#3438,#3449,#3450,#3463,#3473,#3484,#3485,#3486));
#3438 = ORIENTED_EDGE('',*,*,#3439,.F.);
#3439 = EDGE_CURVE('',#521,#3440,#3442,.T.);
#3440 = VERTEX_POINT('',#3441);
#3441 = CARTESIAN_POINT('',(4.204909017141,5.499999915096,
    35.500436332258));
#3442 = B_SPLINE_CURVE_WITH_KNOTS('',3,(#3443,#3444,#3445,#3446,#3447,
    #3448),.UNSPECIFIED.,.F.,.F.,(4,2,4),(-2.14178264978,
    2.181659349175E-04,53.200020199705),.UNSPECIFIED.);
#3443 = CARTESIAN_POINT('',(4.237758057718,5.5,-2.141781833972));
#3444 = CARTESIAN_POINT('',(4.237134975015,5.5,-1.427781832295));
#3445 = CARTESIAN_POINT('',(4.236511892314,5.5,-0.713781832261));
#3446 = CARTESIAN_POINT('',(4.220413616499,5.5,17.733478717561));
#3447 = CARTESIAN_POINT('',(4.204938423328,5.5,35.466739333106));
#3448 = CARTESIAN_POINT('',(4.189463230109,5.5,53.200000003073));
#3449 = ORIENTED_EDGE('',*,*,#547,.T.);
#3450 = ORIENTED_EDGE('',*,*,#3451,.T.);
#3451 = EDGE_CURVE('',#548,#3452,#3454,.T.);
#3452 = VERTEX_POINT('',#3453);
#3453 = CARTESIAN_POINT('',(4.185711152039,5.900178038347,
    57.499563667742));
#3454 = B_SPLINE_CURVE_WITH_KNOTS('',3,(#3455,#3456,#3457,#3458,#3459,
    #3460,#3461,#3462),.UNSPECIFIED.,.F.,.F.,(4,2,2,4),(-3.195078764783,
    -4.363319254137E-04,57.999607837606,61.194250270464),.UNSPECIFIED.);
#3455 = CARTESIAN_POINT('',(4.238676850028,5.847212340357,-3.19464));
#3456 = CARTESIAN_POINT('',(4.237747566686,5.8481416237,-2.12976));
#3457 = CARTESIAN_POINT('',(4.236818283343,5.849070907043,-1.06488));
#3458 = CARTESIAN_POINT('',(4.219017479615,5.866871710771,
    19.333333333333));
#3459 = CARTESIAN_POINT('',(4.202145959229,5.883743231157,
    38.666666666667));
#3460 = CARTESIAN_POINT('',(4.184345155501,5.901544034885,59.06488));
#3461 = CARTESIAN_POINT('',(4.183415872158,5.902473318228,60.12976));
#3462 = CARTESIAN_POINT('',(4.182486588815,5.903402601571,61.19464));
#3463 = ORIENTED_EDGE('',*,*,#3464,.F.);
#3464 = EDGE_CURVE('',#3465,#3452,#3467,.T.);
#3465 = VERTEX_POINT('',#3466);
#3466 = CARTESIAN_POINT('',(4.185711152039,-5.900178038347,
    57.499563667742));
#3467 = B_SPLINE_CURVE_WITH_KNOTS('',2,(#3468,#3469,#3470,#3471,#3472),
  .UNSPECIFIED.,.F.,.F.,(3,1,1,3),(-1.456380065498,2.183565978009E-04,
    12.801010765715,14.25760918781),.UNSPECIFIED.);
#3468 = CARTESIAN_POINT('',(4.185711152039,-7.856994626654,
    57.499563667742));
#3469 = CARTESIAN_POINT('',(4.185711152039,-7.128695415606,
    57.499563667742));
#3470 = CARTESIAN_POINT('',(4.185711152039,4.440892098501E-15,
    57.499563667742));
#3471 = CARTESIAN_POINT('',(4.185711152039,7.128695415606,
    57.499563667742));
#3472 = CARTESIAN_POINT('',(4.185711152039,7.856994626654,
    57.499563667742));
#3473 = ORIENTED_EDGE('',*,*,#3474,.F.);
#3474 = EDGE_CURVE('',#941,#3465,#3475,.T.);
#3475 = B_SPLINE_CURVE_WITH_KNOTS('',3,(#3476,#3477,#3478,#3479,#3480,
    #3481,#3482,#3483),.UNSPECIFIED.,.F.,.F.,(4,2,2,4),(-3.195078764783,
    -4.363319254137E-04,57.999607837606,61.194250270464),.UNSPECIFIED.);
#3476 = CARTESIAN_POINT('',(4.238676850028,-5.847212340357,-3.19464));
#3477 = CARTESIAN_POINT('',(4.237747566686,-5.8481416237,-2.12976));
#3478 = CARTESIAN_POINT('',(4.236818283343,-5.849070907043,-1.06488));
#3479 = CARTESIAN_POINT('',(4.219017479615,-5.866871710771,
    19.333333333333));
#3480 = CARTESIAN_POINT('',(4.202145959229,-5.883743231157,
    38.666666666667));
#3481 = CARTESIAN_POINT('',(4.184345155501,-5.901544034885,59.06488));
#3482 = CARTESIAN_POINT('',(4.183415872158,-5.902473318228,60.12976));
#3483 = CARTESIAN_POINT('',(4.182486588815,-5.903402601571,61.19464));
#3484 = ORIENTED_EDGE('',*,*,#967,.T.);
#3485 = ORIENTED_EDGE('',*,*,#3331,.T.);
#3486 = ORIENTED_EDGE('',*,*,#3487,.F.);
#3487 = EDGE_CURVE('',#3440,#3332,#3488,.T.);
#3488 = ( BOUNDED_CURVE() B_SPLINE_CURVE(3,(#3489,#3490,#3491,#3492),
.UNSPECIFIED.,.F.,.F.) B_SPLINE_CURVE_WITH_KNOTS((4,4),(-0.380980173718,
11.380980171429),.PIECEWISE_BEZIER_KNOTS.) CURVE() 
GEOMETRIC_REPRESENTATION_ITEM() RATIONAL_B_SPLINE_CURVE((1.,1.,1.,1.)) 
REPRESENTATION_ITEM('') );
#3489 = CARTESIAN_POINT('',(4.204909017141,5.880980173357,
    35.500436332258));
#3490 = CARTESIAN_POINT('',(4.204909017141,1.960326724111,
    35.500436332258));
#3491 = CARTESIAN_POINT('',(4.204909017141,-1.960326701327,
    35.500436332258));
#3492 = CARTESIAN_POINT('',(4.204909017141,-5.880980173357,
    35.500436332258));
#3493 = B_SPLINE_SURFACE_WITH_KNOTS('',1,1,(
    (#3494,#3495)
    ,(#3496,#3497
    )),.UNSPECIFIED.,.F.,.F.,.F.,(2,2),(2,2),(-5.061456115623E-02,
    12.750614561156),(0.,1.),.PIECEWISE_BEZIER_KNOTS.);
#3494 = CARTESIAN_POINT('',(4.235889,-6.35,0.));
#3495 = CARTESIAN_POINT('',(4.185274438844,-6.400614561156,58.));
#3496 = CARTESIAN_POINT('',(4.235889,6.35,0.));
#3497 = CARTESIAN_POINT('',(4.185274438844,6.400614561156,58.));
#3498 = ADVANCED_FACE('',(#3499),#3539,.F.);
#3499 = FACE_BOUND('',#3500,.F.);
#3500 = EDGE_LOOP('',(#3501,#3502,#3515,#3538));
#3501 = ORIENTED_EDGE('',*,*,#940,.T.);
#3502 = ORIENTED_EDGE('',*,*,#3503,.T.);
#3503 = EDGE_CURVE('',#933,#3504,#3506,.T.);
#3504 = VERTEX_POINT('',#3505);
#3505 = CARTESIAN_POINT('',(4.685274248458,-6.400614561156,58.));
#3506 = B_SPLINE_CURVE_WITH_KNOTS('',3,(#3507,#3508,#3509,#3510,#3511,
    #3512,#3513,#3514),.UNSPECIFIED.,.F.,.F.,(4,2,2,4),(-3.195078764783,
    -4.363319254137E-04,57.999607837606,61.194250270464),.UNSPECIFIED.);
#3507 = CARTESIAN_POINT('',(4.738676659643,-6.347212149972,-3.19464));
#3508 = CARTESIAN_POINT('',(4.7377473763,-6.348141433314,-2.12976));
#3509 = CARTESIAN_POINT('',(4.736818092957,-6.349070716657,-1.06488));
#3510 = CARTESIAN_POINT('',(4.719017289229,-6.366871520385,
    19.333333333333));
#3511 = CARTESIAN_POINT('',(4.702145768843,-6.383743040771,
    38.666666666667));
#3512 = CARTESIAN_POINT('',(4.684344965115,-6.401543844499,59.06488));
#3513 = CARTESIAN_POINT('',(4.683415681772,-6.402473127842,60.12976));
#3514 = CARTESIAN_POINT('',(4.682486398429,-6.403402411185,61.19464));
#3515 = ORIENTED_EDGE('',*,*,#3516,.F.);
#3516 = EDGE_CURVE('',#3465,#3504,#3517,.T.);
#3517 = B_SPLINE_CURVE_WITH_KNOTS('',7,(#3518,#3519,#3520,#3521,#3522,
    #3523,#3524,#3525,#3526,#3527,#3528,#3529,#3530,#3531,#3532,#3533,
    #3534,#3535,#3536,#3537),.UNSPECIFIED.,.F.,.F.,(8,6,6,8),(0.,
    0.129971269323,0.620313897443,1.),.UNSPECIFIED.);
#3518 = CARTESIAN_POINT('',(4.185711152039,-5.900178038347,
    57.499563668036));
#3519 = CARTESIAN_POINT('',(4.185699876865,-5.913317558292,
    57.512691721333));
#3520 = CARTESIAN_POINT('',(4.186090116429,-5.926623835822,
    57.52598673761));
#3521 = CARTESIAN_POINT('',(4.186900987023,-5.940078312801,
    57.539430191326));
#3522 = CARTESIAN_POINT('',(4.188149866775,-5.953660179258,
    57.553001305654));
#3523 = CARTESIAN_POINT('',(4.189852395659,-5.967346373393,
    57.566677052483));
#3524 = CARTESIAN_POINT('',(4.192022475487,-5.981111581573,
    57.580432152415));
#3525 = CARTESIAN_POINT('',(4.204669149756,-6.047054341454,
    57.646328452894));
#3526 = CARTESIAN_POINT('',(4.221492912398,-6.099913829488,
    57.699156534072));
#3527 = CARTESIAN_POINT('',(4.245765937949,-6.152032935246,
    57.751251379226));
#3528 = CARTESIAN_POINT('',(4.2776741023,-6.201550886331,57.800754000579
    ));
#3529 = CARTESIAN_POINT('',(4.31649620396,-6.246372100781,
    57.845570013948));
#3530 = CARTESIAN_POINT('',(4.360683040294,-6.28506117314,
    57.884263913475));
#3531 = CARTESIAN_POINT('',(4.445535894562,-6.341562342033,
    57.940789866915));
#3532 = CARTESIAN_POINT('',(4.484745373093,-6.36211544109,
    57.961359262391));
#3533 = CARTESIAN_POINT('',(4.525328294017,-6.378233527248,
    57.977498710424));
#3534 = CARTESIAN_POINT('',(4.566396415156,-6.38984637312,
    57.989137269725));
#3535 = CARTESIAN_POINT('',(4.607134956345,-6.397178010722,
    57.99649806594));
#3536 = CARTESIAN_POINT('',(4.646914177766,-6.400614531751,
    57.999966304583));
#3537 = CARTESIAN_POINT('',(4.685274248624,-6.40061456099,
    57.999999809282));
#3538 = ORIENTED_EDGE('',*,*,#3474,.F.);
#3539 = ( BOUNDED_SURFACE() B_SPLINE_SURFACE(2,3,(
    (#3540,#3541,#3542,#3543,#3544,#3545,#3546,#3547)
    ,(#3548,#3549,#3550,#3551,#3552,#3553,#3554,#3555)
    ,(#3556,#3557,#3558,#3559,#3560,#3561,#3562,#3563
)),.UNSPECIFIED.,.F.,.F.,.F.) B_SPLINE_SURFACE_WITH_KNOTS((3,3),(4,2,2,4
    ),(0.,58.000044169531),(-3.195078764783,-4.363319254137E-04,
    57.999607837606,61.194250270464),.UNSPECIFIED.) 
GEOMETRIC_REPRESENTATION_ITEM() RATIONAL_B_SPLINE_SURFACE((
    (1.,1.,1.,1.,1.,1.,1.,1.)
    ,(0.707107050433,0.707107050433,0.707107050433,0.707107050433
      ,0.707107050433,0.707107050433,0.707107050433,0.707107050433)
,(1.,1.,1.,1.,1.,1.,1.,1.))) REPRESENTATION_ITEM('') SURFACE() );
#3540 = CARTESIAN_POINT('',(4.238676850028,-5.847212340357,-3.19464));
#3541 = CARTESIAN_POINT('',(4.237747566686,-5.8481416237,-2.12976));
#3542 = CARTESIAN_POINT('',(4.236818283343,-5.849070907043,-1.06488));
#3543 = CARTESIAN_POINT('',(4.219017479615,-5.866871710771,
    19.333333333333));
#3544 = CARTESIAN_POINT('',(4.202145959229,-5.883743231157,
    38.666666666667));
#3545 = CARTESIAN_POINT('',(4.184345155501,-5.901544034885,59.06488));
#3546 = CARTESIAN_POINT('',(4.183415872158,-5.902473318228,60.12976));
#3547 = CARTESIAN_POINT('',(4.182486588815,-5.903402601571,61.19464));
#3548 = CARTESIAN_POINT('',(4.2386772308,-6.3472117692,-3.195076331593)
  );
#3549 = CARTESIAN_POINT('',(4.237747947457,-6.348141052543,
    -2.130196331593));
#3550 = CARTESIAN_POINT('',(4.236818664114,-6.349070335886,
    -1.065316331593));
#3551 = CARTESIAN_POINT('',(4.219017860386,-6.366871139614,
    19.33289700174));
#3552 = CARTESIAN_POINT('',(4.20214634,-6.38374266,38.666230335074));
#3553 = CARTESIAN_POINT('',(4.184345536272,-6.401543463728,
    59.064443668407));
#3554 = CARTESIAN_POINT('',(4.183416252929,-6.402472747071,
    60.129323668407));
#3555 = CARTESIAN_POINT('',(4.182486969587,-6.403402030413,
    61.194203668407));
#3556 = CARTESIAN_POINT('',(4.738676659643,-6.347212149972,-3.19464));
#3557 = CARTESIAN_POINT('',(4.7377473763,-6.348141433314,-2.12976));
#3558 = CARTESIAN_POINT('',(4.736818092957,-6.349070716657,-1.06488));
#3559 = CARTESIAN_POINT('',(4.719017289229,-6.366871520385,
    19.333333333333));
#3560 = CARTESIAN_POINT('',(4.702145768843,-6.383743040771,
    38.666666666667));
#3561 = CARTESIAN_POINT('',(4.684344965115,-6.401543844499,59.06488));
#3562 = CARTESIAN_POINT('',(4.683415681772,-6.402473127842,60.12976));
#3563 = CARTESIAN_POINT('',(4.682486398429,-6.403402411185,61.19464));
#3564 = ADVANCED_FACE('',(#3565),#3612,.T.);
#3565 = FACE_BOUND('',#3566,.T.);
#3566 = EDGE_LOOP('',(#3567,#3568,#3581,#3611));
#3567 = ORIENTED_EDGE('',*,*,#415,.T.);
#3568 = ORIENTED_EDGE('',*,*,#3569,.T.);
#3569 = EDGE_CURVE('',#416,#3570,#3572,.T.);
#3570 = VERTEX_POINT('',#3571);
#3571 = CARTESIAN_POINT('',(-3.264725751542,6.400614561156,58.));
#3572 = B_SPLINE_CURVE_WITH_KNOTS('',3,(#3573,#3574,#3575,#3576,#3577,
    #3578,#3579,#3580),.UNSPECIFIED.,.F.,.F.,(4,2,2,4),(-3.195078764783,
    -4.363319254137E-04,57.999607837606,61.194250270464),.UNSPECIFIED.);
#3573 = CARTESIAN_POINT('',(-3.211323340357,6.347212149972,-3.19464));
#3574 = CARTESIAN_POINT('',(-3.2122526237,6.348141433314,-2.12976));
#3575 = CARTESIAN_POINT('',(-3.213181907043,6.349070716657,-1.06488));
#3576 = CARTESIAN_POINT('',(-3.230982710771,6.366871520385,
    19.333333333333));
#3577 = CARTESIAN_POINT('',(-3.247854231157,6.383743040771,
    38.666666666667));
#3578 = CARTESIAN_POINT('',(-3.265655034885,6.401543844499,59.06488));
#3579 = CARTESIAN_POINT('',(-3.266584318228,6.402473127842,60.12976));
#3580 = CARTESIAN_POINT('',(-3.267513601571,6.403402411185,61.19464));
#3581 = ORIENTED_EDGE('',*,*,#3582,.F.);
#3582 = EDGE_CURVE('',#2675,#3570,#3583,.T.);
#3583 = B_SPLINE_CURVE_WITH_KNOTS('',6,(#3584,#3585,#3586,#3587,#3588,
    #3589,#3590,#3591,#3592,#3593,#3594,#3595,#3596,#3597,#3598,#3599,
    #3600,#3601,#3602,#3603,#3604,#3605,#3606,#3607,#3608,#3609,#3610),
  .UNSPECIFIED.,.F.,.F.,(7,5,5,5,5,7),(0.,0.130541416475,0.404150427071,
    0.62775358922,0.810139061297,1.),.UNSPECIFIED.);
#3584 = CARTESIAN_POINT('',(-3.764288847961,5.900178038347,
    57.499563667742));
#3585 = CARTESIAN_POINT('',(-3.764302043285,5.915574728151,
    57.514946921608));
#3586 = CARTESIAN_POINT('',(-3.763748205023,5.931206941703,
    57.530565988696));
#3587 = CARTESIAN_POINT('',(-3.76259340562,5.947041762243,
    57.546388010556));
#3588 = CARTESIAN_POINT('',(-3.76080786368,5.963040932288,
    57.562374789052));
#3589 = CARTESIAN_POINT('',(-3.75836594397,5.979160853635,
    57.578482786363));
#3590 = CARTESIAN_POINT('',(-3.748707223381,6.029289742038,
    57.628576396049));
#3591 = CARTESIAN_POINT('',(-3.739191217551,6.063542600335,
    57.662807693449));
#3592 = CARTESIAN_POINT('',(-3.726507900907,6.09766402793,
    57.696910438744));
#3593 = CARTESIAN_POINT('',(-3.710570596641,6.131113243274,
    57.730344397531));
#3594 = CARTESIAN_POINT('',(-3.691475578227,6.163307903004,
    57.762527650183));
#3595 = CARTESIAN_POINT('',(-3.65150836614,6.218602175172,
    57.817808589073));
#3596 = CARTESIAN_POINT('',(-3.631598771575,6.242288520987,
    57.841491657088));
#3597 = CARTESIAN_POINT('',(-3.609894344254,6.264514631619,
    57.863717329391));
#3598 = CARTESIAN_POINT('',(-3.586608554172,6.285028654639,
    57.884233786857));
#3599 = CARTESIAN_POINT('',(-3.562013003014,6.303645297811,
    57.90285566179));
#3600 = CARTESIAN_POINT('',(-3.515504363755,6.333800851825,
    57.933025509531));
#3601 = CARTESIAN_POINT('',(-3.493932496269,6.346011988706,
    57.945244824492));
#3602 = CARTESIAN_POINT('',(-3.471840061602,6.356826343212,
    57.956069029218));
#3603 = CARTESIAN_POINT('',(-3.449392887444,6.366217892718,
    57.96547197906));
#3604 = CARTESIAN_POINT('',(-3.426753462725,6.374192180315,
    57.97345907048));
#3605 = CARTESIAN_POINT('',(-3.380456049061,6.387643960785,
    57.986939524424));
#3606 = CARTESIAN_POINT('',(-3.356794268355,6.393005600038,
    57.99231713765));
#3607 = CARTESIAN_POINT('',(-3.333252256592,6.396905177909,
    57.996233859752));
#3608 = CARTESIAN_POINT('',(-3.309979962117,6.39941153493,
    57.998758340386));
#3609 = CARTESIAN_POINT('',(-3.287104568559,6.400614543932,
    57.999980263031));
#3610 = CARTESIAN_POINT('',(-3.264725751376,6.40061456099,
    57.999999809282));
#3611 = ORIENTED_EDGE('',*,*,#2674,.F.);
#3612 = ( BOUNDED_SURFACE() B_SPLINE_SURFACE(2,3,(
    (#3613,#3614,#3615,#3616,#3617,#3618,#3619,#3620)
    ,(#3621,#3622,#3623,#3624,#3625,#3626,#3627,#3628)
    ,(#3629,#3630,#3631,#3632,#3633,#3634,#3635,#3636
)),.UNSPECIFIED.,.F.,.F.,.F.) B_SPLINE_SURFACE_WITH_KNOTS((3,3),(4,2,2,4
    ),(0.,58.000044169531),(-3.195078764783,-4.363319254137E-04,
    57.999607837606,61.194250270464),.UNSPECIFIED.) 
GEOMETRIC_REPRESENTATION_ITEM() RATIONAL_B_SPLINE_SURFACE((
    (1.,1.,1.,1.,1.,1.,1.,1.)
    ,(0.707107050433,0.707107050433,0.707107050433,0.707107050433
      ,0.707107050433,0.707107050433,0.707107050433,0.707107050433)
,(1.,1.,1.,1.,1.,1.,1.,1.))) REPRESENTATION_ITEM('') SURFACE() );
#3613 = CARTESIAN_POINT('',(-3.711323149972,5.847212340357,-3.19464));
#3614 = CARTESIAN_POINT('',(-3.712252433314,5.8481416237,-2.12976));
#3615 = CARTESIAN_POINT('',(-3.713181716657,5.849070907043,-1.06488));
#3616 = CARTESIAN_POINT('',(-3.730982520385,5.866871710771,
    19.333333333333));
#3617 = CARTESIAN_POINT('',(-3.747854040771,5.883743231157,
    38.666666666667));
#3618 = CARTESIAN_POINT('',(-3.765654844499,5.901544034885,59.06488));
#3619 = CARTESIAN_POINT('',(-3.766584127842,5.902473318228,60.12976));
#3620 = CARTESIAN_POINT('',(-3.767513411185,5.903402601571,61.19464));
#3621 = CARTESIAN_POINT('',(-3.7113227692,6.3472117692,-3.195076331593)
  );
#3622 = CARTESIAN_POINT('',(-3.712252052543,6.348141052543,
    -2.130196331593));
#3623 = CARTESIAN_POINT('',(-3.713181335886,6.349070335886,
    -1.065316331593));
#3624 = CARTESIAN_POINT('',(-3.730982139614,6.366871139614,
    19.33289700174));
#3625 = CARTESIAN_POINT('',(-3.74785366,6.38374266,38.666230335074));
#3626 = CARTESIAN_POINT('',(-3.765654463728,6.401543463728,
    59.064443668407));
#3627 = CARTESIAN_POINT('',(-3.766583747071,6.402472747071,
    60.129323668407));
#3628 = CARTESIAN_POINT('',(-3.767513030413,6.403402030413,
    61.194203668407));
#3629 = CARTESIAN_POINT('',(-3.211323340357,6.347212149972,-3.19464));
#3630 = CARTESIAN_POINT('',(-3.2122526237,6.348141433314,-2.12976));
#3631 = CARTESIAN_POINT('',(-3.213181907043,6.349070716657,-1.06488));
#3632 = CARTESIAN_POINT('',(-3.230982710771,6.366871520385,
    19.333333333333));
#3633 = CARTESIAN_POINT('',(-3.247854231157,6.383743040771,
    38.666666666667));
#3634 = CARTESIAN_POINT('',(-3.265655034885,6.401543844499,59.06488));
#3635 = CARTESIAN_POINT('',(-3.266584318228,6.402473127842,60.12976));
#3636 = CARTESIAN_POINT('',(-3.267513601571,6.403402411185,61.19464));
#3637 = ADVANCED_FACE('',(#3638),#3661,.T.);
#3638 = FACE_BOUND('',#3639,.T.);
#3639 = EDGE_LOOP('',(#3640,#3641,#3642,#3650));
#3640 = ORIENTED_EDGE('',*,*,#932,.T.);
#3641 = ORIENTED_EDGE('',*,*,#3503,.T.);
#3642 = ORIENTED_EDGE('',*,*,#3643,.F.);
#3643 = EDGE_CURVE('',#3644,#3504,#3646,.T.);
#3644 = VERTEX_POINT('',#3645);
#3645 = CARTESIAN_POINT('',(10.236503751542,-6.400614561156,58.));
#3646 = LINE('',#3647,#3648);
#3647 = CARTESIAN_POINT('',(10.685889,-6.400614561156,58.));
#3648 = VECTOR('',#3649,1.);
#3649 = DIRECTION('',(-1.,0.,0.));
#3650 = ORIENTED_EDGE('',*,*,#3651,.F.);
#3651 = EDGE_CURVE('',#906,#3644,#3652,.T.);
#3652 = B_SPLINE_CURVE_WITH_KNOTS('',3,(#3653,#3654,#3655,#3656,#3657,
    #3658,#3659,#3660),.UNSPECIFIED.,.F.,.F.,(4,2,2,4),(-3.195078764783,
    -4.363319254138E-04,57.999607837606,61.194250270464),.UNSPECIFIED.);
#3653 = CARTESIAN_POINT('',(10.183101340357,-6.347212149972,-3.19464));
#3654 = CARTESIAN_POINT('',(10.1840306237,-6.348141433314,-2.12976));
#3655 = CARTESIAN_POINT('',(10.184959907043,-6.349070716657,-1.06488));
#3656 = CARTESIAN_POINT('',(10.202760710771,-6.366871520385,
    19.333333333333));
#3657 = CARTESIAN_POINT('',(10.219632231157,-6.383743040771,
    38.666666666667));
#3658 = CARTESIAN_POINT('',(10.237433034885,-6.401543844499,59.06488));
#3659 = CARTESIAN_POINT('',(10.238362318228,-6.402473127842,60.12976));
#3660 = CARTESIAN_POINT('',(10.239291601571,-6.403402411185,61.19464));
#3661 = B_SPLINE_SURFACE_WITH_KNOTS('',1,1,(
    (#3662,#3663)
    ,(#3664,#3665
    )),.UNSPECIFIED.,.F.,.F.,.F.,(2,2),(2,2),(-5.061456115623E-02,
    6.500614561156),(0.,1.),.PIECEWISE_BEZIER_KNOTS.);
#3662 = CARTESIAN_POINT('',(10.685889,-6.35,0.));
#3663 = CARTESIAN_POINT('',(10.736503561156,-6.400614561156,58.));
#3664 = CARTESIAN_POINT('',(4.235889,-6.35,0.));
#3665 = CARTESIAN_POINT('',(4.185274438844,-6.400614561156,58.));
#3666 = ADVANCED_FACE('',(#3667),#3690,.T.);
#3667 = FACE_BOUND('',#3668,.T.);
#3668 = EDGE_LOOP('',(#3669,#3670,#3683,#3689));
#3669 = ORIENTED_EDGE('',*,*,#442,.T.);
#3670 = ORIENTED_EDGE('',*,*,#3671,.T.);
#3671 = EDGE_CURVE('',#443,#3672,#3674,.T.);
#3672 = VERTEX_POINT('',#3673);
#3673 = CARTESIAN_POINT('',(2.286503751542,6.400614561156,58.));
#3674 = B_SPLINE_CURVE_WITH_KNOTS('',3,(#3675,#3676,#3677,#3678,#3679,
    #3680,#3681,#3682),.UNSPECIFIED.,.F.,.F.,(4,2,2,4),(-3.195078764783,
    -4.363319254137E-04,57.999607837606,61.194250270464),.UNSPECIFIED.);
#3675 = CARTESIAN_POINT('',(2.233101340357,6.347212149972,-3.19464));
#3676 = CARTESIAN_POINT('',(2.2340306237,6.348141433314,-2.12976));
#3677 = CARTESIAN_POINT('',(2.234959907043,6.349070716657,-1.06488));
#3678 = CARTESIAN_POINT('',(2.252760710771,6.366871520385,
    19.333333333333));
#3679 = CARTESIAN_POINT('',(2.269632231157,6.383743040771,
    38.666666666667));
#3680 = CARTESIAN_POINT('',(2.287433034885,6.401543844499,59.06488));
#3681 = CARTESIAN_POINT('',(2.288362318228,6.402473127842,60.12976));
#3682 = CARTESIAN_POINT('',(2.289291601571,6.403402411185,61.19464));
#3683 = ORIENTED_EDGE('',*,*,#3684,.F.);
#3684 = EDGE_CURVE('',#3570,#3672,#3685,.T.);
#3685 = LINE('',#3686,#3687);
#3686 = CARTESIAN_POINT('',(-3.714111,6.400614561156,58.));
#3687 = VECTOR('',#3688,1.);
#3688 = DIRECTION('',(1.,0.,0.));
#3689 = ORIENTED_EDGE('',*,*,#3569,.F.);
#3690 = B_SPLINE_SURFACE_WITH_KNOTS('',1,1,(
    (#3691,#3692)
    ,(#3693,#3694
    )),.UNSPECIFIED.,.F.,.F.,.F.,(2,2),(2,2),(-5.061456115623E-02,
    6.500614561156),(0.,1.),.PIECEWISE_BEZIER_KNOTS.);
#3691 = CARTESIAN_POINT('',(-3.714111,6.35,0.));
#3692 = CARTESIAN_POINT('',(-3.764725561156,6.400614561156,58.));
#3693 = CARTESIAN_POINT('',(2.735889,6.35,0.));
#3694 = CARTESIAN_POINT('',(2.786503561156,6.400614561156,58.));
#3695 = ADVANCED_FACE('',(#3696),#3743,.F.);
#3696 = FACE_BOUND('',#3697,.F.);
#3697 = EDGE_LOOP('',(#3698,#3699,#3712,#3742));
#3698 = ORIENTED_EDGE('',*,*,#905,.T.);
#3699 = ORIENTED_EDGE('',*,*,#3700,.T.);
#3700 = EDGE_CURVE('',#898,#3701,#3703,.T.);
#3701 = VERTEX_POINT('',#3702);
#3702 = CARTESIAN_POINT('',(10.736066847961,-5.900178038347,
    57.499563667742));
#3703 = B_SPLINE_CURVE_WITH_KNOTS('',3,(#3704,#3705,#3706,#3707,#3708,
    #3709,#3710,#3711),.UNSPECIFIED.,.F.,.F.,(4,2,2,4),(-3.195078764783,
    -4.363319254138E-04,57.999607837606,61.194250270464),.UNSPECIFIED.);
#3704 = CARTESIAN_POINT('',(10.683101149972,-5.847212340357,-3.19464));
#3705 = CARTESIAN_POINT('',(10.684030433314,-5.8481416237,-2.12976));
#3706 = CARTESIAN_POINT('',(10.684959716657,-5.849070907043,-1.06488));
#3707 = CARTESIAN_POINT('',(10.702760520385,-5.866871710771,
    19.333333333333));
#3708 = CARTESIAN_POINT('',(10.719632040771,-5.883743231157,
    38.666666666667));
#3709 = CARTESIAN_POINT('',(10.737432844499,-5.901544034885,59.06488));
#3710 = CARTESIAN_POINT('',(10.738362127842,-5.902473318228,60.12976));
#3711 = CARTESIAN_POINT('',(10.739291411185,-5.903402601571,61.19464));
#3712 = ORIENTED_EDGE('',*,*,#3713,.F.);
#3713 = EDGE_CURVE('',#3644,#3701,#3714,.T.);
#3714 = B_SPLINE_CURVE_WITH_KNOTS('',6,(#3715,#3716,#3717,#3718,#3719,
    #3720,#3721,#3722,#3723,#3724,#3725,#3726,#3727,#3728,#3729,#3730,
    #3731,#3732,#3733,#3734,#3735,#3736,#3737,#3738,#3739,#3740,#3741),
  .UNSPECIFIED.,.F.,.F.,(7,5,5,5,5,7),(0.,0.190680254862,0.372266018177,
    0.597069239758,0.869478396596,1.),.UNSPECIFIED.);
#3715 = CARTESIAN_POINT('',(10.236503751376,-6.40061456099,
    57.999999809282));
#3716 = CARTESIAN_POINT('',(10.258979140939,-6.400614543858,
    57.999980178682));
#3717 = CARTESIAN_POINT('',(10.2819553992,-6.399401130142,
    57.998747772373));
#3718 = CARTESIAN_POINT('',(10.30533156462,-6.396872657406,
    57.996201104663));
#3719 = CARTESIAN_POINT('',(10.328978669967,-6.392938131642,
    57.992249373428));
#3720 = CARTESIAN_POINT('',(10.352744611871,-6.387528002328,
    57.986823221521));
#3721 = CARTESIAN_POINT('',(10.399042370574,-6.374012068118,
    57.973278669472));
#3722 = CARTESIAN_POINT('',(10.421579060297,-6.366047247947,
    57.965301126877));
#3723 = CARTESIAN_POINT('',(10.443922999571,-6.35667748348,
    57.955920033169));
#3724 = CARTESIAN_POINT('',(10.465913793259,-6.345897593124,
    57.945130351242));
#3725 = CARTESIAN_POINT('',(10.487387815261,-6.33373342861,
    57.932958053078));
#3726 = CARTESIAN_POINT('',(10.533941504757,-6.303546537698,
    57.902756856448));
#3727 = CARTESIAN_POINT('',(10.558663003183,-6.284818300367,
    57.884023374747));
#3728 = CARTESIAN_POINT('',(10.582058976685,-6.264172918266,
    57.863375576579));
#3729 = CARTESIAN_POINT('',(10.6038535274,-6.241799119861,
    57.841002266625));
#3730 = CARTESIAN_POINT('',(10.623830398889,-6.217953558844,
    57.817160063517));
#3731 = CARTESIAN_POINT('',(10.663680135787,-6.162587874586,
    57.761807877317));
#3732 = CARTESIAN_POINT('',(10.682635146401,-6.130512078468,
    57.729743506821));
#3733 = CARTESIAN_POINT('',(10.698458774358,-6.09720043516,
    57.696447099321));
#3734 = CARTESIAN_POINT('',(10.711057665216,-6.063227347958,
    57.662492638757));
#3735 = CARTESIAN_POINT('',(10.720517812418,-6.029126058972,
    57.628412827259));
#3736 = CARTESIAN_POINT('',(10.730145797102,-5.97914862065,
    57.578470562427));
#3737 = CARTESIAN_POINT('',(10.732586946155,-5.963031218656,
    57.562365083114));
#3738 = CARTESIAN_POINT('',(10.734371930307,-5.947034551855,
    57.546380806093));
#3739 = CARTESIAN_POINT('',(10.735526374838,-5.931202197145,
    57.530561247911));
#3740 = CARTESIAN_POINT('',(10.736080045388,-5.915572392776,
    57.514944587927));
#3741 = CARTESIAN_POINT('',(10.736066847961,-5.900178038347,
    57.499563668315));
#3742 = ORIENTED_EDGE('',*,*,#3651,.F.);
#3743 = ( BOUNDED_SURFACE() B_SPLINE_SURFACE(2,3,(
    (#3744,#3745,#3746,#3747,#3748,#3749,#3750,#3751)
    ,(#3752,#3753,#3754,#3755,#3756,#3757,#3758,#3759)
    ,(#3760,#3761,#3762,#3763,#3764,#3765,#3766,#3767
)),.UNSPECIFIED.,.F.,.F.,.F.) B_SPLINE_SURFACE_WITH_KNOTS((3,3),(4,2,2,4
    ),(0.,58.000044169531),(-3.195078764783,-4.363319254138E-04,
    57.999607837606,61.194250270464),.UNSPECIFIED.) 
GEOMETRIC_REPRESENTATION_ITEM() RATIONAL_B_SPLINE_SURFACE((
    (1.,1.,1.,1.,1.,1.,1.,1.)
    ,(0.707107050433,0.707107050433,0.707107050433,0.707107050433
      ,0.707107050433,0.707107050433,0.707107050433,0.707107050433)
,(1.,1.,1.,1.,1.,1.,1.,1.))) REPRESENTATION_ITEM('') SURFACE() );
#3744 = CARTESIAN_POINT('',(10.183101340357,-6.347212149972,-3.19464));
#3745 = CARTESIAN_POINT('',(10.1840306237,-6.348141433314,-2.12976));
#3746 = CARTESIAN_POINT('',(10.184959907043,-6.349070716657,-1.06488));
#3747 = CARTESIAN_POINT('',(10.202760710771,-6.366871520385,
    19.333333333333));
#3748 = CARTESIAN_POINT('',(10.219632231157,-6.383743040771,
    38.666666666667));
#3749 = CARTESIAN_POINT('',(10.237433034885,-6.401543844499,59.06488));
#3750 = CARTESIAN_POINT('',(10.238362318228,-6.402473127842,60.12976));
#3751 = CARTESIAN_POINT('',(10.239291601571,-6.403402411185,61.19464));
#3752 = CARTESIAN_POINT('',(10.6831007692,-6.3472117692,-3.195076331593)
  );
#3753 = CARTESIAN_POINT('',(10.684030052543,-6.348141052543,
    -2.130196331593));
#3754 = CARTESIAN_POINT('',(10.684959335886,-6.349070335886,
    -1.065316331593));
#3755 = CARTESIAN_POINT('',(10.702760139614,-6.366871139614,
    19.33289700174));
#3756 = CARTESIAN_POINT('',(10.71963166,-6.38374266,38.666230335074));
#3757 = CARTESIAN_POINT('',(10.737432463728,-6.401543463728,
    59.064443668407));
#3758 = CARTESIAN_POINT('',(10.738361747071,-6.402472747071,
    60.129323668407));
#3759 = CARTESIAN_POINT('',(10.739291030413,-6.403402030413,
    61.194203668407));
#3760 = CARTESIAN_POINT('',(10.683101149972,-5.847212340357,-3.19464));
#3761 = CARTESIAN_POINT('',(10.684030433314,-5.8481416237,-2.12976));
#3762 = CARTESIAN_POINT('',(10.684959716657,-5.849070907043,-1.06488));
#3763 = CARTESIAN_POINT('',(10.702760520385,-5.866871710771,
    19.333333333333));
#3764 = CARTESIAN_POINT('',(10.719632040771,-5.883743231157,
    38.666666666667));
#3765 = CARTESIAN_POINT('',(10.737432844499,-5.901544034885,59.06488));
#3766 = CARTESIAN_POINT('',(10.738362127842,-5.902473318228,60.12976));
#3767 = CARTESIAN_POINT('',(10.739291411185,-5.903402601571,61.19464));
#3768 = ADVANCED_FACE('',(#3769),#3797,.F.);
#3769 = FACE_BOUND('',#3770,.F.);
#3770 = EDGE_LOOP('',(#3771,#3772,#3773,#3796));
#3771 = ORIENTED_EDGE('',*,*,#450,.T.);
#3772 = ORIENTED_EDGE('',*,*,#3671,.T.);
#3773 = ORIENTED_EDGE('',*,*,#3774,.F.);
#3774 = EDGE_CURVE('',#3080,#3672,#3775,.T.);
#3775 = B_SPLINE_CURVE_WITH_KNOTS('',7,(#3776,#3777,#3778,#3779,#3780,
    #3781,#3782,#3783,#3784,#3785,#3786,#3787,#3788,#3789,#3790,#3791,
    #3792,#3793,#3794,#3795),.UNSPECIFIED.,.F.,.F.,(8,6,6,8),(0.,
    0.129971511492,0.62031389744,1.),.UNSPECIFIED.);
#3776 = CARTESIAN_POINT('',(2.786066847961,5.900178038347,
    57.499563668085));
#3777 = CARTESIAN_POINT('',(2.78607812091,5.913317581999,57.512691745005
    ));
#3778 = CARTESIAN_POINT('',(2.785687880665,5.926623884899,
    57.525986786625));
#3779 = CARTESIAN_POINT('',(2.784877008527,5.940078388021,57.53943026648
    ));
#3780 = CARTESIAN_POINT('',(2.783628124897,5.953660280807,
    57.553001407131));
#3781 = CARTESIAN_POINT('',(2.781925589272,5.967346501164,
    57.566677180165));
#3782 = CARTESIAN_POINT('',(2.77975550025,5.981111735463,57.580432306192
    ));
#3783 = CARTESIAN_POINT('',(2.767108800393,6.047054498092,
    57.646328609439));
#3784 = CARTESIAN_POINT('',(2.750285027651,6.099913958195,
    57.699156662719));
#3785 = CARTESIAN_POINT('',(2.726011999029,6.152033033067,
    57.751251477017));
#3786 = CARTESIAN_POINT('',(2.69410384017,6.201550952743,57.800754066983
    ));
#3787 = CARTESIAN_POINT('',(2.655281752396,6.246372138997,
    57.845570052168));
#3788 = CARTESIAN_POINT('',(2.611094936087,6.285061188867,
    57.884263929209));
#3789 = CARTESIAN_POINT('',(2.526242105437,6.341562342033,
    57.940789866916));
#3790 = CARTESIAN_POINT('',(2.487032626908,6.36211544109,57.961359262391
    ));
#3791 = CARTESIAN_POINT('',(2.446449705982,6.378233527248,
    57.977498710426));
#3792 = CARTESIAN_POINT('',(2.405381584845,6.38984637312,57.989137269724
    ));
#3793 = CARTESIAN_POINT('',(2.364643043654,6.397178010722,57.99649806594
    ));
#3794 = CARTESIAN_POINT('',(2.324863822234,6.400614531751,
    57.999966304583));
#3795 = CARTESIAN_POINT('',(2.286503751376,6.40061456099,57.999999809282
    ));
#3796 = ORIENTED_EDGE('',*,*,#3089,.F.);
#3797 = ( BOUNDED_SURFACE() B_SPLINE_SURFACE(2,3,(
    (#3798,#3799,#3800,#3801,#3802,#3803,#3804,#3805)
    ,(#3806,#3807,#3808,#3809,#3810,#3811,#3812,#3813)
    ,(#3814,#3815,#3816,#3817,#3818,#3819,#3820,#3821
)),.UNSPECIFIED.,.F.,.F.,.F.) B_SPLINE_SURFACE_WITH_KNOTS((3,3),(4,2,2,4
    ),(0.,58.000044169531),(-3.195078764783,-4.363319254137E-04,
    57.999607837606,61.194250270464),.UNSPECIFIED.) 
GEOMETRIC_REPRESENTATION_ITEM() RATIONAL_B_SPLINE_SURFACE((
    (1.,1.,1.,1.,1.,1.,1.,1.)
    ,(0.707107050433,0.707107050433,0.707107050433,0.707107050433
      ,0.707107050433,0.707107050433,0.707107050433,0.707107050433)
,(1.,1.,1.,1.,1.,1.,1.,1.))) REPRESENTATION_ITEM('') SURFACE() );
#3798 = CARTESIAN_POINT('',(2.733101149972,5.847212340357,-3.19464));
#3799 = CARTESIAN_POINT('',(2.734030433314,5.8481416237,-2.12976));
#3800 = CARTESIAN_POINT('',(2.734959716657,5.849070907043,-1.06488));
#3801 = CARTESIAN_POINT('',(2.752760520385,5.866871710771,
    19.333333333333));
#3802 = CARTESIAN_POINT('',(2.769632040771,5.883743231157,
    38.666666666667));
#3803 = CARTESIAN_POINT('',(2.787432844499,5.901544034885,59.06488));
#3804 = CARTESIAN_POINT('',(2.788362127842,5.902473318228,60.12976));
#3805 = CARTESIAN_POINT('',(2.789291411185,5.903402601571,61.19464));
#3806 = CARTESIAN_POINT('',(2.7331007692,6.3472117692,-3.195076331593));
#3807 = CARTESIAN_POINT('',(2.734030052543,6.348141052543,
    -2.130196331593));
#3808 = CARTESIAN_POINT('',(2.734959335886,6.349070335886,
    -1.065316331593));
#3809 = CARTESIAN_POINT('',(2.752760139614,6.366871139614,19.33289700174
    ));
#3810 = CARTESIAN_POINT('',(2.76963166,6.38374266,38.666230335074));
#3811 = CARTESIAN_POINT('',(2.787432463728,6.401543463728,
    59.064443668407));
#3812 = CARTESIAN_POINT('',(2.788361747071,6.402472747071,
    60.129323668407));
#3813 = CARTESIAN_POINT('',(2.789291030413,6.403402030413,
    61.194203668407));
#3814 = CARTESIAN_POINT('',(2.233101340357,6.347212149972,-3.19464));
#3815 = CARTESIAN_POINT('',(2.2340306237,6.348141433314,-2.12976));
#3816 = CARTESIAN_POINT('',(2.234959907043,6.349070716657,-1.06488));
#3817 = CARTESIAN_POINT('',(2.252760710771,6.366871520385,
    19.333333333333));
#3818 = CARTESIAN_POINT('',(2.269632231157,6.383743040771,
    38.666666666667));
#3819 = CARTESIAN_POINT('',(2.287433034885,6.401543844499,59.06488));
#3820 = CARTESIAN_POINT('',(2.288362318228,6.402473127842,60.12976));
#3821 = CARTESIAN_POINT('',(2.289291601571,6.403402411185,61.19464));
#3822 = ADVANCED_FACE('',(#3823),#3878,.T.);
#3823 = FACE_BOUND('',#3824,.T.);
#3824 = EDGE_LOOP('',(#3825,#3836,#3837,#3838,#3848,#3859,#3860,#3871));
#3825 = ORIENTED_EDGE('',*,*,#3826,.F.);
#3826 = EDGE_CURVE('',#871,#3827,#3829,.T.);
#3827 = VERTEX_POINT('',#3828);
#3828 = CARTESIAN_POINT('',(10.716868982859,-5.49999994615,
    35.500436332258));
#3829 = B_SPLINE_CURVE_WITH_KNOTS('',3,(#3830,#3831,#3832,#3833,#3834,
    #3835),.UNSPECIFIED.,.F.,.F.,(4,2,4),(-2.14178264978,
    2.181659349174E-04,53.200020199705),.UNSPECIFIED.);
#3830 = CARTESIAN_POINT('',(10.684019942282,-5.5,-2.141781833972));
#3831 = CARTESIAN_POINT('',(10.684643024985,-5.5,-1.427781832295));
#3832 = CARTESIAN_POINT('',(10.685266107686,-5.5,-0.713781832261));
#3833 = CARTESIAN_POINT('',(10.701364383501,-5.5,17.733478717561));
#3834 = CARTESIAN_POINT('',(10.716839576672,-5.5,35.466739333106));
#3835 = CARTESIAN_POINT('',(10.732314769891,-5.5,53.200000003073));
#3836 = ORIENTED_EDGE('',*,*,#897,.T.);
#3837 = ORIENTED_EDGE('',*,*,#3700,.T.);
#3838 = ORIENTED_EDGE('',*,*,#3839,.F.);
#3839 = EDGE_CURVE('',#3840,#3701,#3842,.T.);
#3840 = VERTEX_POINT('',#3841);
#3841 = CARTESIAN_POINT('',(10.736066847961,5.900178038347,
    57.499563667742));
#3842 = B_SPLINE_CURVE_WITH_KNOTS('',2,(#3843,#3844,#3845,#3846,#3847),
  .UNSPECIFIED.,.F.,.F.,(3,1,1,3),(-1.456380065498,2.183565978001E-04,
    12.801010765715,14.25760918781),.UNSPECIFIED.);
#3843 = CARTESIAN_POINT('',(10.736066847961,7.856994626654,
    57.499563667742));
#3844 = CARTESIAN_POINT('',(10.736066847961,7.128695415606,
    57.499563667742));
#3845 = CARTESIAN_POINT('',(10.736066847961,-2.6645352591E-15,
    57.499563667742));
#3846 = CARTESIAN_POINT('',(10.736066847961,-7.128695415606,
    57.499563667742));
#3847 = CARTESIAN_POINT('',(10.736066847961,-7.856994626654,
    57.499563667742));
#3848 = ORIENTED_EDGE('',*,*,#3849,.F.);
#3849 = EDGE_CURVE('',#591,#3840,#3850,.T.);
#3850 = B_SPLINE_CURVE_WITH_KNOTS('',3,(#3851,#3852,#3853,#3854,#3855,
    #3856,#3857,#3858),.UNSPECIFIED.,.F.,.F.,(4,2,2,4),(-3.195078764783,
    -4.363319254138E-04,57.999607837606,61.194250270464),.UNSPECIFIED.);
#3851 = CARTESIAN_POINT('',(10.683101149972,5.847212340357,-3.19464));
#3852 = CARTESIAN_POINT('',(10.684030433314,5.8481416237,-2.12976));
#3853 = CARTESIAN_POINT('',(10.684959716657,5.849070907043,-1.06488));
#3854 = CARTESIAN_POINT('',(10.702760520385,5.866871710771,
    19.333333333333));
#3855 = CARTESIAN_POINT('',(10.719632040771,5.883743231157,
    38.666666666667));
#3856 = CARTESIAN_POINT('',(10.737432844499,5.901544034885,59.06488));
#3857 = CARTESIAN_POINT('',(10.738362127842,5.902473318228,60.12976));
#3858 = CARTESIAN_POINT('',(10.739291411185,5.903402601571,61.19464));
#3859 = ORIENTED_EDGE('',*,*,#617,.T.);
#3860 = ORIENTED_EDGE('',*,*,#3861,.T.);
#3861 = EDGE_CURVE('',#618,#3862,#3864,.T.);
#3862 = VERTEX_POINT('',#3863);
#3863 = CARTESIAN_POINT('',(10.716868982859,5.499999945717,
    35.500436332258));
#3864 = B_SPLINE_CURVE_WITH_KNOTS('',3,(#3865,#3866,#3867,#3868,#3869,
    #3870),.UNSPECIFIED.,.F.,.F.,(4,2,4),(-2.14178264978,
    2.181659349749E-04,53.200020199704),.UNSPECIFIED.);
#3865 = CARTESIAN_POINT('',(10.684019942282,5.5,-2.141781833972));
#3866 = CARTESIAN_POINT('',(10.684643024985,5.5,-1.427781832295));
#3867 = CARTESIAN_POINT('',(10.685266107686,5.5,-0.713781832261));
#3868 = CARTESIAN_POINT('',(10.701364383501,5.5,17.733478717561));
#3869 = CARTESIAN_POINT('',(10.716839576672,5.5,35.466739333106));
#3870 = CARTESIAN_POINT('',(10.732314769891,5.5,53.200000003073));
#3871 = ORIENTED_EDGE('',*,*,#3872,.F.);
#3872 = EDGE_CURVE('',#3827,#3862,#3873,.T.);
#3873 = ( BOUNDED_CURVE() B_SPLINE_CURVE(3,(#3874,#3875,#3876,#3877),
.UNSPECIFIED.,.F.,.F.) B_SPLINE_CURVE_WITH_KNOTS((4,4),(-0.380980173718,
11.380980171429),.PIECEWISE_BEZIER_KNOTS.) CURVE() 
GEOMETRIC_REPRESENTATION_ITEM() RATIONAL_B_SPLINE_CURVE((1.,1.,1.,1.)) 
REPRESENTATION_ITEM('') );
#3874 = CARTESIAN_POINT('',(10.716868982859,-5.880980173357,
    35.500436332258));
#3875 = CARTESIAN_POINT('',(10.716868982859,-1.960326724111,
    35.500436332258));
#3876 = CARTESIAN_POINT('',(10.716868982859,1.960326701327,
    35.500436332258));
#3877 = CARTESIAN_POINT('',(10.716868982859,5.880980173357,
    35.500436332258));
#3878 = B_SPLINE_SURFACE_WITH_KNOTS('',1,1,(
    (#3879,#3880)
    ,(#3881,#3882
    )),.UNSPECIFIED.,.F.,.F.,.F.,(2,2),(2,2),(-5.061456115623E-02,
    12.750614561156),(0.,1.),.PIECEWISE_BEZIER_KNOTS.);
#3879 = CARTESIAN_POINT('',(10.685889,6.35,0.));
#3880 = CARTESIAN_POINT('',(10.736503561156,6.400614561156,58.));
#3881 = CARTESIAN_POINT('',(10.685889,-6.35,0.));
#3882 = CARTESIAN_POINT('',(10.736503561156,-6.400614561156,58.));
#3883 = ADVANCED_FACE('',(#3884),#3924,.F.);
#3884 = FACE_BOUND('',#3885,.F.);
#3885 = EDGE_LOOP('',(#3886,#3887,#3888,#3899));
#3886 = ORIENTED_EDGE('',*,*,#3826,.F.);
#3887 = ORIENTED_EDGE('',*,*,#870,.T.);
#3888 = ORIENTED_EDGE('',*,*,#3889,.T.);
#3889 = EDGE_CURVE('',#863,#3890,#3892,.T.);
#3890 = VERTEX_POINT('',#3891);
#3891 = CARTESIAN_POINT('',(11.216432460215,-5.,35.000000190386));
#3892 = B_SPLINE_CURVE_WITH_KNOTS('',3,(#3893,#3894,#3895,#3896,#3897,
    #3898),.UNSPECIFIED.,.F.,.F.,(4,2,4),(-2.14178264978,
    2.181659349174E-04,53.200020199705),.UNSPECIFIED.);
#3893 = CARTESIAN_POINT('',(11.184019751897,-5.,-2.14221816623));
#3894 = CARTESIAN_POINT('',(11.184642834599,-5.,-1.428218164552));
#3895 = CARTESIAN_POINT('',(11.1852659173,-5.,-0.714218164519));
#3896 = CARTESIAN_POINT('',(11.201364193115,-5.,17.733042385304));
#3897 = CARTESIAN_POINT('',(11.216839386286,-5.,35.466303000849));
#3898 = CARTESIAN_POINT('',(11.232314579505,-5.,53.199563670815));
#3899 = ORIENTED_EDGE('',*,*,#3900,.F.);
#3900 = EDGE_CURVE('',#3827,#3890,#3901,.T.);
#3901 = B_SPLINE_CURVE_WITH_KNOTS('',6,(#3902,#3903,#3904,#3905,#3906,
    #3907,#3908,#3909,#3910,#3911,#3912,#3913,#3914,#3915,#3916,#3917,
    #3918,#3919,#3920,#3921,#3922,#3923),.UNSPECIFIED.,.F.,.F.,(7,5,5,5,
    7),(0.,0.130500638973,0.472517680453,0.720910930387,1.),
  .UNSPECIFIED.);
#3902 = CARTESIAN_POINT('',(10.716868982859,-5.5,35.500436332258));
#3903 = CARTESIAN_POINT('',(10.716855793567,-5.484621726541,
    35.485058064453));
#3904 = CARTESIAN_POINT('',(10.717409267873,-5.46900831129,
    35.469444160259));
#3905 = CARTESIAN_POINT('',(10.718563298842,-5.453192610108,
    35.453627445972));
#3906 = CARTESIAN_POINT('',(10.720347638312,-5.437212806203,
    35.437646078853));
#3907 = CARTESIAN_POINT('',(10.722787896894,-5.421112410134,
    35.421543547125));
#3908 = CARTESIAN_POINT('',(10.734076296537,-5.362556168397,
    35.362977432102));
#3909 = CARTESIAN_POINT('',(10.746898778327,-5.319679344499,
    35.320089402148));
#3910 = CARTESIAN_POINT('',(10.764742997401,-5.277179328571,
    35.277573798015));
#3911 = CARTESIAN_POINT('',(10.787732327455,-5.236164554126,
    35.236538945972));
#3912 = CARTESIAN_POINT('',(10.81548351024,-5.197793381298,
    35.198143541053));
#3913 = CARTESIAN_POINT('',(10.870354306807,-5.137616822273,
    35.137919075299));
#3914 = CARTESIAN_POINT('',(10.895567370517,-5.114152430503,
    35.114432672039));
#3915 = CARTESIAN_POINT('',(10.922631492876,-5.092875109473,35.093131725
    ));
#3916 = CARTESIAN_POINT('',(10.951173031981,-5.074046104772,
    35.074277805931));
#3917 = CARTESIAN_POINT('',(10.980769658484,-5.057800171516,
    35.058006038554));
#3918 = CARTESIAN_POINT('',(11.044997294484,-5.028839891597,
    35.028989698407));
#3919 = CARTESIAN_POINT('',(11.079798355,-5.016809902675,35.016929335242
    ));
#3920 = CARTESIAN_POINT('',(11.114840294664,-5.008109832113,
    35.008198681499));
#3921 = CARTESIAN_POINT('',(11.149565039434,-5.002597468057,
    35.002656012279));
#3922 = CARTESIAN_POINT('',(11.183535444434,-5.,35.000028898455));
#3923 = CARTESIAN_POINT('',(11.216432460215,-5.,35.000000190386));
#3924 = ( BOUNDED_SURFACE() B_SPLINE_SURFACE(2,3,(
    (#3925,#3926,#3927,#3928,#3929,#3930)
    ,(#3931,#3932,#3933,#3934,#3935,#3936)
    ,(#3937,#3938,#3939,#3940,#3941,#3942
)),.UNSPECIFIED.,.F.,.F.,.F.) B_SPLINE_SURFACE_WITH_KNOTS((3,3),(4,2,4),
  (0.,53.19980203377),(-2.14178264978,2.181659349174E-04,53.200020199705
),.UNSPECIFIED.) GEOMETRIC_REPRESENTATION_ITEM() 
RATIONAL_B_SPLINE_SURFACE((
    (1.,1.,1.,1.,1.,1.)
    ,(0.707106781187,0.707106781187,0.707106781187,0.707106781187
      ,0.707106781187,0.707106781187)
,(1.,1.,1.,1.,1.,1.))) REPRESENTATION_ITEM('') SURFACE() );
#3925 = CARTESIAN_POINT('',(10.684019942282,-5.5,-2.141781833972));
#3926 = CARTESIAN_POINT('',(10.684643024985,-5.5,-1.427781832295));
#3927 = CARTESIAN_POINT('',(10.685266107686,-5.5,-0.713781832261));
#3928 = CARTESIAN_POINT('',(10.701364383501,-5.5,17.733478717561));
#3929 = CARTESIAN_POINT('',(10.716839576672,-5.5,35.466739333106));
#3930 = CARTESIAN_POINT('',(10.732314769891,-5.5,53.200000003073));
#3931 = CARTESIAN_POINT('',(10.684019942282,-5.,-2.141781833972));
#3932 = CARTESIAN_POINT('',(10.684643024985,-5.,-1.427781832295));
#3933 = CARTESIAN_POINT('',(10.685266107686,-5.,-0.713781832261));
#3934 = CARTESIAN_POINT('',(10.701364383501,-5.,17.733478717561));
#3935 = CARTESIAN_POINT('',(10.716839576672,-5.,35.466739333106));
#3936 = CARTESIAN_POINT('',(10.732314769891,-5.,53.200000003073));
#3937 = CARTESIAN_POINT('',(11.184019751897,-5.,-2.14221816623));
#3938 = CARTESIAN_POINT('',(11.184642834599,-5.,-1.428218164552));
#3939 = CARTESIAN_POINT('',(11.1852659173,-5.,-0.714218164519));
#3940 = CARTESIAN_POINT('',(11.201364193115,-5.,17.733042385304));
#3941 = CARTESIAN_POINT('',(11.216839386286,-5.,35.466303000849));
#3942 = CARTESIAN_POINT('',(11.232314579505,-5.,53.199563670815));
#3943 = ADVANCED_FACE('',(#3944),#3984,.T.);
#3944 = FACE_BOUND('',#3945,.T.);
#3945 = EDGE_LOOP('',(#3946,#3947,#3948,#3959));
#3946 = ORIENTED_EDGE('',*,*,#3101,.F.);
#3947 = ORIENTED_EDGE('',*,*,#485,.T.);
#3948 = ORIENTED_EDGE('',*,*,#3949,.T.);
#3949 = EDGE_CURVE('',#486,#3950,#3952,.T.);
#3950 = VERTEX_POINT('',#3951);
#3951 = CARTESIAN_POINT('',(3.266432460215,5.,35.000000190386));
#3952 = B_SPLINE_CURVE_WITH_KNOTS('',3,(#3953,#3954,#3955,#3956,#3957,
    #3958),.UNSPECIFIED.,.F.,.F.,(4,2,4),(-2.14178264978,
    2.18165934975E-04,53.200020199704),.UNSPECIFIED.);
#3953 = CARTESIAN_POINT('',(3.234019751897,5.,-2.14221816623));
#3954 = CARTESIAN_POINT('',(3.234642834599,5.,-1.428218164552));
#3955 = CARTESIAN_POINT('',(3.2352659173,5.,-0.714218164519));
#3956 = CARTESIAN_POINT('',(3.251364193115,5.,17.733042385304));
#3957 = CARTESIAN_POINT('',(3.266839386286,5.,35.466303000848));
#3958 = CARTESIAN_POINT('',(3.282314579505,5.,53.199563670815));
#3959 = ORIENTED_EDGE('',*,*,#3960,.F.);
#3960 = EDGE_CURVE('',#3102,#3950,#3961,.T.);
#3961 = B_SPLINE_CURVE_WITH_KNOTS('',6,(#3962,#3963,#3964,#3965,#3966,
    #3967,#3968,#3969,#3970,#3971,#3972,#3973,#3974,#3975,#3976,#3977,
    #3978,#3979,#3980,#3981,#3982,#3983),.UNSPECIFIED.,.F.,.F.,(7,5,5,5,
    7),(0.,0.130500704075,0.472517679906,0.72091092984,1.),
  .UNSPECIFIED.);
#3962 = CARTESIAN_POINT('',(2.766868982859,5.5,35.500436332258));
#3963 = CARTESIAN_POINT('',(2.766855793561,5.48462171887,35.485058056781
    ));
#3964 = CARTESIAN_POINT('',(2.767409268425,5.469008295712,
    35.469444144681));
#3965 = CARTESIAN_POINT('',(2.768563300568,5.453192586438,
    35.453627422301));
#3966 = CARTESIAN_POINT('',(2.770347641872,5.437212774317,
    35.437646046963));
#3967 = CARTESIAN_POINT('',(2.772787902981,5.421112369975,35.42154350696
    ));
#3968 = CARTESIAN_POINT('',(2.784076308727,5.362556127657,
    35.362977391351));
#3969 = CARTESIAN_POINT('',(2.796898791874,5.319679312278,
    35.320089369916));
#3970 = CARTESIAN_POINT('',(2.814743010442,5.277179305352,
    35.277573774785));
#3971 = CARTESIAN_POINT('',(2.837732337873,5.236164539781,
    35.236538931619));
#3972 = CARTESIAN_POINT('',(2.865483516069,5.19779337497,35.198143534719
    ));
#3973 = CARTESIAN_POINT('',(2.920354306478,5.137616822587,
    35.137919075613));
#3974 = CARTESIAN_POINT('',(2.945567370168,5.114152430793,35.11443267233
    ));
#3975 = CARTESIAN_POINT('',(2.972631492508,5.092875109738,
    35.093131725265));
#3976 = CARTESIAN_POINT('',(3.001173031599,5.074046105009,
    35.074277806169));
#3977 = CARTESIAN_POINT('',(3.030769658092,5.057800171725,
    35.058006038763));
#3978 = CARTESIAN_POINT('',(3.094997294143,5.028839891715,
    35.028989698525));
#3979 = CARTESIAN_POINT('',(3.129798354725,5.016809902743,
    35.016929335311));
#3980 = CARTESIAN_POINT('',(3.164840294459,5.008109832146,
    35.008198681531));
#3981 = CARTESIAN_POINT('',(3.199565039301,5.002597468067,
    35.002656012289));
#3982 = CARTESIAN_POINT('',(3.23353544437,5.,35.000028898455));
#3983 = CARTESIAN_POINT('',(3.266432460215,5.,35.000000190386));
#3984 = ( BOUNDED_SURFACE() B_SPLINE_SURFACE(2,3,(
    (#3985,#3986,#3987,#3988,#3989,#3990)
    ,(#3991,#3992,#3993,#3994,#3995,#3996)
    ,(#3997,#3998,#3999,#4000,#4001,#4002
)),.UNSPECIFIED.,.F.,.F.,.F.) B_SPLINE_SURFACE_WITH_KNOTS((3,3),(4,2,4),
  (0.,53.199802033769),(-2.14178264978,2.18165934975E-04,53.200020199704
),.UNSPECIFIED.) GEOMETRIC_REPRESENTATION_ITEM() 
RATIONAL_B_SPLINE_SURFACE((
    (1.,1.,1.,1.,1.,1.)
    ,(0.707106781187,0.707106781187,0.707106781187,0.707106781187
      ,0.707106781187,0.707106781187)
,(1.,1.,1.,1.,1.,1.))) REPRESENTATION_ITEM('') SURFACE() );
#3985 = CARTESIAN_POINT('',(2.734019942282,5.5,-2.141781833972));
#3986 = CARTESIAN_POINT('',(2.734643024985,5.5,-1.427781832295));
#3987 = CARTESIAN_POINT('',(2.735266107686,5.5,-0.713781832261));
#3988 = CARTESIAN_POINT('',(2.751364383501,5.5,17.733478717561));
#3989 = CARTESIAN_POINT('',(2.766839576672,5.5,35.466739333106));
#3990 = CARTESIAN_POINT('',(2.782314769891,5.5,53.200000003073));
#3991 = CARTESIAN_POINT('',(2.734019942282,5.,-2.141781833972));
#3992 = CARTESIAN_POINT('',(2.734643024985,5.,-1.427781832295));
#3993 = CARTESIAN_POINT('',(2.735266107686,5.,-0.713781832261));
#3994 = CARTESIAN_POINT('',(2.751364383501,5.,17.733478717561));
#3995 = CARTESIAN_POINT('',(2.766839576672,5.,35.466739333106));
#3996 = CARTESIAN_POINT('',(2.782314769891,5.,53.200000003073));
#3997 = CARTESIAN_POINT('',(3.234019751897,5.,-2.14221816623));
#3998 = CARTESIAN_POINT('',(3.234642834599,5.,-1.428218164552));
#3999 = CARTESIAN_POINT('',(3.2352659173,5.,-0.714218164519));
#4000 = CARTESIAN_POINT('',(3.251364193115,5.,17.733042385304));
#4001 = CARTESIAN_POINT('',(3.266839386286,5.,35.466303000848));
#4002 = CARTESIAN_POINT('',(3.282314579505,5.,53.199563670815));
#4003 = ADVANCED_FACE('',(#4004),#4039,.F.);
#4004 = FACE_BOUND('',#4005,.F.);
#4005 = EDGE_LOOP('',(#4006,#4017,#4024,#4032,#4037,#4038));
#4006 = ORIENTED_EDGE('',*,*,#4007,.T.);
#4007 = EDGE_CURVE('',#836,#4008,#4010,.T.);
#4008 = VERTEX_POINT('',#4009);
#4009 = CARTESIAN_POINT('',(11.655345539785,-5.,35.000000190386));
#4010 = B_SPLINE_CURVE_WITH_KNOTS('',3,(#4011,#4012,#4013,#4014,#4015,
    #4016),.UNSPECIFIED.,.F.,.F.,(4,2,4),(-2.14178264978,
    2.181659349763E-04,53.200020199704),.UNSPECIFIED.);
#4011 = CARTESIAN_POINT('',(11.687758248103,-5.,-2.14221816623));
#4012 = CARTESIAN_POINT('',(11.687135165401,-5.,-1.428218164552));
#4013 = CARTESIAN_POINT('',(11.6865120827,-5.,-0.714218164519));
#4014 = CARTESIAN_POINT('',(11.670413806885,-5.,17.733042385304));
#4015 = CARTESIAN_POINT('',(11.654938613714,-5.,35.466303000848));
#4016 = CARTESIAN_POINT('',(11.639463420495,-5.,53.199563670815));
#4017 = ORIENTED_EDGE('',*,*,#4018,.T.);
#4018 = EDGE_CURVE('',#4008,#4019,#4021,.T.);
#4019 = VERTEX_POINT('',#4020);
#4020 = CARTESIAN_POINT('',(11.654909207527,-5.,35.));
#4021 = B_SPLINE_CURVE_WITH_KNOTS('',1,(#4022,#4023),.UNSPECIFIED.,.F.,
  .F.,(2,2),(0.,1.),.PIECEWISE_BEZIER_KNOTS.);
#4022 = CARTESIAN_POINT('',(11.655781872042,-5.,35.000000761544));
#4023 = CARTESIAN_POINT('',(11.654909207527,-5.,35.));
#4024 = ORIENTED_EDGE('',*,*,#4025,.T.);
#4025 = EDGE_CURVE('',#4019,#4026,#4028,.T.);
#4026 = VERTEX_POINT('',#4027);
#4027 = CARTESIAN_POINT('',(11.216868792473,-5.,35.));
#4028 = LINE('',#4029,#4030);
#4029 = CARTESIAN_POINT('',(15.,-5.,35.));
#4030 = VECTOR('',#4031,1.);
#4031 = DIRECTION('',(-1.,0.,0.));
#4032 = ORIENTED_EDGE('',*,*,#4033,.F.);
#4033 = EDGE_CURVE('',#3890,#4026,#4034,.T.);
#4034 = B_SPLINE_CURVE_WITH_KNOTS('',1,(#4035,#4036),.UNSPECIFIED.,.F.,
  .F.,(2,2),(0.,1.),.PIECEWISE_BEZIER_KNOTS.);
#4035 = CARTESIAN_POINT('',(11.215996127958,-5.,35.000000761544));
#4036 = CARTESIAN_POINT('',(11.216868792473,-5.,35.));
#4037 = ORIENTED_EDGE('',*,*,#3889,.F.);
#4038 = ORIENTED_EDGE('',*,*,#862,.F.);
#4039 = PLANE('',#4040);
#4040 = AXIS2_PLACEMENT_3D('',#4041,#4042,#4043);
#4041 = CARTESIAN_POINT('',(15.,-5.,0.));
#4042 = DIRECTION('',(0.,-1.,0.));
#4043 = DIRECTION('',(-1.,0.,0.));
#4044 = ADVANCED_FACE('',(#4045),#4080,.F.);
#4045 = FACE_BOUND('',#4046,.F.);
#4046 = EDGE_LOOP('',(#4047,#4048,#4055,#4063,#4070,#4079));
#4047 = ORIENTED_EDGE('',*,*,#3949,.T.);
#4048 = ORIENTED_EDGE('',*,*,#4049,.T.);
#4049 = EDGE_CURVE('',#3950,#4050,#4052,.T.);
#4050 = VERTEX_POINT('',#4051);
#4051 = CARTESIAN_POINT('',(3.266868792473,5.,35.));
#4052 = B_SPLINE_CURVE_WITH_KNOTS('',1,(#4053,#4054),.UNSPECIFIED.,.F.,
  .F.,(2,2),(0.,1.),.PIECEWISE_BEZIER_KNOTS.);
#4053 = CARTESIAN_POINT('',(3.265996127958,5.,35.000000761544));
#4054 = CARTESIAN_POINT('',(3.266868792473,5.,35.));
#4055 = ORIENTED_EDGE('',*,*,#4056,.T.);
#4056 = EDGE_CURVE('',#4050,#4057,#4059,.T.);
#4057 = VERTEX_POINT('',#4058);
#4058 = CARTESIAN_POINT('',(3.704909207527,5.,35.));
#4059 = LINE('',#4060,#4061);
#4060 = CARTESIAN_POINT('',(-15.,5.,35.));
#4061 = VECTOR('',#4062,1.);
#4062 = DIRECTION('',(1.,0.,0.));
#4063 = ORIENTED_EDGE('',*,*,#4064,.F.);
#4064 = EDGE_CURVE('',#4065,#4057,#4067,.T.);
#4065 = VERTEX_POINT('',#4066);
#4066 = CARTESIAN_POINT('',(3.705345539785,5.,35.000000190386));
#4067 = B_SPLINE_CURVE_WITH_KNOTS('',1,(#4068,#4069),.UNSPECIFIED.,.F.,
  .F.,(2,2),(0.,1.),.PIECEWISE_BEZIER_KNOTS.);
#4068 = CARTESIAN_POINT('',(3.705781872042,5.,35.000000761544));
#4069 = CARTESIAN_POINT('',(3.704909207527,5.,35.));
#4070 = ORIENTED_EDGE('',*,*,#4071,.F.);
#4071 = EDGE_CURVE('',#513,#4065,#4072,.T.);
#4072 = B_SPLINE_CURVE_WITH_KNOTS('',3,(#4073,#4074,#4075,#4076,#4077,
    #4078),.UNSPECIFIED.,.F.,.F.,(4,2,4),(-2.14178264978,
    2.181659349175E-04,53.200020199705),.UNSPECIFIED.);
#4073 = CARTESIAN_POINT('',(3.737758248103,5.,-2.14221816623));
#4074 = CARTESIAN_POINT('',(3.737135165401,5.,-1.428218164552));
#4075 = CARTESIAN_POINT('',(3.7365120827,5.,-0.714218164519));
#4076 = CARTESIAN_POINT('',(3.720413806885,5.,17.733042385304));
#4077 = CARTESIAN_POINT('',(3.704938613714,5.,35.466303000849));
#4078 = CARTESIAN_POINT('',(3.689463420495,5.,53.199563670815));
#4079 = ORIENTED_EDGE('',*,*,#512,.F.);
#4080 = PLANE('',#4081);
#4081 = AXIS2_PLACEMENT_3D('',#4082,#4083,#4084);
#4082 = CARTESIAN_POINT('',(-15.,5.,0.));
#4083 = DIRECTION('',(0.,1.,0.));
#4084 = DIRECTION('',(1.,0.,0.));
#4085 = ADVANCED_FACE('',(#4086),#4131,.F.);
#4086 = FACE_BOUND('',#4087,.F.);
#4087 = EDGE_LOOP('',(#4088,#4089,#4090,#4101));
#4088 = ORIENTED_EDGE('',*,*,#4007,.F.);
#4089 = ORIENTED_EDGE('',*,*,#835,.T.);
#4090 = ORIENTED_EDGE('',*,*,#4091,.T.);
#4091 = EDGE_CURVE('',#828,#4092,#4094,.T.);
#4092 = VERTEX_POINT('',#4093);
#4093 = CARTESIAN_POINT('',(12.154909017141,-5.5,35.500436332258));
#4094 = B_SPLINE_CURVE_WITH_KNOTS('',3,(#4095,#4096,#4097,#4098,#4099,
    #4100),.UNSPECIFIED.,.F.,.F.,(4,2,4),(-2.14178264978,
    2.181659349763E-04,53.200020199704),.UNSPECIFIED.);
#4095 = CARTESIAN_POINT('',(12.187758057718,-5.5,-2.141781833972));
#4096 = CARTESIAN_POINT('',(12.187134975015,-5.5,-1.427781832295));
#4097 = CARTESIAN_POINT('',(12.186511892314,-5.5,-0.713781832261));
#4098 = CARTESIAN_POINT('',(12.170413616499,-5.5,17.733478717561));
#4099 = CARTESIAN_POINT('',(12.154938423328,-5.5,35.466739333106));
#4100 = CARTESIAN_POINT('',(12.139463230109,-5.5,53.200000003073));
#4101 = ORIENTED_EDGE('',*,*,#4102,.T.);
#4102 = EDGE_CURVE('',#4092,#4008,#4103,.T.);
#4103 = B_SPLINE_CURVE_WITH_KNOTS('',6,(#4104,#4105,#4106,#4107,#4108,
    #4109,#4110,#4111,#4112,#4113,#4114,#4115,#4116,#4117,#4118,#4119,
    #4120,#4121,#4122,#4123,#4124,#4125,#4126,#4127,#4128,#4129,#4130),
  .UNSPECIFIED.,.F.,.F.,(7,5,5,5,5,7),(0.,0.130435912305,0.404049078351,
    0.628052934442,0.809635992982,1.),.UNSPECIFIED.);
#4104 = CARTESIAN_POINT('',(12.154909017141,-5.499999999997,
    35.500436332258));
#4105 = CARTESIAN_POINT('',(12.154922200481,-5.484629352384,
    35.485065690291));
#4106 = CARTESIAN_POINT('',(12.154369280811,-5.469023796585,
    35.469459646038));
#4107 = CARTESIAN_POINT('',(12.153216417021,-5.453216139054,
    35.453650976426));
#4108 = CARTESIAN_POINT('',(12.151433899994,-5.437244503399,
    35.437677779149));
#4109 = CARTESIAN_POINT('',(12.148996152607,-5.421152330381,
    35.421583472667));
#4110 = CARTESIAN_POINT('',(12.139348658521,-5.371081533323,
    35.371504237514));
#4111 = CARTESIAN_POINT('',(12.129838841595,-5.336858613683,
    35.33727300596));
#4112 = CARTESIAN_POINT('',(12.11716192439,-5.302766212257,
    35.303169528853));
#4113 = CARTESIAN_POINT('',(12.101231039414,-5.26934449605,
    35.269733897596));
#4114 = CARTESIAN_POINT('',(12.082142181801,-5.237175250051,
    35.237547981173));
#4115 = CARTESIAN_POINT('',(12.042153304492,-5.181878544567,
    35.182216357746));
#4116 = CARTESIAN_POINT('',(12.022209168891,-5.158169360602,
    35.158489760207));
#4117 = CARTESIAN_POINT('',(12.000463585082,-5.135924253307,
    35.136225667835));
#4118 = CARTESIAN_POINT('',(11.977131168328,-5.11539624797,
    35.115677293302));
#4119 = CARTESIAN_POINT('',(11.95248509704,-5.096771366691,
    35.097030897171));
#4120 = CARTESIAN_POINT('',(11.906010031742,-5.066695469338,
    35.066914431211));
#4121 = CARTESIAN_POINT('',(11.884531392125,-5.054553713263,
    35.054753926858));
#4122 = CARTESIAN_POINT('',(11.862537026141,-5.043795220119,
    35.043976235907));
#4123 = CARTESIAN_POINT('',(11.840190560301,-5.03444566837,
    35.034607179623));
#4124 = CARTESIAN_POINT('',(11.817652359117,-5.026499739192,
    35.026641579124));
#4125 = CARTESIAN_POINT('',(11.771392448583,-5.013030984118,
    35.013132449524));
#4126 = CARTESIAN_POINT('',(11.747666131051,-5.007644033316,
    35.007724791547));
#4127 = CARTESIAN_POINT('',(11.724058968008,-5.003726237889,
    35.003786393487));
#4128 = CARTESIAN_POINT('',(11.700722252594,-5.0012083877,
    35.001248177208));
#4129 = CARTESIAN_POINT('',(11.677784283335,-5.,35.000019771889));
#4130 = CARTESIAN_POINT('',(11.655345539785,-5.,35.000000190386));
#4131 = ( BOUNDED_SURFACE() B_SPLINE_SURFACE(2,3,(
    (#4132,#4133,#4134,#4135,#4136,#4137)
    ,(#4138,#4139,#4140,#4141,#4142,#4143)
    ,(#4144,#4145,#4146,#4147,#4148,#4149
)),.UNSPECIFIED.,.F.,.F.,.F.) B_SPLINE_SURFACE_WITH_KNOTS((3,3),(4,2,4),
  (0.,53.199802033769),(-2.14178264978,2.181659349763E-04,
53.200020199704),.UNSPECIFIED.) GEOMETRIC_REPRESENTATION_ITEM() 
RATIONAL_B_SPLINE_SURFACE((
    (1.,1.,1.,1.,1.,1.)
    ,(0.707106781187,0.707106781187,0.707106781187,0.707106781187
      ,0.707106781187,0.707106781187)
,(1.,1.,1.,1.,1.,1.))) REPRESENTATION_ITEM('') SURFACE() );
#4132 = CARTESIAN_POINT('',(11.687758248103,-5.,-2.14221816623));
#4133 = CARTESIAN_POINT('',(11.687135165401,-5.,-1.428218164552));
#4134 = CARTESIAN_POINT('',(11.6865120827,-5.,-0.714218164519));
#4135 = CARTESIAN_POINT('',(11.670413806885,-5.,17.733042385304));
#4136 = CARTESIAN_POINT('',(11.654938613714,-5.,35.466303000848));
#4137 = CARTESIAN_POINT('',(11.639463420495,-5.,53.199563670815));
#4138 = CARTESIAN_POINT('',(12.187758057718,-5.,-2.141781833972));
#4139 = CARTESIAN_POINT('',(12.187134975015,-5.,-1.427781832295));
#4140 = CARTESIAN_POINT('',(12.186511892314,-5.,-0.713781832261));
#4141 = CARTESIAN_POINT('',(12.170413616499,-5.,17.733478717561));
#4142 = CARTESIAN_POINT('',(12.154938423328,-5.,35.466739333106));
#4143 = CARTESIAN_POINT('',(12.139463230109,-5.,53.200000003073));
#4144 = CARTESIAN_POINT('',(12.187758057718,-5.5,-2.141781833972));
#4145 = CARTESIAN_POINT('',(12.187134975015,-5.5,-1.427781832295));
#4146 = CARTESIAN_POINT('',(12.186511892314,-5.5,-0.713781832261));
#4147 = CARTESIAN_POINT('',(12.170413616499,-5.5,17.733478717561));
#4148 = CARTESIAN_POINT('',(12.154938423328,-5.5,35.466739333106));
#4149 = CARTESIAN_POINT('',(12.139463230109,-5.5,53.200000003073));
#4150 = ADVANCED_FACE('',(#4151),#4181,.F.);
#4151 = FACE_BOUND('',#4152,.F.);
#4152 = EDGE_LOOP('',(#4153,#4154,#4155,#4156));
#4153 = ORIENTED_EDGE('',*,*,#3439,.F.);
#4154 = ORIENTED_EDGE('',*,*,#520,.T.);
#4155 = ORIENTED_EDGE('',*,*,#4071,.T.);
#4156 = ORIENTED_EDGE('',*,*,#4157,.F.);
#4157 = EDGE_CURVE('',#3440,#4065,#4158,.T.);
#4158 = B_SPLINE_CURVE_WITH_KNOTS('',6,(#4159,#4160,#4161,#4162,#4163,
    #4164,#4165,#4166,#4167,#4168,#4169,#4170,#4171,#4172,#4173,#4174,
    #4175,#4176,#4177,#4178,#4179,#4180),.UNSPECIFIED.,.F.,.F.,(7,5,5,5,
    7),(0.,0.130500485507,0.472517678968,0.720910928903,1.),
  .UNSPECIFIED.);
#4159 = CARTESIAN_POINT('',(4.204909017141,5.5,35.500436332258));
#4160 = CARTESIAN_POINT('',(4.204922206419,5.484621744625,
    35.485058082537));
#4161 = CARTESIAN_POINT('',(4.204368733428,5.469008348012,
    35.469444196982));
#4162 = CARTESIAN_POINT('',(4.203214705228,5.453192665905,
    35.453627501773));
#4163 = CARTESIAN_POINT('',(4.201430370082,5.437212881371,
    35.437646154028));
#4164 = CARTESIAN_POINT('',(4.198990117456,5.421112504802,
    35.421543641806));
#4165 = CARTESIAN_POINT('',(4.187701732266,5.362556264779,
    35.362977528509));
#4166 = CARTESIAN_POINT('',(4.174879253814,5.319679421148,
    35.320089478826));
#4167 = CARTESIAN_POINT('',(4.157035033776,5.277179384339,35.27757385381
    ));
#4168 = CARTESIAN_POINT('',(4.134045697849,5.236164589272,
    35.236538981141));
#4169 = CARTESIAN_POINT('',(4.106294504625,5.197793397774,
    35.198143557541));
#4170 = CARTESIAN_POINT('',(4.051423694086,5.137616823126,
    35.137919076153));
#4171 = CARTESIAN_POINT('',(4.026210630432,5.114152431292,35.11443267283
    ));
#4172 = CARTESIAN_POINT('',(3.999146508122,5.092875110193,35.09313172572
    ));
#4173 = CARTESIAN_POINT('',(3.970604969056,5.074046105417,
    35.074277806577));
#4174 = CARTESIAN_POINT('',(3.941008342582,5.057800172084,
    35.058006039122));
#4175 = CARTESIAN_POINT('',(3.876780706442,5.028839891917,
    35.028989698728));
#4176 = CARTESIAN_POINT('',(3.841979645746,5.01680990286,35.016929335428
    ));
#4177 = CARTESIAN_POINT('',(3.806937705892,5.008109832201,
    35.008198681587));
#4178 = CARTESIAN_POINT('',(3.772212960927,5.002597468084,
    35.002656012307));
#4179 = CARTESIAN_POINT('',(3.738242555741,5.,35.000028898455));
#4180 = CARTESIAN_POINT('',(3.705345539785,5.,35.000000190386));
#4181 = ( BOUNDED_SURFACE() B_SPLINE_SURFACE(2,3,(
    (#4182,#4183,#4184,#4185,#4186,#4187)
    ,(#4188,#4189,#4190,#4191,#4192,#4193)
    ,(#4194,#4195,#4196,#4197,#4198,#4199
)),.UNSPECIFIED.,.F.,.F.,.F.) B_SPLINE_SURFACE_WITH_KNOTS((3,3),(4,2,4),
  (0.,53.19980203377),(-2.14178264978,2.181659349175E-04,53.200020199705
),.UNSPECIFIED.) GEOMETRIC_REPRESENTATION_ITEM() 
RATIONAL_B_SPLINE_SURFACE((
    (1.,1.,1.,1.,1.,1.)
    ,(0.707106781187,0.707106781187,0.707106781187,0.707106781187
      ,0.707106781187,0.707106781187)
,(1.,1.,1.,1.,1.,1.))) REPRESENTATION_ITEM('') SURFACE() );
#4182 = CARTESIAN_POINT('',(4.237758057718,5.5,-2.141781833972));
#4183 = CARTESIAN_POINT('',(4.237134975015,5.5,-1.427781832295));
#4184 = CARTESIAN_POINT('',(4.236511892314,5.5,-0.713781832261));
#4185 = CARTESIAN_POINT('',(4.220413616499,5.5,17.733478717561));
#4186 = CARTESIAN_POINT('',(4.204938423328,5.5,35.466739333106));
#4187 = CARTESIAN_POINT('',(4.189463230109,5.5,53.200000003073));
#4188 = CARTESIAN_POINT('',(4.237758057718,5.,-2.141781833972));
#4189 = CARTESIAN_POINT('',(4.237134975015,5.,-1.427781832295));
#4190 = CARTESIAN_POINT('',(4.236511892314,5.,-0.713781832261));
#4191 = CARTESIAN_POINT('',(4.220413616499,5.,17.733478717561));
#4192 = CARTESIAN_POINT('',(4.204938423328,5.,35.466739333106));
#4193 = CARTESIAN_POINT('',(4.189463230109,5.,53.200000003073));
#4194 = CARTESIAN_POINT('',(3.737758248103,5.,-2.14221816623));
#4195 = CARTESIAN_POINT('',(3.737135165401,5.,-1.428218164552));
#4196 = CARTESIAN_POINT('',(3.7365120827,5.,-0.714218164519));
#4197 = CARTESIAN_POINT('',(3.720413806885,5.,17.733042385304));
#4198 = CARTESIAN_POINT('',(3.704938613714,5.,35.466303000849));
#4199 = CARTESIAN_POINT('',(3.689463420495,5.,53.199563670815));
#4200 = ADVANCED_FACE('',(#4201),#4258,.T.);
#4201 = FACE_BOUND('',#4202,.T.);
#4202 = EDGE_LOOP('',(#4203,#4214,#4215,#4228,#4238,#4249,#4250,#4251));
#4203 = ORIENTED_EDGE('',*,*,#4204,.F.);
#4204 = EDGE_CURVE('',#661,#4205,#4207,.T.);
#4205 = VERTEX_POINT('',#4206);
#4206 = CARTESIAN_POINT('',(12.154909017141,5.499999975677,
    35.500436332258));
#4207 = B_SPLINE_CURVE_WITH_KNOTS('',3,(#4208,#4209,#4210,#4211,#4212,
    #4213),.UNSPECIFIED.,.F.,.F.,(4,2,4),(-2.14178264978,
    2.181659349176E-04,53.200020199705),.UNSPECIFIED.);
#4208 = CARTESIAN_POINT('',(12.187758057718,5.5,-2.141781833972));
#4209 = CARTESIAN_POINT('',(12.187134975015,5.5,-1.427781832295));
#4210 = CARTESIAN_POINT('',(12.186511892314,5.5,-0.713781832261));
#4211 = CARTESIAN_POINT('',(12.170413616499,5.5,17.733478717561));
#4212 = CARTESIAN_POINT('',(12.154938423328,5.5,35.466739333106));
#4213 = CARTESIAN_POINT('',(12.139463230109,5.5,53.200000003073));
#4214 = ORIENTED_EDGE('',*,*,#687,.T.);
#4215 = ORIENTED_EDGE('',*,*,#4216,.T.);
#4216 = EDGE_CURVE('',#688,#4217,#4219,.T.);
#4217 = VERTEX_POINT('',#4218);
#4218 = CARTESIAN_POINT('',(12.135711152039,5.900178038347,
    57.499563667742));
#4219 = B_SPLINE_CURVE_WITH_KNOTS('',3,(#4220,#4221,#4222,#4223,#4224,
    #4225,#4226,#4227),.UNSPECIFIED.,.F.,.F.,(4,2,2,4),(-3.195078764783,
    -4.363319254139E-04,57.999607837606,61.194250270464),.UNSPECIFIED.);
#4220 = CARTESIAN_POINT('',(12.188676850028,5.847212340357,-3.19464));
#4221 = CARTESIAN_POINT('',(12.187747566686,5.8481416237,-2.12976));
#4222 = CARTESIAN_POINT('',(12.186818283343,5.849070907043,-1.06488));
#4223 = CARTESIAN_POINT('',(12.169017479615,5.866871710771,
    19.333333333333));
#4224 = CARTESIAN_POINT('',(12.152145959229,5.883743231157,
    38.666666666667));
#4225 = CARTESIAN_POINT('',(12.134345155501,5.901544034885,59.06488));
#4226 = CARTESIAN_POINT('',(12.133415872158,5.902473318228,60.12976));
#4227 = CARTESIAN_POINT('',(12.132486588815,5.903402601571,61.19464));
#4228 = ORIENTED_EDGE('',*,*,#4229,.F.);
#4229 = EDGE_CURVE('',#4230,#4217,#4232,.T.);
#4230 = VERTEX_POINT('',#4231);
#4231 = CARTESIAN_POINT('',(12.135711152039,-5.900178038347,
    57.499563667742));
#4232 = B_SPLINE_CURVE_WITH_KNOTS('',2,(#4233,#4234,#4235,#4236,#4237),
  .UNSPECIFIED.,.F.,.F.,(3,1,1,3),(-1.456380065498,2.183565978008E-04,
    12.801010765715,14.25760918781),.UNSPECIFIED.);
#4233 = CARTESIAN_POINT('',(12.135711152039,-7.856994626654,
    57.499563667742));
#4234 = CARTESIAN_POINT('',(12.135711152039,-7.128695415606,
    57.499563667742));
#4235 = CARTESIAN_POINT('',(12.135711152039,5.329070518201E-15,
    57.499563667742));
#4236 = CARTESIAN_POINT('',(12.135711152039,7.128695415606,
    57.499563667742));
#4237 = CARTESIAN_POINT('',(12.135711152039,7.856994626654,
    57.499563667742));
#4238 = ORIENTED_EDGE('',*,*,#4239,.F.);
#4239 = EDGE_CURVE('',#801,#4230,#4240,.T.);
#4240 = B_SPLINE_CURVE_WITH_KNOTS('',3,(#4241,#4242,#4243,#4244,#4245,
    #4246,#4247,#4248),.UNSPECIFIED.,.F.,.F.,(4,2,2,4),(-3.195078764783,
    -4.363319254138E-04,57.999607837606,61.194250270464),.UNSPECIFIED.);
#4241 = CARTESIAN_POINT('',(12.188676850028,-5.847212340357,-3.19464));
#4242 = CARTESIAN_POINT('',(12.187747566686,-5.8481416237,-2.12976));
#4243 = CARTESIAN_POINT('',(12.186818283343,-5.849070907043,-1.06488));
#4244 = CARTESIAN_POINT('',(12.169017479615,-5.866871710771,
    19.333333333333));
#4245 = CARTESIAN_POINT('',(12.152145959229,-5.883743231157,
    38.666666666667));
#4246 = CARTESIAN_POINT('',(12.134345155501,-5.901544034885,59.06488));
#4247 = CARTESIAN_POINT('',(12.133415872158,-5.902473318228,60.12976));
#4248 = CARTESIAN_POINT('',(12.132486588815,-5.903402601571,61.19464));
#4249 = ORIENTED_EDGE('',*,*,#827,.T.);
#4250 = ORIENTED_EDGE('',*,*,#4091,.T.);
#4251 = ORIENTED_EDGE('',*,*,#4252,.F.);
#4252 = EDGE_CURVE('',#4205,#4092,#4253,.T.);
#4253 = ( BOUNDED_CURVE() B_SPLINE_CURVE(3,(#4254,#4255,#4256,#4257),
.UNSPECIFIED.,.F.,.F.) B_SPLINE_CURVE_WITH_KNOTS((4,4),(-0.380980173718,
11.380980171429),.PIECEWISE_BEZIER_KNOTS.) CURVE() 
GEOMETRIC_REPRESENTATION_ITEM() RATIONAL_B_SPLINE_CURVE((1.,1.,1.,1.)) 
REPRESENTATION_ITEM('') );
#4254 = CARTESIAN_POINT('',(12.154909017141,5.880980173357,
    35.500436332258));
#4255 = CARTESIAN_POINT('',(12.154909017141,1.960326724111,
    35.500436332258));
#4256 = CARTESIAN_POINT('',(12.154909017141,-1.960326701327,
    35.500436332258));
#4257 = CARTESIAN_POINT('',(12.154909017141,-5.880980173357,
    35.500436332258));
#4258 = B_SPLINE_SURFACE_WITH_KNOTS('',1,1,(
    (#4259,#4260)
    ,(#4261,#4262
    )),.UNSPECIFIED.,.F.,.F.,.F.,(2,2),(2,2),(-5.061456115623E-02,
    12.750614561156),(0.,1.),.PIECEWISE_BEZIER_KNOTS.);
#4259 = CARTESIAN_POINT('',(12.185889,-6.35,0.));
#4260 = CARTESIAN_POINT('',(12.135274438844,-6.400614561156,58.));
#4261 = CARTESIAN_POINT('',(12.185889,6.35,0.));
#4262 = CARTESIAN_POINT('',(12.135274438844,6.400614561156,58.));
#4263 = ADVANCED_FACE('',(#4264),#4304,.F.);
#4264 = FACE_BOUND('',#4265,.F.);
#4265 = EDGE_LOOP('',(#4266,#4267,#4280,#4303));
#4266 = ORIENTED_EDGE('',*,*,#800,.T.);
#4267 = ORIENTED_EDGE('',*,*,#4268,.T.);
#4268 = EDGE_CURVE('',#793,#4269,#4271,.T.);
#4269 = VERTEX_POINT('',#4270);
#4270 = CARTESIAN_POINT('',(12.635274248458,-6.400614561156,58.));
#4271 = B_SPLINE_CURVE_WITH_KNOTS('',3,(#4272,#4273,#4274,#4275,#4276,
    #4277,#4278,#4279),.UNSPECIFIED.,.F.,.F.,(4,2,2,4),(-3.195078764783,
    -4.363319254138E-04,57.999607837606,61.194250270464),.UNSPECIFIED.);
#4272 = CARTESIAN_POINT('',(12.688676659643,-6.347212149972,-3.19464));
#4273 = CARTESIAN_POINT('',(12.6877473763,-6.348141433314,-2.12976));
#4274 = CARTESIAN_POINT('',(12.686818092957,-6.349070716657,-1.06488));
#4275 = CARTESIAN_POINT('',(12.669017289229,-6.366871520385,
    19.333333333333));
#4276 = CARTESIAN_POINT('',(12.652145768843,-6.383743040771,
    38.666666666667));
#4277 = CARTESIAN_POINT('',(12.634344965115,-6.401543844499,59.06488));
#4278 = CARTESIAN_POINT('',(12.633415681772,-6.402473127842,60.12976));
#4279 = CARTESIAN_POINT('',(12.632486398429,-6.403402411185,61.19464));
#4280 = ORIENTED_EDGE('',*,*,#4281,.F.);
#4281 = EDGE_CURVE('',#4230,#4269,#4282,.T.);
#4282 = B_SPLINE_CURVE_WITH_KNOTS('',7,(#4283,#4284,#4285,#4286,#4287,
    #4288,#4289,#4290,#4291,#4292,#4293,#4294,#4295,#4296,#4297,#4298,
    #4299,#4300,#4301,#4302),.UNSPECIFIED.,.F.,.F.,(8,6,6,8),(0.,
    0.129971255595,0.620313926344,1.),.UNSPECIFIED.);
#4283 = CARTESIAN_POINT('',(12.135711152039,-5.900178038347,
    57.499563668152));
#4284 = CARTESIAN_POINT('',(12.135699876774,-5.913317556826,
    57.51269171981));
#4285 = CARTESIAN_POINT('',(12.13609011636,-5.926623832933,
    57.525986734662));
#4286 = CARTESIAN_POINT('',(12.136900986899,-5.940078308491,
    57.539430187013));
#4287 = CARTESIAN_POINT('',(12.138149866418,-5.953660173505,
    57.553001299939));
#4288 = CARTESIAN_POINT('',(12.139852394865,-5.967346366168,
    57.566677045294));
#4289 = CARTESIAN_POINT('',(12.142022474112,-5.981111572854,
    57.580432143702));
#4290 = CARTESIAN_POINT('',(12.154669147521,-6.047054335651,
    57.646328447095));
#4291 = CARTESIAN_POINT('',(12.171492910985,-6.099913828427,
    57.699156533011));
#4292 = CARTESIAN_POINT('',(12.195765938669,-6.152032938921,
    57.751251382898));
#4293 = CARTESIAN_POINT('',(12.227674106565,-6.201550894244,
    57.800754008488));
#4294 = CARTESIAN_POINT('',(12.266496212928,-6.246372111827,
    57.845570024991));
#4295 = CARTESIAN_POINT('',(12.310683054585,-6.285061185932,
    57.884263926269));
#4296 = CARTESIAN_POINT('',(12.395535912472,-6.341562351421,
    57.940789876311));
#4297 = CARTESIAN_POINT('',(12.43474538854,-6.362115447225,
    57.961359268534));
#4298 = CARTESIAN_POINT('',(12.475328306524,-6.378233530784,
    57.977498713969));
#4299 = CARTESIAN_POINT('',(12.516396424459,-6.389846374794,
    57.989137271405));
#4300 = CARTESIAN_POINT('',(12.557134962402,-6.397178011246,
    57.996498066468));
#4301 = CARTESIAN_POINT('',(12.596914180686,-6.400614531751,
    57.999966304586));
#4302 = CARTESIAN_POINT('',(12.635274248624,-6.40061456099,
    57.999999809282));
#4303 = ORIENTED_EDGE('',*,*,#4239,.F.);
#4304 = ( BOUNDED_SURFACE() B_SPLINE_SURFACE(2,3,(
    (#4305,#4306,#4307,#4308,#4309,#4310,#4311,#4312)
    ,(#4313,#4314,#4315,#4316,#4317,#4318,#4319,#4320)
    ,(#4321,#4322,#4323,#4324,#4325,#4326,#4327,#4328
)),.UNSPECIFIED.,.F.,.F.,.F.) B_SPLINE_SURFACE_WITH_KNOTS((3,3),(4,2,2,4
    ),(0.,58.000044169531),(-3.195078764783,-4.363319254138E-04,
    57.999607837606,61.194250270464),.UNSPECIFIED.) 
GEOMETRIC_REPRESENTATION_ITEM() RATIONAL_B_SPLINE_SURFACE((
    (1.,1.,1.,1.,1.,1.,1.,1.)
    ,(0.707107050433,0.707107050433,0.707107050433,0.707107050433
      ,0.707107050433,0.707107050433,0.707107050433,0.707107050433)
,(1.,1.,1.,1.,1.,1.,1.,1.))) REPRESENTATION_ITEM('') SURFACE() );
#4305 = CARTESIAN_POINT('',(12.188676850028,-5.847212340357,-3.19464));
#4306 = CARTESIAN_POINT('',(12.187747566686,-5.8481416237,-2.12976));
#4307 = CARTESIAN_POINT('',(12.186818283343,-5.849070907043,-1.06488));
#4308 = CARTESIAN_POINT('',(12.169017479615,-5.866871710771,
    19.333333333333));
#4309 = CARTESIAN_POINT('',(12.152145959229,-5.883743231157,
    38.666666666667));
#4310 = CARTESIAN_POINT('',(12.134345155501,-5.901544034885,59.06488));
#4311 = CARTESIAN_POINT('',(12.133415872158,-5.902473318228,60.12976));
#4312 = CARTESIAN_POINT('',(12.132486588815,-5.903402601571,61.19464));
#4313 = CARTESIAN_POINT('',(12.1886772308,-6.3472117692,-3.195076331593)
  );
#4314 = CARTESIAN_POINT('',(12.187747947457,-6.348141052543,
    -2.130196331593));
#4315 = CARTESIAN_POINT('',(12.186818664114,-6.349070335886,
    -1.065316331593));
#4316 = CARTESIAN_POINT('',(12.169017860386,-6.366871139614,
    19.33289700174));
#4317 = CARTESIAN_POINT('',(12.15214634,-6.38374266,38.666230335074));
#4318 = CARTESIAN_POINT('',(12.134345536272,-6.401543463728,
    59.064443668407));
#4319 = CARTESIAN_POINT('',(12.133416252929,-6.402472747071,
    60.129323668407));
#4320 = CARTESIAN_POINT('',(12.132486969587,-6.403402030413,
    61.194203668407));
#4321 = CARTESIAN_POINT('',(12.688676659643,-6.347212149972,-3.19464));
#4322 = CARTESIAN_POINT('',(12.6877473763,-6.348141433314,-2.12976));
#4323 = CARTESIAN_POINT('',(12.686818092957,-6.349070716657,-1.06488));
#4324 = CARTESIAN_POINT('',(12.669017289229,-6.366871520385,
    19.333333333333));
#4325 = CARTESIAN_POINT('',(12.652145768843,-6.383743040771,
    38.666666666667));
#4326 = CARTESIAN_POINT('',(12.634344965115,-6.401543844499,59.06488));
#4327 = CARTESIAN_POINT('',(12.633415681772,-6.402473127842,60.12976));
#4328 = CARTESIAN_POINT('',(12.632486398429,-6.403402411185,61.19464));
#4329 = ADVANCED_FACE('',(#4330),#4377,.T.);
#4330 = FACE_BOUND('',#4331,.T.);
#4331 = EDGE_LOOP('',(#4332,#4333,#4346,#4376));
#4332 = ORIENTED_EDGE('',*,*,#555,.T.);
#4333 = ORIENTED_EDGE('',*,*,#4334,.T.);
#4334 = EDGE_CURVE('',#556,#4335,#4337,.T.);
#4335 = VERTEX_POINT('',#4336);
#4336 = CARTESIAN_POINT('',(4.685274248458,6.400614561156,58.));
#4337 = B_SPLINE_CURVE_WITH_KNOTS('',3,(#4338,#4339,#4340,#4341,#4342,
    #4343,#4344,#4345),.UNSPECIFIED.,.F.,.F.,(4,2,2,4),(-3.195078764783,
    -4.363319254137E-04,57.999607837606,61.194250270464),.UNSPECIFIED.);
#4338 = CARTESIAN_POINT('',(4.738676659643,6.347212149972,-3.19464));
#4339 = CARTESIAN_POINT('',(4.7377473763,6.348141433314,-2.12976));
#4340 = CARTESIAN_POINT('',(4.736818092957,6.349070716657,-1.06488));
#4341 = CARTESIAN_POINT('',(4.719017289229,6.366871520385,
    19.333333333333));
#4342 = CARTESIAN_POINT('',(4.702145768843,6.383743040771,
    38.666666666667));
#4343 = CARTESIAN_POINT('',(4.684344965115,6.401543844499,59.06488));
#4344 = CARTESIAN_POINT('',(4.683415681772,6.402473127842,60.12976));
#4345 = CARTESIAN_POINT('',(4.682486398429,6.403402411185,61.19464));
#4346 = ORIENTED_EDGE('',*,*,#4347,.F.);
#4347 = EDGE_CURVE('',#3452,#4335,#4348,.T.);
#4348 = B_SPLINE_CURVE_WITH_KNOTS('',6,(#4349,#4350,#4351,#4352,#4353,
    #4354,#4355,#4356,#4357,#4358,#4359,#4360,#4361,#4362,#4363,#4364,
    #4365,#4366,#4367,#4368,#4369,#4370,#4371,#4372,#4373,#4374,#4375),
  .UNSPECIFIED.,.F.,.F.,(7,5,5,5,5,7),(0.,0.130541176759,0.404150417991,
    0.627753379038,0.810138273821,1.),.UNSPECIFIED.);
#4349 = CARTESIAN_POINT('',(4.185711152041,5.900178038345,
    57.499563666102));
#4350 = CARTESIAN_POINT('',(4.185697949006,5.915574702263,
    57.514946896846));
#4351 = CARTESIAN_POINT('',(4.186251790158,5.931206885172,
    57.530565932877));
#4352 = CARTESIAN_POINT('',(4.187406590802,5.947041674188,
    57.546387922247));
#4353 = CARTESIAN_POINT('',(4.189192126607,5.963040813755,
    57.562374670063));
#4354 = CARTESIAN_POINT('',(4.19163403361,5.979160705648,57.578482638486
    ));
#4355 = CARTESIAN_POINT('',(4.201292734722,6.02928959088,57.628576244986
    ));
#4356 = CARTESIAN_POINT('',(4.210808737373,6.063542478501,
    57.662807571682));
#4357 = CARTESIAN_POINT('',(4.22349205595,6.097663936631,57.696910347486
    ));
#4358 = CARTESIAN_POINT('',(4.239429367791,6.131113182435,
    57.730344336715));
#4359 = CARTESIAN_POINT('',(4.258524399344,6.163307871017,
    57.762527618203));
#4360 = CARTESIAN_POINT('',(4.298491612931,6.218602146999,
    57.817808560906));
#4361 = CARTESIAN_POINT('',(4.318401187479,6.242288472857,
    57.841491608964));
#4362 = CARTESIAN_POINT('',(4.340105591712,6.264514566451,
    57.863717264225));
#4363 = CARTESIAN_POINT('',(4.363391356287,6.285028576003,
    57.884233708212));
#4364 = CARTESIAN_POINT('',(4.387986880357,6.303645209646,57.9028555736)
  );
#4365 = CARTESIAN_POINT('',(4.434495421745,6.333800722978,
    57.933025380609));
#4366 = CARTESIAN_POINT('',(4.456067215619,6.346011833409,
    57.945244669079));
#4367 = CARTESIAN_POINT('',(4.478159574638,6.356826170669,
    57.956068856508));
#4368 = CARTESIAN_POINT('',(4.500606672708,6.366217712147,
    57.965471798263));
#4369 = CARTESIAN_POINT('',(4.523246022392,6.374192000567,57.97345889044
    ));
#4370 = CARTESIAN_POINT('',(4.569543460242,6.387643849595,
    57.986939412903));
#4371 = CARTESIAN_POINT('',(4.593205341068,6.393005535342,
    57.992317072669));
#4372 = CARTESIAN_POINT('',(4.616747453832,6.396905146723,57.99623382834
    ));
#4373 = CARTESIAN_POINT('',(4.640019848129,6.399411524951,57.99875833025
    ));
#4374 = CARTESIAN_POINT('',(4.662895338622,6.400614543931,57.99998026295
    ));
#4375 = CARTESIAN_POINT('',(4.685274248624,6.40061456099,57.999999809282
    ));
#4376 = ORIENTED_EDGE('',*,*,#3451,.F.);
#4377 = ( BOUNDED_SURFACE() B_SPLINE_SURFACE(2,3,(
    (#4378,#4379,#4380,#4381,#4382,#4383,#4384,#4385)
    ,(#4386,#4387,#4388,#4389,#4390,#4391,#4392,#4393)
    ,(#4394,#4395,#4396,#4397,#4398,#4399,#4400,#4401
)),.UNSPECIFIED.,.F.,.F.,.F.) B_SPLINE_SURFACE_WITH_KNOTS((3,3),(4,2,2,4
    ),(0.,58.000044169531),(-3.195078764783,-4.363319254137E-04,
    57.999607837606,61.194250270464),.UNSPECIFIED.) 
GEOMETRIC_REPRESENTATION_ITEM() RATIONAL_B_SPLINE_SURFACE((
    (1.,1.,1.,1.,1.,1.,1.,1.)
    ,(0.707107050433,0.707107050433,0.707107050433,0.707107050433
      ,0.707107050433,0.707107050433,0.707107050433,0.707107050433)
,(1.,1.,1.,1.,1.,1.,1.,1.))) REPRESENTATION_ITEM('') SURFACE() );
#4378 = CARTESIAN_POINT('',(4.238676850028,5.847212340357,-3.19464));
#4379 = CARTESIAN_POINT('',(4.237747566686,5.8481416237,-2.12976));
#4380 = CARTESIAN_POINT('',(4.236818283343,5.849070907043,-1.06488));
#4381 = CARTESIAN_POINT('',(4.219017479615,5.866871710771,
    19.333333333333));
#4382 = CARTESIAN_POINT('',(4.202145959229,5.883743231157,
    38.666666666667));
#4383 = CARTESIAN_POINT('',(4.184345155501,5.901544034885,59.06488));
#4384 = CARTESIAN_POINT('',(4.183415872158,5.902473318228,60.12976));
#4385 = CARTESIAN_POINT('',(4.182486588815,5.903402601571,61.19464));
#4386 = CARTESIAN_POINT('',(4.2386772308,6.3472117692,-3.195076331593));
#4387 = CARTESIAN_POINT('',(4.237747947457,6.348141052543,
    -2.130196331593));
#4388 = CARTESIAN_POINT('',(4.236818664114,6.349070335886,
    -1.065316331593));
#4389 = CARTESIAN_POINT('',(4.219017860386,6.366871139614,19.33289700174
    ));
#4390 = CARTESIAN_POINT('',(4.20214634,6.38374266,38.666230335074));
#4391 = CARTESIAN_POINT('',(4.184345536272,6.401543463728,
    59.064443668407));
#4392 = CARTESIAN_POINT('',(4.183416252929,6.402472747071,
    60.129323668407));
#4393 = CARTESIAN_POINT('',(4.182486969587,6.403402030413,
    61.194203668407));
#4394 = CARTESIAN_POINT('',(4.738676659643,6.347212149972,-3.19464));
#4395 = CARTESIAN_POINT('',(4.7377473763,6.348141433314,-2.12976));
#4396 = CARTESIAN_POINT('',(4.736818092957,6.349070716657,-1.06488));
#4397 = CARTESIAN_POINT('',(4.719017289229,6.366871520385,
    19.333333333333));
#4398 = CARTESIAN_POINT('',(4.702145768843,6.383743040771,
    38.666666666667));
#4399 = CARTESIAN_POINT('',(4.684344965115,6.401543844499,59.06488));
#4400 = CARTESIAN_POINT('',(4.683415681772,6.402473127842,60.12976));
#4401 = CARTESIAN_POINT('',(4.682486398429,6.403402411185,61.19464));
#4402 = ADVANCED_FACE('',(#4403),#4426,.T.);
#4403 = FACE_BOUND('',#4404,.T.);
#4404 = EDGE_LOOP('',(#4405,#4406,#4407,#4415));
#4405 = ORIENTED_EDGE('',*,*,#792,.T.);
#4406 = ORIENTED_EDGE('',*,*,#4268,.T.);
#4407 = ORIENTED_EDGE('',*,*,#4408,.F.);
#4408 = EDGE_CURVE('',#4409,#4269,#4411,.T.);
#4409 = VERTEX_POINT('',#4410);
#4410 = CARTESIAN_POINT('',(18.186503751542,-6.400614561156,58.));
#4411 = LINE('',#4412,#4413);
#4412 = CARTESIAN_POINT('',(18.635889,-6.400614561156,58.));
#4413 = VECTOR('',#4414,1.);
#4414 = DIRECTION('',(-1.,0.,0.));
#4415 = ORIENTED_EDGE('',*,*,#4416,.F.);
#4416 = EDGE_CURVE('',#766,#4409,#4417,.T.);
#4417 = B_SPLINE_CURVE_WITH_KNOTS('',3,(#4418,#4419,#4420,#4421,#4422,
    #4423,#4424,#4425),.UNSPECIFIED.,.F.,.F.,(4,2,2,4),(-3.195078764783,
    -4.363319254137E-04,57.999607837606,61.194250270464),.UNSPECIFIED.);
#4418 = CARTESIAN_POINT('',(18.133101340357,-6.347212149972,-3.19464));
#4419 = CARTESIAN_POINT('',(18.1340306237,-6.348141433314,-2.12976));
#4420 = CARTESIAN_POINT('',(18.134959907043,-6.349070716657,-1.06488));
#4421 = CARTESIAN_POINT('',(18.152760710771,-6.366871520385,
    19.333333333333));
#4422 = CARTESIAN_POINT('',(18.169632231157,-6.383743040771,
    38.666666666667));
#4423 = CARTESIAN_POINT('',(18.187433034885,-6.401543844499,59.06488));
#4424 = CARTESIAN_POINT('',(18.188362318228,-6.402473127842,60.12976));
#4425 = CARTESIAN_POINT('',(18.189291601571,-6.403402411185,61.19464));
#4426 = B_SPLINE_SURFACE_WITH_KNOTS('',1,1,(
    (#4427,#4428)
    ,(#4429,#4430
    )),.UNSPECIFIED.,.F.,.F.,.F.,(2,2),(2,2),(-5.061456115623E-02,
    6.500614561156),(0.,1.),.PIECEWISE_BEZIER_KNOTS.);
#4427 = CARTESIAN_POINT('',(18.635889,-6.35,0.));
#4428 = CARTESIAN_POINT('',(18.686503561156,-6.400614561156,58.));
#4429 = CARTESIAN_POINT('',(12.185889,-6.35,0.));
#4430 = CARTESIAN_POINT('',(12.135274438844,-6.400614561156,58.));
#4431 = ADVANCED_FACE('',(#4432),#4455,.T.);
#4432 = FACE_BOUND('',#4433,.T.);
#4433 = EDGE_LOOP('',(#4434,#4435,#4448,#4454));
#4434 = ORIENTED_EDGE('',*,*,#582,.T.);
#4435 = ORIENTED_EDGE('',*,*,#4436,.T.);
#4436 = EDGE_CURVE('',#583,#4437,#4439,.T.);
#4437 = VERTEX_POINT('',#4438);
#4438 = CARTESIAN_POINT('',(10.236503751542,6.400614561156,58.));
#4439 = B_SPLINE_CURVE_WITH_KNOTS('',3,(#4440,#4441,#4442,#4443,#4444,
    #4445,#4446,#4447),.UNSPECIFIED.,.F.,.F.,(4,2,2,4),(-3.195078764783,
    -4.363319254138E-04,57.999607837606,61.194250270464),.UNSPECIFIED.);
#4440 = CARTESIAN_POINT('',(10.183101340357,6.347212149972,-3.19464));
#4441 = CARTESIAN_POINT('',(10.1840306237,6.348141433314,-2.12976));
#4442 = CARTESIAN_POINT('',(10.184959907043,6.349070716657,-1.06488));
#4443 = CARTESIAN_POINT('',(10.202760710771,6.366871520385,
    19.333333333333));
#4444 = CARTESIAN_POINT('',(10.219632231157,6.383743040771,
    38.666666666667));
#4445 = CARTESIAN_POINT('',(10.237433034885,6.401543844499,59.06488));
#4446 = CARTESIAN_POINT('',(10.238362318228,6.402473127842,60.12976));
#4447 = CARTESIAN_POINT('',(10.239291601571,6.403402411185,61.19464));
#4448 = ORIENTED_EDGE('',*,*,#4449,.F.);
#4449 = EDGE_CURVE('',#4335,#4437,#4450,.T.);
#4450 = LINE('',#4451,#4452);
#4451 = CARTESIAN_POINT('',(4.235889,6.400614561156,58.));
#4452 = VECTOR('',#4453,1.);
#4453 = DIRECTION('',(1.,0.,0.));
#4454 = ORIENTED_EDGE('',*,*,#4334,.F.);
#4455 = B_SPLINE_SURFACE_WITH_KNOTS('',1,1,(
    (#4456,#4457)
    ,(#4458,#4459
    )),.UNSPECIFIED.,.F.,.F.,.F.,(2,2),(2,2),(-5.061456115623E-02,
    6.500614561156),(0.,1.),.PIECEWISE_BEZIER_KNOTS.);
#4456 = CARTESIAN_POINT('',(4.235889,6.35,0.));
#4457 = CARTESIAN_POINT('',(4.185274438844,6.400614561156,58.));
#4458 = CARTESIAN_POINT('',(10.685889,6.35,0.));
#4459 = CARTESIAN_POINT('',(10.736503561156,6.400614561156,58.));
#4460 = ADVANCED_FACE('',(#4461),#4508,.F.);
#4461 = FACE_BOUND('',#4462,.F.);
#4462 = EDGE_LOOP('',(#4463,#4464,#4477,#4507));
#4463 = ORIENTED_EDGE('',*,*,#765,.T.);
#4464 = ORIENTED_EDGE('',*,*,#4465,.T.);
#4465 = EDGE_CURVE('',#758,#4466,#4468,.T.);
#4466 = VERTEX_POINT('',#4467);
#4467 = CARTESIAN_POINT('',(18.686066847961,-5.900178038347,
    57.499563667742));
#4468 = B_SPLINE_CURVE_WITH_KNOTS('',3,(#4469,#4470,#4471,#4472,#4473,
    #4474,#4475,#4476),.UNSPECIFIED.,.F.,.F.,(4,2,2,4),(-3.195078764783,
    -4.363319254137E-04,57.999607837606,61.194250270464),.UNSPECIFIED.);
#4469 = CARTESIAN_POINT('',(18.633101149972,-5.847212340357,-3.19464));
#4470 = CARTESIAN_POINT('',(18.634030433314,-5.8481416237,-2.12976));
#4471 = CARTESIAN_POINT('',(18.634959716657,-5.849070907043,-1.06488));
#4472 = CARTESIAN_POINT('',(18.652760520385,-5.866871710771,
    19.333333333333));
#4473 = CARTESIAN_POINT('',(18.669632040771,-5.883743231157,
    38.666666666667));
#4474 = CARTESIAN_POINT('',(18.687432844499,-5.901544034885,59.06488));
#4475 = CARTESIAN_POINT('',(18.688362127842,-5.902473318228,60.12976));
#4476 = CARTESIAN_POINT('',(18.689291411185,-5.903402601571,61.19464));
#4477 = ORIENTED_EDGE('',*,*,#4478,.F.);
#4478 = EDGE_CURVE('',#4409,#4466,#4479,.T.);
#4479 = B_SPLINE_CURVE_WITH_KNOTS('',6,(#4480,#4481,#4482,#4483,#4484,
    #4485,#4486,#4487,#4488,#4489,#4490,#4491,#4492,#4493,#4494,#4495,
    #4496,#4497,#4498,#4499,#4500,#4501,#4502,#4503,#4504,#4505,#4506),
  .UNSPECIFIED.,.F.,.F.,(7,5,5,5,5,7),(0.,0.19068024166,0.372266018124,
    0.597069218979,0.869478162049,1.),.UNSPECIFIED.);
#4480 = CARTESIAN_POINT('',(18.186503751376,-6.40061456099,
    57.999999809282));
#4481 = CARTESIAN_POINT('',(18.208979139383,-6.400614543858,
    57.999980178684));
#4482 = CARTESIAN_POINT('',(18.231955396019,-6.39940113031,
    57.998747772543));
#4483 = CARTESIAN_POINT('',(18.255331559766,-6.396872657931,
    57.996201105192));
#4484 = CARTESIAN_POINT('',(18.27897866342,-6.392938132732,
    57.992249374522));
#4485 = CARTESIAN_POINT('',(18.302744603646,-6.387528004201,
    57.986823223399));
#4486 = CARTESIAN_POINT('',(18.349042362378,-6.374012071014,
    57.973278672373));
#4487 = CARTESIAN_POINT('',(18.37157905379,-6.366047250675,
    57.965301129608));
#4488 = CARTESIAN_POINT('',(18.39392299476,-6.356677485837,
    57.955920035528));
#4489 = CARTESIAN_POINT('',(18.415913790116,-6.345897594903,
    57.945130353021));
#4490 = CARTESIAN_POINT('',(18.437387813723,-6.333733429604,
    57.932958054074));
#4491 = CARTESIAN_POINT('',(18.483941502354,-6.303546539258,
    57.90275685801));
#4492 = CARTESIAN_POINT('',(18.508662998599,-6.284818303843,
    57.884023378223));
#4493 = CARTESIAN_POINT('',(18.532058970189,-6.264172924,57.863375582314
    ));
#4494 = CARTESIAN_POINT('',(18.55385351934,-6.241799128137,57.8410022749
    ));
#4495 = CARTESIAN_POINT('',(18.573830389659,-6.217953569861,
    57.817160074533));
#4496 = CARTESIAN_POINT('',(18.613680109767,-6.162587912926,
    57.761807915647));
#4497 = CARTESIAN_POINT('',(18.632635108938,-6.130512143854,
    57.729743572183));
#4498 = CARTESIAN_POINT('',(18.64845873061,-6.097200528967,
    57.696447193084));
#4499 = CARTESIAN_POINT('',(18.661057620385,-6.06322747015,
    57.662492760881));
#4500 = CARTESIAN_POINT('',(18.6705177712,-6.029126208342,
    57.628412976535));
#4501 = CARTESIAN_POINT('',(18.680145775169,-5.979148765448,
    57.578470707118));
#4502 = CARTESIAN_POINT('',(18.682586932476,-5.963031333372,
    57.562365197647));
#4503 = CARTESIAN_POINT('',(18.684371923383,-5.947034636982,
    57.546380891099));
#4504 = CARTESIAN_POINT('',(18.685526373523,-5.931202253501,
    57.53056130434));
#4505 = CARTESIAN_POINT('',(18.686080047314,-5.915572420989,
    57.514944616303));
#4506 = CARTESIAN_POINT('',(18.686066847961,-5.900178038347,
    57.499563667988));
#4507 = ORIENTED_EDGE('',*,*,#4416,.F.);
#4508 = ( BOUNDED_SURFACE() B_SPLINE_SURFACE(2,3,(
    (#4509,#4510,#4511,#4512,#4513,#4514,#4515,#4516)
    ,(#4517,#4518,#4519,#4520,#4521,#4522,#4523,#4524)
    ,(#4525,#4526,#4527,#4528,#4529,#4530,#4531,#4532
)),.UNSPECIFIED.,.F.,.F.,.F.) B_SPLINE_SURFACE_WITH_KNOTS((3,3),(4,2,2,4
    ),(0.,58.000044169531),(-3.195078764783,-4.363319254137E-04,
    57.999607837606,61.194250270464),.UNSPECIFIED.) 
GEOMETRIC_REPRESENTATION_ITEM() RATIONAL_B_SPLINE_SURFACE((
    (1.,1.,1.,1.,1.,1.,1.,1.)
    ,(0.707107050433,0.707107050433,0.707107050433,0.707107050433
      ,0.707107050433,0.707107050433,0.707107050433,0.707107050433)
,(1.,1.,1.,1.,1.,1.,1.,1.))) REPRESENTATION_ITEM('') SURFACE() );
#4509 = CARTESIAN_POINT('',(18.133101340357,-6.347212149972,-3.19464));
#4510 = CARTESIAN_POINT('',(18.1340306237,-6.348141433314,-2.12976));
#4511 = CARTESIAN_POINT('',(18.134959907043,-6.349070716657,-1.06488));
#4512 = CARTESIAN_POINT('',(18.152760710771,-6.366871520385,
    19.333333333333));
#4513 = CARTESIAN_POINT('',(18.169632231157,-6.383743040771,
    38.666666666667));
#4514 = CARTESIAN_POINT('',(18.187433034885,-6.401543844499,59.06488));
#4515 = CARTESIAN_POINT('',(18.188362318228,-6.402473127842,60.12976));
#4516 = CARTESIAN_POINT('',(18.189291601571,-6.403402411185,61.19464));
#4517 = CARTESIAN_POINT('',(18.6331007692,-6.3472117692,-3.195076331593)
  );
#4518 = CARTESIAN_POINT('',(18.634030052543,-6.348141052543,
    -2.130196331593));
#4519 = CARTESIAN_POINT('',(18.634959335886,-6.349070335886,
    -1.065316331593));
#4520 = CARTESIAN_POINT('',(18.652760139614,-6.366871139614,
    19.33289700174));
#4521 = CARTESIAN_POINT('',(18.66963166,-6.38374266,38.666230335074));
#4522 = CARTESIAN_POINT('',(18.687432463728,-6.401543463728,
    59.064443668407));
#4523 = CARTESIAN_POINT('',(18.688361747071,-6.402472747071,
    60.129323668407));
#4524 = CARTESIAN_POINT('',(18.689291030413,-6.403402030413,
    61.194203668407));
#4525 = CARTESIAN_POINT('',(18.633101149972,-5.847212340357,-3.19464));
#4526 = CARTESIAN_POINT('',(18.634030433314,-5.8481416237,-2.12976));
#4527 = CARTESIAN_POINT('',(18.634959716657,-5.849070907043,-1.06488));
#4528 = CARTESIAN_POINT('',(18.652760520385,-5.866871710771,
    19.333333333333));
#4529 = CARTESIAN_POINT('',(18.669632040771,-5.883743231157,
    38.666666666667));
#4530 = CARTESIAN_POINT('',(18.687432844499,-5.901544034885,59.06488));
#4531 = CARTESIAN_POINT('',(18.688362127842,-5.902473318228,60.12976));
#4532 = CARTESIAN_POINT('',(18.689291411185,-5.903402601571,61.19464));
#4533 = ADVANCED_FACE('',(#4534),#4569,.F.);
#4534 = FACE_BOUND('',#4535,.F.);
#4535 = EDGE_LOOP('',(#4536,#4537,#4538,#4568));
#4536 = ORIENTED_EDGE('',*,*,#590,.T.);
#4537 = ORIENTED_EDGE('',*,*,#4436,.T.);
#4538 = ORIENTED_EDGE('',*,*,#4539,.F.);
#4539 = EDGE_CURVE('',#3840,#4437,#4540,.T.);
#4540 = B_SPLINE_CURVE_WITH_KNOTS('',6,(#4541,#4542,#4543,#4544,#4545,
    #4546,#4547,#4548,#4549,#4550,#4551,#4552,#4553,#4554,#4555,#4556,
    #4557,#4558,#4559,#4560,#4561,#4562,#4563,#4564,#4565,#4566,#4567),
  .UNSPECIFIED.,.F.,.F.,(7,5,5,5,5,7),(0.,0.130541208542,0.404150424404,
    0.627753384688,0.810138219272,1.),.UNSPECIFIED.);
#4541 = CARTESIAN_POINT('',(10.736066847961,5.900178038347,
    57.499563668018));
#4542 = CARTESIAN_POINT('',(10.736080046132,5.915574704688,
    57.514946897999));
#4543 = CARTESIAN_POINT('',(10.735526208066,5.931206892386,
    57.530565939316));
#4544 = CARTESIAN_POINT('',(10.734371410475,5.947041686347,
    57.546387934768));
#4545 = CARTESIAN_POINT('',(10.732585874041,5.963040829992,
    57.562374686917));
#4546 = CARTESIAN_POINT('',(10.730143963418,5.979160725263,
    57.578482658086));
#4547 = CARTESIAN_POINT('',(10.7204852596,6.029289611562,57.628576265655
    ));
#4548 = CARTESIAN_POINT('',(10.71096925629,6.063542495953,
    57.662807589124));
#4549 = CARTESIAN_POINT('',(10.698285937608,6.097663950679,
    57.696910361528));
#4550 = CARTESIAN_POINT('',(10.682348626282,6.131113193044,
    57.730344347319));
#4551 = CARTESIAN_POINT('',(10.663253595867,6.163307878318,
    57.762527625502));
#4552 = CARTESIAN_POINT('',(10.623286383764,6.218602151019,
    57.817808564926));
#4553 = CARTESIAN_POINT('',(10.603376809029,6.242288476599,
    57.841491612707));
#4554 = CARTESIAN_POINT('',(10.581672404643,6.264514569897,
    57.863717267671));
#4555 = CARTESIAN_POINT('',(10.558386639953,6.285028579141,
    57.88423371135));
#4556 = CARTESIAN_POINT('',(10.533791115805,6.303645212472,
    57.902855576427));
#4557 = CARTESIAN_POINT('',(10.487282581166,6.333800720815,
    57.933025378446));
#4558 = CARTESIAN_POINT('',(10.465710794551,6.346011827443,
    57.945244663109));
#4559 = CARTESIAN_POINT('',(10.443618443101,6.356826161838,
    57.956068847668));
#4560 = CARTESIAN_POINT('',(10.421171352746,6.366217701404,
    57.965471787507));
#4561 = CARTESIAN_POINT('',(10.398532010764,6.374191988846,
    57.973458878699));
#4562 = CARTESIAN_POINT('',(10.352234573751,6.387643841893,
    57.986939405177));
#4563 = CARTESIAN_POINT('',(10.328572685989,6.39300553086,
    57.992317068168));
#4564 = CARTESIAN_POINT('',(10.305030566228,6.396905144562,
    57.996233826164));
#4565 = CARTESIAN_POINT('',(10.281758165016,6.39941152426,
    57.998758329548));
#4566 = CARTESIAN_POINT('',(10.258882667808,6.400614543931,
    57.999980262945));
#4567 = CARTESIAN_POINT('',(10.236503751376,6.40061456099,
    57.999999809282));
#4568 = ORIENTED_EDGE('',*,*,#3849,.F.);
#4569 = ( BOUNDED_SURFACE() B_SPLINE_SURFACE(2,3,(
    (#4570,#4571,#4572,#4573,#4574,#4575,#4576,#4577)
    ,(#4578,#4579,#4580,#4581,#4582,#4583,#4584,#4585)
    ,(#4586,#4587,#4588,#4589,#4590,#4591,#4592,#4593
)),.UNSPECIFIED.,.F.,.F.,.F.) B_SPLINE_SURFACE_WITH_KNOTS((3,3),(4,2,2,4
    ),(0.,58.000044169531),(-3.195078764783,-4.363319254138E-04,
    57.999607837606,61.194250270464),.UNSPECIFIED.) 
GEOMETRIC_REPRESENTATION_ITEM() RATIONAL_B_SPLINE_SURFACE((
    (1.,1.,1.,1.,1.,1.,1.,1.)
    ,(0.707107050433,0.707107050433,0.707107050433,0.707107050433
      ,0.707107050433,0.707107050433,0.707107050433,0.707107050433)
,(1.,1.,1.,1.,1.,1.,1.,1.))) REPRESENTATION_ITEM('') SURFACE() );
#4570 = CARTESIAN_POINT('',(10.683101149972,5.847212340357,-3.19464));
#4571 = CARTESIAN_POINT('',(10.684030433314,5.8481416237,-2.12976));
#4572 = CARTESIAN_POINT('',(10.684959716657,5.849070907043,-1.06488));
#4573 = CARTESIAN_POINT('',(10.702760520385,5.866871710771,
    19.333333333333));
#4574 = CARTESIAN_POINT('',(10.719632040771,5.883743231157,
    38.666666666667));
#4575 = CARTESIAN_POINT('',(10.737432844499,5.901544034885,59.06488));
#4576 = CARTESIAN_POINT('',(10.738362127842,5.902473318228,60.12976));
#4577 = CARTESIAN_POINT('',(10.739291411185,5.903402601571,61.19464));
#4578 = CARTESIAN_POINT('',(10.6831007692,6.3472117692,-3.195076331593)
  );
#4579 = CARTESIAN_POINT('',(10.684030052543,6.348141052543,
    -2.130196331593));
#4580 = CARTESIAN_POINT('',(10.684959335886,6.349070335886,
    -1.065316331593));
#4581 = CARTESIAN_POINT('',(10.702760139614,6.366871139614,
    19.33289700174));
#4582 = CARTESIAN_POINT('',(10.71963166,6.38374266,38.666230335074));
#4583 = CARTESIAN_POINT('',(10.737432463728,6.401543463728,
    59.064443668407));
#4584 = CARTESIAN_POINT('',(10.738361747071,6.402472747071,
    60.129323668407));
#4585 = CARTESIAN_POINT('',(10.739291030413,6.403402030413,
    61.194203668407));
#4586 = CARTESIAN_POINT('',(10.183101340357,6.347212149972,-3.19464));
#4587 = CARTESIAN_POINT('',(10.1840306237,6.348141433314,-2.12976));
#4588 = CARTESIAN_POINT('',(10.184959907043,6.349070716657,-1.06488));
#4589 = CARTESIAN_POINT('',(10.202760710771,6.366871520385,
    19.333333333333));
#4590 = CARTESIAN_POINT('',(10.219632231157,6.383743040771,
    38.666666666667));
#4591 = CARTESIAN_POINT('',(10.237433034885,6.401543844499,59.06488));
#4592 = CARTESIAN_POINT('',(10.238362318228,6.402473127842,60.12976));
#4593 = CARTESIAN_POINT('',(10.239291601571,6.403402411185,61.19464));
#4594 = ADVANCED_FACE('',(#4595),#4620,.T.);
#4595 = FACE_BOUND('',#4596,.T.);
#4596 = EDGE_LOOP('',(#4597,#4598,#4599,#4609));
#4597 = ORIENTED_EDGE('',*,*,#757,.T.);
#4598 = ORIENTED_EDGE('',*,*,#4465,.T.);
#4599 = ORIENTED_EDGE('',*,*,#4600,.F.);
#4600 = EDGE_CURVE('',#4601,#4466,#4603,.T.);
#4601 = VERTEX_POINT('',#4602);
#4602 = CARTESIAN_POINT('',(18.686066847961,5.900178038347,
    57.499563667742));
#4603 = B_SPLINE_CURVE_WITH_KNOTS('',2,(#4604,#4605,#4606,#4607,#4608),
  .UNSPECIFIED.,.F.,.F.,(3,1,1,3),(-1.456380065498,2.183565978003E-04,
    12.801010765715,14.25760918781),.UNSPECIFIED.);
#4604 = CARTESIAN_POINT('',(18.686066847961,7.856994626654,
    57.499563667742));
#4605 = CARTESIAN_POINT('',(18.686066847961,7.128695415606,
    57.499563667742));
#4606 = CARTESIAN_POINT('',(18.686066847961,-3.552713678801E-15,
    57.499563667742));
#4607 = CARTESIAN_POINT('',(18.686066847961,-7.128695415606,
    57.499563667742));
#4608 = CARTESIAN_POINT('',(18.686066847961,-7.856994626654,
    57.499563667742));
#4609 = ORIENTED_EDGE('',*,*,#4610,.F.);
#4610 = EDGE_CURVE('',#731,#4601,#4611,.T.);
#4611 = B_SPLINE_CURVE_WITH_KNOTS('',3,(#4612,#4613,#4614,#4615,#4616,
    #4617,#4618,#4619),.UNSPECIFIED.,.F.,.F.,(4,2,2,4),(-3.195078764783,
    -4.363319254139E-04,57.999607837606,61.194250270464),.UNSPECIFIED.);
#4612 = CARTESIAN_POINT('',(18.633101149972,5.847212340357,-3.19464));
#4613 = CARTESIAN_POINT('',(18.634030433314,5.8481416237,-2.12976));
#4614 = CARTESIAN_POINT('',(18.634959716657,5.849070907043,-1.06488));
#4615 = CARTESIAN_POINT('',(18.652760520385,5.866871710771,
    19.333333333333));
#4616 = CARTESIAN_POINT('',(18.669632040771,5.883743231157,
    38.666666666667));
#4617 = CARTESIAN_POINT('',(18.687432844499,5.901544034885,59.06488));
#4618 = CARTESIAN_POINT('',(18.688362127842,5.902473318228,60.12976));
#4619 = CARTESIAN_POINT('',(18.689291411185,5.903402601571,61.19464));
#4620 = B_SPLINE_SURFACE_WITH_KNOTS('',1,1,(
    (#4621,#4622)
    ,(#4623,#4624
    )),.UNSPECIFIED.,.F.,.F.,.F.,(2,2),(2,2),(-5.061456115623E-02,
    12.750614561156),(0.,1.),.PIECEWISE_BEZIER_KNOTS.);
#4621 = CARTESIAN_POINT('',(18.635889,6.35,0.));
#4622 = CARTESIAN_POINT('',(18.686503561156,6.400614561156,58.));
#4623 = CARTESIAN_POINT('',(18.635889,-6.35,0.));
#4624 = CARTESIAN_POINT('',(18.686503561156,-6.400614561156,58.));
#4625 = ADVANCED_FACE('',(#4626),#4673,.F.);
#4626 = FACE_BOUND('',#4627,.F.);
#4627 = EDGE_LOOP('',(#4628,#4629,#4642,#4672));
#4628 = ORIENTED_EDGE('',*,*,#730,.T.);
#4629 = ORIENTED_EDGE('',*,*,#4630,.T.);
#4630 = EDGE_CURVE('',#723,#4631,#4633,.T.);
#4631 = VERTEX_POINT('',#4632);
#4632 = CARTESIAN_POINT('',(18.186503751542,6.400614561156,58.));
#4633 = B_SPLINE_CURVE_WITH_KNOTS('',3,(#4634,#4635,#4636,#4637,#4638,
    #4639,#4640,#4641),.UNSPECIFIED.,.F.,.F.,(4,2,2,4),(-3.195078764783,
    -4.363319254139E-04,57.999607837606,61.194250270464),.UNSPECIFIED.);
#4634 = CARTESIAN_POINT('',(18.133101340357,6.347212149972,-3.19464));
#4635 = CARTESIAN_POINT('',(18.1340306237,6.348141433314,-2.12976));
#4636 = CARTESIAN_POINT('',(18.134959907043,6.349070716657,-1.06488));
#4637 = CARTESIAN_POINT('',(18.152760710771,6.366871520385,
    19.333333333333));
#4638 = CARTESIAN_POINT('',(18.169632231157,6.383743040771,
    38.666666666667));
#4639 = CARTESIAN_POINT('',(18.187433034885,6.401543844499,59.06488));
#4640 = CARTESIAN_POINT('',(18.188362318228,6.402473127842,60.12976));
#4641 = CARTESIAN_POINT('',(18.189291601571,6.403402411185,61.19464));
#4642 = ORIENTED_EDGE('',*,*,#4643,.F.);
#4643 = EDGE_CURVE('',#4601,#4631,#4644,.T.);
#4644 = B_SPLINE_CURVE_WITH_KNOTS('',6,(#4645,#4646,#4647,#4648,#4649,
    #4650,#4651,#4652,#4653,#4654,#4655,#4656,#4657,#4658,#4659,#4660,
    #4661,#4662,#4663,#4664,#4665,#4666,#4667,#4668,#4669,#4670,#4671),
  .UNSPECIFIED.,.F.,.F.,(7,5,5,5,5,7),(0.,0.130541174972,0.404150415436,
    0.627753578396,0.810139148477,1.),.UNSPECIFIED.);
#4645 = CARTESIAN_POINT('',(18.686066847961,5.900178038347,
    57.49956366859));
#4646 = CARTESIAN_POINT('',(18.686080050669,5.915574702264,
    57.514946895189));
#4647 = CARTESIAN_POINT('',(18.685526209911,5.931206884962,
    57.530565931667));
#4648 = CARTESIAN_POINT('',(18.684371409616,5.947041673691,
    57.54638792224));
#4649 = CARTESIAN_POINT('',(18.682585873796,5.96304081298,
    57.562374670112));
#4650 = CARTESIAN_POINT('',(18.680143966543,5.979160704632,
    57.578482637471));
#4651 = CARTESIAN_POINT('',(18.670485265628,6.029289589526,
    57.628576243633));
#4652 = CARTESIAN_POINT('',(18.660969263109,6.063542477047,
    57.662807570229));
#4653 = CARTESIAN_POINT('',(18.648285944687,6.097663935091,
    57.696910345947));
#4654 = CARTESIAN_POINT('',(18.632348633019,6.131113180831,
    57.730344335111));
#4655 = CARTESIAN_POINT('',(18.613253601655,6.163307869374,
    57.762527616561));
#4656 = CARTESIAN_POINT('',(18.573286372142,6.218602167864,
    57.817808581766));
#4657 = CARTESIAN_POINT('',(18.553376777972,6.242288514119,
    57.84149165022));
#4658 = CARTESIAN_POINT('',(18.531672350994,6.264514625233,
    57.863717323006));
#4659 = CARTESIAN_POINT('',(18.508386561194,6.285028648767,
    57.884233780985));
#4660 = CARTESIAN_POINT('',(18.483791010256,6.303645292474,
    57.902855656451));
#4661 = CARTESIAN_POINT('',(18.437282360129,6.3338008547,57.933025512406
    ));
#4662 = CARTESIAN_POINT('',(18.415710480854,6.346011997831,
    57.945244833623));
#4663 = CARTESIAN_POINT('',(18.393618033885,6.356826357062,
    57.95606904308));
#4664 = CARTESIAN_POINT('',(18.371170847182,6.366217909739,
    57.965471996102));
#4665 = CARTESIAN_POINT('',(18.348531409936,6.374192198992,
    57.973459089186));
#4666 = CARTESIAN_POINT('',(18.302233994717,6.387643973099,
    57.986939536774));
#4667 = CARTESIAN_POINT('',(18.278572225099,6.393005607203,
    57.992317144847));
#4668 = CARTESIAN_POINT('',(18.255030224523,6.396905181363,
    57.996233863231));
#4669 = CARTESIAN_POINT('',(18.231757941102,6.399411536035,
    57.998758341508));
#4670 = CARTESIAN_POINT('',(18.208882558279,6.400614543932,
    57.99998026304));
#4671 = CARTESIAN_POINT('',(18.186503751376,6.40061456099,
    57.999999809282));
#4672 = ORIENTED_EDGE('',*,*,#4610,.F.);
#4673 = ( BOUNDED_SURFACE() B_SPLINE_SURFACE(2,3,(
    (#4674,#4675,#4676,#4677,#4678,#4679,#4680,#4681)
    ,(#4682,#4683,#4684,#4685,#4686,#4687,#4688,#4689)
    ,(#4690,#4691,#4692,#4693,#4694,#4695,#4696,#4697
)),.UNSPECIFIED.,.F.,.F.,.F.) B_SPLINE_SURFACE_WITH_KNOTS((3,3),(4,2,2,4
    ),(0.,58.000044169531),(-3.195078764783,-4.363319254139E-04,
    57.999607837606,61.194250270464),.UNSPECIFIED.) 
GEOMETRIC_REPRESENTATION_ITEM() RATIONAL_B_SPLINE_SURFACE((
    (1.,1.,1.,1.,1.,1.,1.,1.)
    ,(0.707107050433,0.707107050433,0.707107050433,0.707107050433
      ,0.707107050433,0.707107050433,0.707107050433,0.707107050433)
,(1.,1.,1.,1.,1.,1.,1.,1.))) REPRESENTATION_ITEM('') SURFACE() );
#4674 = CARTESIAN_POINT('',(18.633101149972,5.847212340357,-3.19464));
#4675 = CARTESIAN_POINT('',(18.634030433314,5.8481416237,-2.12976));
#4676 = CARTESIAN_POINT('',(18.634959716657,5.849070907043,-1.06488));
#4677 = CARTESIAN_POINT('',(18.652760520385,5.866871710771,
    19.333333333333));
#4678 = CARTESIAN_POINT('',(18.669632040771,5.883743231157,
    38.666666666667));
#4679 = CARTESIAN_POINT('',(18.687432844499,5.901544034885,59.06488));
#4680 = CARTESIAN_POINT('',(18.688362127842,5.902473318228,60.12976));
#4681 = CARTESIAN_POINT('',(18.689291411185,5.903402601571,61.19464));
#4682 = CARTESIAN_POINT('',(18.6331007692,6.3472117692,-3.195076331593)
  );
#4683 = CARTESIAN_POINT('',(18.634030052543,6.348141052543,
    -2.130196331593));
#4684 = CARTESIAN_POINT('',(18.634959335886,6.349070335886,
    -1.065316331593));
#4685 = CARTESIAN_POINT('',(18.652760139614,6.366871139614,
    19.33289700174));
#4686 = CARTESIAN_POINT('',(18.66963166,6.38374266,38.666230335074));
#4687 = CARTESIAN_POINT('',(18.687432463728,6.401543463728,
    59.064443668407));
#4688 = CARTESIAN_POINT('',(18.688361747071,6.402472747071,
    60.129323668407));
#4689 = CARTESIAN_POINT('',(18.689291030413,6.403402030413,
    61.194203668407));
#4690 = CARTESIAN_POINT('',(18.133101340357,6.347212149972,-3.19464));
#4691 = CARTESIAN_POINT('',(18.1340306237,6.348141433314,-2.12976));
#4692 = CARTESIAN_POINT('',(18.134959907043,6.349070716657,-1.06488));
#4693 = CARTESIAN_POINT('',(18.152760710771,6.366871520385,
    19.333333333333));
#4694 = CARTESIAN_POINT('',(18.169632231157,6.383743040771,
    38.666666666667));
#4695 = CARTESIAN_POINT('',(18.187433034885,6.401543844499,59.06488));
#4696 = CARTESIAN_POINT('',(18.188362318228,6.402473127842,60.12976));
#4697 = CARTESIAN_POINT('',(18.189291601571,6.403402411185,61.19464));
#4698 = ADVANCED_FACE('',(#4699),#4739,.T.);
#4699 = FACE_BOUND('',#4700,.T.);
#4700 = EDGE_LOOP('',(#4701,#4702,#4703,#4714));
#4701 = ORIENTED_EDGE('',*,*,#3861,.F.);
#4702 = ORIENTED_EDGE('',*,*,#625,.T.);
#4703 = ORIENTED_EDGE('',*,*,#4704,.T.);
#4704 = EDGE_CURVE('',#626,#4705,#4707,.T.);
#4705 = VERTEX_POINT('',#4706);
#4706 = CARTESIAN_POINT('',(11.216432460215,5.,35.000000190386));
#4707 = B_SPLINE_CURVE_WITH_KNOTS('',3,(#4708,#4709,#4710,#4711,#4712,
    #4713),.UNSPECIFIED.,.F.,.F.,(4,2,4),(-2.14178264978,
    2.181659349749E-04,53.200020199704),.UNSPECIFIED.);
#4708 = CARTESIAN_POINT('',(11.184019751897,5.,-2.14221816623));
#4709 = CARTESIAN_POINT('',(11.184642834599,5.,-1.428218164552));
#4710 = CARTESIAN_POINT('',(11.1852659173,5.,-0.714218164519));
#4711 = CARTESIAN_POINT('',(11.201364193115,5.,17.733042385304));
#4712 = CARTESIAN_POINT('',(11.216839386286,5.,35.466303000848));
#4713 = CARTESIAN_POINT('',(11.232314579505,5.,53.199563670815));
#4714 = ORIENTED_EDGE('',*,*,#4715,.F.);
#4715 = EDGE_CURVE('',#3862,#4705,#4716,.T.);
#4716 = B_SPLINE_CURVE_WITH_KNOTS('',6,(#4717,#4718,#4719,#4720,#4721,
    #4722,#4723,#4724,#4725,#4726,#4727,#4728,#4729,#4730,#4731,#4732,
    #4733,#4734,#4735,#4736,#4737,#4738),.UNSPECIFIED.,.F.,.F.,(7,5,5,5,
    7),(0.,0.13050070461,0.47251768044,0.720910930375,1.),
  .UNSPECIFIED.);
#4717 = CARTESIAN_POINT('',(10.716868982859,5.5,35.500436332258));
#4718 = CARTESIAN_POINT('',(10.716855793561,5.484621718807,
    35.485058056718));
#4719 = CARTESIAN_POINT('',(10.71740926843,5.469008295584,
    35.469444144552));
#4720 = CARTESIAN_POINT('',(10.718563300582,5.453192586243,
    35.453627422107));
#4721 = CARTESIAN_POINT('',(10.720347641901,5.437212774054,
    35.437646046701));
#4722 = CARTESIAN_POINT('',(10.722787903031,5.421112369644,
    35.42154350663));
#4723 = CARTESIAN_POINT('',(10.73407630884,5.362556127255,
    35.362977390949));
#4724 = CARTESIAN_POINT('',(10.746898792026,5.319679311878,
    35.320089369516));
#4725 = CARTESIAN_POINT('',(10.764743010633,5.27717930496,
    35.277573774392));
#4726 = CARTESIAN_POINT('',(10.787732338104,5.236164539404,
    35.236538931241));
#4727 = CARTESIAN_POINT('',(10.815483516336,5.197793374615,
    35.198143534364));
#4728 = CARTESIAN_POINT('',(10.8703543068,5.13761682228,35.137919075305)
  );
#4729 = CARTESIAN_POINT('',(10.89556737051,5.114152430509,
    35.114432672045));
#4730 = CARTESIAN_POINT('',(10.922631492868,5.092875109479,
    35.093131725005));
#4731 = CARTESIAN_POINT('',(10.951173031973,5.074046104777,
    35.074277805936));
#4732 = CARTESIAN_POINT('',(10.980769658476,5.057800171521,
    35.058006038558));
#4733 = CARTESIAN_POINT('',(11.044997294477,5.028839891599,
    35.028989698409));
#4734 = CARTESIAN_POINT('',(11.079798354994,5.016809902677,
    35.016929335244));
#4735 = CARTESIAN_POINT('',(11.114840294659,5.008109832114,
    35.008198681499));
#4736 = CARTESIAN_POINT('',(11.149565039432,5.002597468057,
    35.002656012279));
#4737 = CARTESIAN_POINT('',(11.183535444433,5.,35.000028898455));
#4738 = CARTESIAN_POINT('',(11.216432460215,5.,35.000000190386));
#4739 = ( BOUNDED_SURFACE() B_SPLINE_SURFACE(2,3,(
    (#4740,#4741,#4742,#4743,#4744,#4745)
    ,(#4746,#4747,#4748,#4749,#4750,#4751)
    ,(#4752,#4753,#4754,#4755,#4756,#4757
)),.UNSPECIFIED.,.F.,.F.,.F.) B_SPLINE_SURFACE_WITH_KNOTS((3,3),(4,2,4),
  (0.,53.199802033769),(-2.14178264978,2.181659349749E-04,
53.200020199704),.UNSPECIFIED.) GEOMETRIC_REPRESENTATION_ITEM() 
RATIONAL_B_SPLINE_SURFACE((
    (1.,1.,1.,1.,1.,1.)
    ,(0.707106781187,0.707106781187,0.707106781187,0.707106781187
      ,0.707106781187,0.707106781187)
,(1.,1.,1.,1.,1.,1.))) REPRESENTATION_ITEM('') SURFACE() );
#4740 = CARTESIAN_POINT('',(10.684019942282,5.5,-2.141781833972));
#4741 = CARTESIAN_POINT('',(10.684643024985,5.5,-1.427781832295));
#4742 = CARTESIAN_POINT('',(10.685266107686,5.5,-0.713781832261));
#4743 = CARTESIAN_POINT('',(10.701364383501,5.5,17.733478717561));
#4744 = CARTESIAN_POINT('',(10.716839576672,5.5,35.466739333106));
#4745 = CARTESIAN_POINT('',(10.732314769891,5.5,53.200000003073));
#4746 = CARTESIAN_POINT('',(10.684019942282,5.,-2.141781833972));
#4747 = CARTESIAN_POINT('',(10.684643024985,5.,-1.427781832295));
#4748 = CARTESIAN_POINT('',(10.685266107686,5.,-0.713781832261));
#4749 = CARTESIAN_POINT('',(10.701364383501,5.,17.733478717561));
#4750 = CARTESIAN_POINT('',(10.716839576672,5.,35.466739333106));
#4751 = CARTESIAN_POINT('',(10.732314769891,5.,53.200000003073));
#4752 = CARTESIAN_POINT('',(11.184019751897,5.,-2.14221816623));
#4753 = CARTESIAN_POINT('',(11.184642834599,5.,-1.428218164552));
#4754 = CARTESIAN_POINT('',(11.1852659173,5.,-0.714218164519));
#4755 = CARTESIAN_POINT('',(11.201364193115,5.,17.733042385304));
#4756 = CARTESIAN_POINT('',(11.216839386286,5.,35.466303000848));
#4757 = CARTESIAN_POINT('',(11.232314579505,5.,53.199563670815));
#4758 = ADVANCED_FACE('',(#4759),#4782,.T.);
#4759 = FACE_BOUND('',#4760,.T.);
#4760 = EDGE_LOOP('',(#4761,#4762,#4763,#4771));
#4761 = ORIENTED_EDGE('',*,*,#722,.T.);
#4762 = ORIENTED_EDGE('',*,*,#4630,.T.);
#4763 = ORIENTED_EDGE('',*,*,#4764,.F.);
#4764 = EDGE_CURVE('',#4765,#4631,#4767,.T.);
#4765 = VERTEX_POINT('',#4766);
#4766 = CARTESIAN_POINT('',(12.635274248458,6.400614561156,58.));
#4767 = LINE('',#4768,#4769);
#4768 = CARTESIAN_POINT('',(12.185889,6.400614561156,58.));
#4769 = VECTOR('',#4770,1.);
#4770 = DIRECTION('',(1.,0.,0.));
#4771 = ORIENTED_EDGE('',*,*,#4772,.F.);
#4772 = EDGE_CURVE('',#696,#4765,#4773,.T.);
#4773 = B_SPLINE_CURVE_WITH_KNOTS('',3,(#4774,#4775,#4776,#4777,#4778,
    #4779,#4780,#4781),.UNSPECIFIED.,.F.,.F.,(4,2,2,4),(-3.195078764783,
    -4.363319254139E-04,57.999607837606,61.194250270464),.UNSPECIFIED.);
#4774 = CARTESIAN_POINT('',(12.688676659643,6.347212149972,-3.19464));
#4775 = CARTESIAN_POINT('',(12.6877473763,6.348141433314,-2.12976));
#4776 = CARTESIAN_POINT('',(12.686818092957,6.349070716657,-1.06488));
#4777 = CARTESIAN_POINT('',(12.669017289229,6.366871520385,
    19.333333333333));
#4778 = CARTESIAN_POINT('',(12.652145768843,6.383743040771,
    38.666666666667));
#4779 = CARTESIAN_POINT('',(12.634344965115,6.401543844499,59.06488));
#4780 = CARTESIAN_POINT('',(12.633415681772,6.402473127842,60.12976));
#4781 = CARTESIAN_POINT('',(12.632486398429,6.403402411185,61.19464));
#4782 = B_SPLINE_SURFACE_WITH_KNOTS('',1,1,(
    (#4783,#4784)
    ,(#4785,#4786
    )),.UNSPECIFIED.,.F.,.F.,.F.,(2,2),(2,2),(-5.061456115623E-02,
    6.500614561156),(0.,1.),.PIECEWISE_BEZIER_KNOTS.);
#4783 = CARTESIAN_POINT('',(12.185889,6.35,0.));
#4784 = CARTESIAN_POINT('',(12.135274438844,6.400614561156,58.));
#4785 = CARTESIAN_POINT('',(18.635889,6.35,0.));
#4786 = CARTESIAN_POINT('',(18.686503561156,6.400614561156,58.));
#4787 = ADVANCED_FACE('',(#4788),#4823,.F.);
#4788 = FACE_BOUND('',#4789,.F.);
#4789 = EDGE_LOOP('',(#4790,#4791,#4798,#4806,#4813,#4822));
#4790 = ORIENTED_EDGE('',*,*,#4704,.T.);
#4791 = ORIENTED_EDGE('',*,*,#4792,.T.);
#4792 = EDGE_CURVE('',#4705,#4793,#4795,.T.);
#4793 = VERTEX_POINT('',#4794);
#4794 = CARTESIAN_POINT('',(11.216868792473,5.,35.));
#4795 = B_SPLINE_CURVE_WITH_KNOTS('',1,(#4796,#4797),.UNSPECIFIED.,.F.,
  .F.,(2,2),(0.,1.),.PIECEWISE_BEZIER_KNOTS.);
#4796 = CARTESIAN_POINT('',(11.215996127958,5.,35.000000761544));
#4797 = CARTESIAN_POINT('',(11.216868792473,5.,35.));
#4798 = ORIENTED_EDGE('',*,*,#4799,.T.);
#4799 = EDGE_CURVE('',#4793,#4800,#4802,.T.);
#4800 = VERTEX_POINT('',#4801);
#4801 = CARTESIAN_POINT('',(11.654909207527,5.,35.));
#4802 = LINE('',#4803,#4804);
#4803 = CARTESIAN_POINT('',(-15.,5.,35.));
#4804 = VECTOR('',#4805,1.);
#4805 = DIRECTION('',(1.,0.,0.));
#4806 = ORIENTED_EDGE('',*,*,#4807,.F.);
#4807 = EDGE_CURVE('',#4808,#4800,#4810,.T.);
#4808 = VERTEX_POINT('',#4809);
#4809 = CARTESIAN_POINT('',(11.655345539785,5.,35.000000190386));
#4810 = B_SPLINE_CURVE_WITH_KNOTS('',1,(#4811,#4812),.UNSPECIFIED.,.F.,
  .F.,(2,2),(0.,1.),.PIECEWISE_BEZIER_KNOTS.);
#4811 = CARTESIAN_POINT('',(11.655781872042,5.,35.000000761544));
#4812 = CARTESIAN_POINT('',(11.654909207527,5.,35.));
#4813 = ORIENTED_EDGE('',*,*,#4814,.F.);
#4814 = EDGE_CURVE('',#653,#4808,#4815,.T.);
#4815 = B_SPLINE_CURVE_WITH_KNOTS('',3,(#4816,#4817,#4818,#4819,#4820,
    #4821),.UNSPECIFIED.,.F.,.F.,(4,2,4),(-2.14178264978,
    2.181659349176E-04,53.200020199705),.UNSPECIFIED.);
#4816 = CARTESIAN_POINT('',(11.687758248103,5.,-2.14221816623));
#4817 = CARTESIAN_POINT('',(11.687135165401,5.,-1.428218164552));
#4818 = CARTESIAN_POINT('',(11.6865120827,5.,-0.714218164519));
#4819 = CARTESIAN_POINT('',(11.670413806885,5.,17.733042385304));
#4820 = CARTESIAN_POINT('',(11.654938613714,5.,35.466303000849));
#4821 = CARTESIAN_POINT('',(11.639463420495,5.,53.199563670815));
#4822 = ORIENTED_EDGE('',*,*,#652,.F.);
#4823 = PLANE('',#4824);
#4824 = AXIS2_PLACEMENT_3D('',#4825,#4826,#4827);
#4825 = CARTESIAN_POINT('',(-15.,5.,0.));
#4826 = DIRECTION('',(0.,1.,0.));
#4827 = DIRECTION('',(1.,0.,0.));
#4828 = ADVANCED_FACE('',(#4829),#4869,.T.);
#4829 = FACE_BOUND('',#4830,.T.);
#4830 = EDGE_LOOP('',(#4831,#4832,#4833,#4868));
#4831 = ORIENTED_EDGE('',*,*,#695,.T.);
#4832 = ORIENTED_EDGE('',*,*,#4772,.T.);
#4833 = ORIENTED_EDGE('',*,*,#4834,.F.);
#4834 = EDGE_CURVE('',#4217,#4765,#4835,.T.);
#4835 = B_SPLINE_CURVE_WITH_KNOTS('',7,(#4836,#4837,#4838,#4839,#4840,
    #4841,#4842,#4843,#4844,#4845,#4846,#4847,#4848,#4849,#4850,#4851,
    #4852,#4853,#4854,#4855,#4856,#4857,#4858,#4859,#4860,#4861,#4862,
    #4863,#4864,#4865,#4866,#4867),.UNSPECIFIED.,.F.,.F.,(8,6,6,6,6,8),(
    0.,0.130541164742,0.404150414755,0.627753555287,0.81013890477,1.),
  .UNSPECIFIED.);
#4836 = CARTESIAN_POINT('',(12.135711152013,5.900178038372,
    57.499563697399));
#4837 = CARTESIAN_POINT('',(12.135699645459,5.913375233717,
    57.512749253875));
#4838 = CARTESIAN_POINT('',(12.136093670311,5.926740517094,
    57.526103479493));
#4839 = CARTESIAN_POINT('',(12.136911845542,5.940255277146,
    57.539606847997));
#4840 = CARTESIAN_POINT('',(12.138171783615,5.95389844384,
    57.553239477469));
#4841 = CARTESIAN_POINT('',(12.13988965942,5.967646548998,
    57.566976972531));
#4842 = CARTESIAN_POINT('',(12.142079714556,5.98147379891,
    57.580794103885));
#4843 = CARTESIAN_POINT('',(12.150358600362,6.024441414368,
    57.623731480429));
#4844 = CARTESIAN_POINT('',(12.158089877225,6.053755932438,
    57.653027185887));
#4845 = CARTESIAN_POINT('',(12.168056345622,6.083040448808,
    57.682294866377));
#4846 = CARTESIAN_POINT('',(12.180322330112,6.111999322925,
    57.71123919525));
#4847 = CARTESIAN_POINT('',(12.194885088927,6.140311661121,
    57.739539556232));
#4848 = CARTESIAN_POINT('',(12.211666315276,6.167654682835,
    57.766873381862));
#4849 = CARTESIAN_POINT('',(12.245923939637,6.215049794593,
    57.81425706509));
#4850 = CARTESIAN_POINT('',(12.262712762957,6.235520982257,
    57.834725054873));
#4851 = CARTESIAN_POINT('',(12.280803746037,6.254989142931,
    57.854192028559));
#4852 = CARTESIAN_POINT('',(12.300085265198,6.273306342009,
    57.872510083114));
#4853 = CARTESIAN_POINT('',(12.320418728582,6.29034768104,
    57.889554308044));
#4854 = CARTESIAN_POINT('',(12.341646290473,6.306017931026,
    57.905229419634));
#4855 = CARTESIAN_POINT('',(12.381510823028,6.331865541907,
    57.931089282275));
#4856 = CARTESIAN_POINT('',(12.399904064127,6.342523065248,
    57.941753564421));
#4857 = CARTESIAN_POINT('',(12.418691689679,6.352191588582,
    57.951430053038));
#4858 = CARTESIAN_POINT('',(12.437780079729,6.360851259062,
    57.960098830889));
#4859 = CARTESIAN_POINT('',(12.457075429718,6.368496225373,
    57.967753969902));
#4860 = CARTESIAN_POINT('',(12.476486981469,6.375133690928,
    57.974402588008));
#4861 = CARTESIAN_POINT('',(12.516170482153,6.386663799895,
    57.985957274232));
#4862 = CARTESIAN_POINT('',(12.536445139618,6.391473687621,
    57.990780661181));
#4863 = CARTESIAN_POINT('',(12.556658243686,6.395233921204,
    57.994555255469));
#4864 = CARTESIAN_POINT('',(12.576721534881,6.397979326529,
    57.997315775596));
#4865 = CARTESIAN_POINT('',(12.596555832427,6.399755250372,
    57.999107459699));
#4866 = CARTESIAN_POINT('',(12.616092389523,6.400614546368,
    57.999983055339));
#4867 = CARTESIAN_POINT('',(12.635274248624,6.40061456099,
    57.999999809282));
#4868 = ORIENTED_EDGE('',*,*,#4216,.F.);
#4869 = ( BOUNDED_SURFACE() B_SPLINE_SURFACE(2,3,(
    (#4870,#4871,#4872,#4873,#4874,#4875,#4876,#4877)
    ,(#4878,#4879,#4880,#4881,#4882,#4883,#4884,#4885)
    ,(#4886,#4887,#4888,#4889,#4890,#4891,#4892,#4893
)),.UNSPECIFIED.,.F.,.F.,.F.) B_SPLINE_SURFACE_WITH_KNOTS((3,3),(4,2,2,4
    ),(0.,58.000044169531),(-3.195078764783,-4.363319254139E-04,
    57.999607837606,61.194250270464),.UNSPECIFIED.) 
GEOMETRIC_REPRESENTATION_ITEM() RATIONAL_B_SPLINE_SURFACE((
    (1.,1.,1.,1.,1.,1.,1.,1.)
    ,(0.707107050433,0.707107050433,0.707107050433,0.707107050433
      ,0.707107050433,0.707107050433,0.707107050433,0.707107050433)
,(1.,1.,1.,1.,1.,1.,1.,1.))) REPRESENTATION_ITEM('') SURFACE() );
#4870 = CARTESIAN_POINT('',(12.188676850028,5.847212340357,-3.19464));
#4871 = CARTESIAN_POINT('',(12.187747566686,5.8481416237,-2.12976));
#4872 = CARTESIAN_POINT('',(12.186818283343,5.849070907043,-1.06488));
#4873 = CARTESIAN_POINT('',(12.169017479615,5.866871710771,
    19.333333333333));
#4874 = CARTESIAN_POINT('',(12.152145959229,5.883743231157,
    38.666666666667));
#4875 = CARTESIAN_POINT('',(12.134345155501,5.901544034885,59.06488));
#4876 = CARTESIAN_POINT('',(12.133415872158,5.902473318228,60.12976));
#4877 = CARTESIAN_POINT('',(12.132486588815,5.903402601571,61.19464));
#4878 = CARTESIAN_POINT('',(12.1886772308,6.3472117692,-3.195076331593)
  );
#4879 = CARTESIAN_POINT('',(12.187747947457,6.348141052543,
    -2.130196331593));
#4880 = CARTESIAN_POINT('',(12.186818664114,6.349070335886,
    -1.065316331593));
#4881 = CARTESIAN_POINT('',(12.169017860386,6.366871139614,
    19.33289700174));
#4882 = CARTESIAN_POINT('',(12.15214634,6.38374266,38.666230335074));
#4883 = CARTESIAN_POINT('',(12.134345536272,6.401543463728,
    59.064443668407));
#4884 = CARTESIAN_POINT('',(12.133416252929,6.402472747071,
    60.129323668407));
#4885 = CARTESIAN_POINT('',(12.132486969587,6.403402030413,
    61.194203668407));
#4886 = CARTESIAN_POINT('',(12.688676659643,6.347212149972,-3.19464));
#4887 = CARTESIAN_POINT('',(12.6877473763,6.348141433314,-2.12976));
#4888 = CARTESIAN_POINT('',(12.686818092957,6.349070716657,-1.06488));
#4889 = CARTESIAN_POINT('',(12.669017289229,6.366871520385,
    19.333333333333));
#4890 = CARTESIAN_POINT('',(12.652145768843,6.383743040771,
    38.666666666667));
#4891 = CARTESIAN_POINT('',(12.634344965115,6.401543844499,59.06488));
#4892 = CARTESIAN_POINT('',(12.633415681772,6.402473127842,60.12976));
#4893 = CARTESIAN_POINT('',(12.632486398429,6.403402411185,61.19464));
#4894 = ADVANCED_FACE('',(#4895),#4925,.F.);
#4895 = FACE_BOUND('',#4896,.F.);
#4896 = EDGE_LOOP('',(#4897,#4898,#4899,#4900));
#4897 = ORIENTED_EDGE('',*,*,#4204,.F.);
#4898 = ORIENTED_EDGE('',*,*,#660,.T.);
#4899 = ORIENTED_EDGE('',*,*,#4814,.T.);
#4900 = ORIENTED_EDGE('',*,*,#4901,.F.);
#4901 = EDGE_CURVE('',#4205,#4808,#4902,.T.);
#4902 = B_SPLINE_CURVE_WITH_KNOTS('',6,(#4903,#4904,#4905,#4906,#4907,
    #4908,#4909,#4910,#4911,#4912,#4913,#4914,#4915,#4916,#4917,#4918,
    #4919,#4920,#4921,#4922,#4923,#4924),.UNSPECIFIED.,.F.,.F.,(7,5,5,5,
    7),(0.,0.13050004773,0.472517681867,0.720910931801,1.),
  .UNSPECIFIED.);
#4903 = CARTESIAN_POINT('',(12.154909017141,5.5,35.500436332258));
#4904 = CARTESIAN_POINT('',(12.154922206377,5.484621796212,
    35.485058134124));
#4905 = CARTESIAN_POINT('',(12.154368737141,5.469008452766,
    35.46944430174));
#4906 = CARTESIAN_POINT('',(12.153214716839,5.453192825072,
    35.453627660951));
#4907 = CARTESIAN_POINT('',(12.151430394024,5.437213095795,
    35.437646368473));
#4908 = CARTESIAN_POINT('',(12.14899015839,5.421112774853,
    35.421543911892));
#4909 = CARTESIAN_POINT('',(12.137701814257,5.362556538833,
    35.362977802635));
#4910 = CARTESIAN_POINT('',(12.124879344965,5.319679638009,
    35.320089695767));
#4911 = CARTESIAN_POINT('',(12.107035121594,5.277179540763,
    35.277574010311));
#4912 = CARTESIAN_POINT('',(12.084045768115,5.236164686107,
    35.236539078037));
#4913 = CARTESIAN_POINT('',(12.056294544135,5.197793440767,
    35.198143600569));
#4914 = CARTESIAN_POINT('',(12.001423692345,5.137616821462,
    35.137919074486));
#4915 = CARTESIAN_POINT('',(11.97621062858,5.114152429751,
    35.114432671287));
#4916 = CARTESIAN_POINT('',(11.949146506175,5.092875108789,
    35.093131724314));
#4917 = CARTESIAN_POINT('',(11.920604967033,5.074046104159,
    35.074277805317));
#4918 = CARTESIAN_POINT('',(11.891008340502,5.057800170977,
    35.058006038014));
#4919 = CARTESIAN_POINT('',(11.826780704635,5.028839891292,
    35.028989698102));
#4920 = CARTESIAN_POINT('',(11.791979644291,5.016809902499,
    35.016929335065));
#4921 = CARTESIAN_POINT('',(11.756937704809,5.00810983203,
    35.008198681415));
#4922 = CARTESIAN_POINT('',(11.722212960221,5.00259746803,
    35.002656012252));
#4923 = CARTESIAN_POINT('',(11.6882425554,5.,35.000028898455));
#4924 = CARTESIAN_POINT('',(11.655345539785,5.,35.000000190386));
#4925 = ( BOUNDED_SURFACE() B_SPLINE_SURFACE(2,3,(
    (#4926,#4927,#4928,#4929,#4930,#4931)
    ,(#4932,#4933,#4934,#4935,#4936,#4937)
    ,(#4938,#4939,#4940,#4941,#4942,#4943
)),.UNSPECIFIED.,.F.,.F.,.F.) B_SPLINE_SURFACE_WITH_KNOTS((3,3),(4,2,4),
  (0.,53.19980203377),(-2.14178264978,2.181659349176E-04,53.200020199705
),.UNSPECIFIED.) GEOMETRIC_REPRESENTATION_ITEM() 
RATIONAL_B_SPLINE_SURFACE((
    (1.,1.,1.,1.,1.,1.)
    ,(0.707106781187,0.707106781187,0.707106781187,0.707106781187
      ,0.707106781187,0.707106781187)
,(1.,1.,1.,1.,1.,1.))) REPRESENTATION_ITEM('') SURFACE() );
#4926 = CARTESIAN_POINT('',(12.187758057718,5.5,-2.141781833972));
#4927 = CARTESIAN_POINT('',(12.187134975015,5.5,-1.427781832295));
#4928 = CARTESIAN_POINT('',(12.186511892314,5.5,-0.713781832261));
#4929 = CARTESIAN_POINT('',(12.170413616499,5.5,17.733478717561));
#4930 = CARTESIAN_POINT('',(12.154938423328,5.5,35.466739333106));
#4931 = CARTESIAN_POINT('',(12.139463230109,5.5,53.200000003073));
#4932 = CARTESIAN_POINT('',(12.187758057718,5.,-2.141781833972));
#4933 = CARTESIAN_POINT('',(12.187134975015,5.,-1.427781832295));
#4934 = CARTESIAN_POINT('',(12.186511892314,5.,-0.713781832261));
#4935 = CARTESIAN_POINT('',(12.170413616499,5.,17.733478717561));
#4936 = CARTESIAN_POINT('',(12.154938423328,5.,35.466739333106));
#4937 = CARTESIAN_POINT('',(12.139463230109,5.,53.200000003073));
#4938 = CARTESIAN_POINT('',(11.687758248103,5.,-2.14221816623));
#4939 = CARTESIAN_POINT('',(11.687135165401,5.,-1.428218164552));
#4940 = CARTESIAN_POINT('',(11.6865120827,5.,-0.714218164519));
#4941 = CARTESIAN_POINT('',(11.670413806885,5.,17.733042385304));
#4942 = CARTESIAN_POINT('',(11.654938613714,5.,35.466303000849));
#4943 = CARTESIAN_POINT('',(11.639463420495,5.,53.199563670815));
#4944 = ADVANCED_FACE('',(#4945),#4956,.T.);
#4945 = FACE_BOUND('',#4946,.F.);
#4946 = EDGE_LOOP('',(#4947,#4948,#4949));
#4947 = ORIENTED_EDGE('',*,*,#1323,.F.);
#4948 = ORIENTED_EDGE('',*,*,#1373,.T.);
#4949 = ORIENTED_EDGE('',*,*,#4950,.F.);
#4950 = EDGE_CURVE('',#1324,#1366,#4951,.T.);
#4951 = CIRCLE('',#4952,1.);
#4952 = AXIS2_PLACEMENT_3D('',#4953,#4954,#4955);
#4953 = CARTESIAN_POINT('',(19.635888930252,-7.,1.));
#4954 = DIRECTION('',(0.,0.,-1.));
#4955 = DIRECTION('',(1.,0.,0.));
#4956 = SPHERICAL_SURFACE('',#4957,1.);
#4957 = AXIS2_PLACEMENT_3D('',#4958,#4959,#4960);
#4958 = CARTESIAN_POINT('',(19.635888930252,-7.,1.));
#4959 = DIRECTION('',(0.,0.,1.));
#4960 = DIRECTION('',(1.,0.,0.));
#4961 = ADVANCED_FACE('',(#4962),#4987,.F.);
#4962 = FACE_BOUND('',#4963,.F.);
#4963 = EDGE_LOOP('',(#4964,#4974,#4980,#4981));
#4964 = ORIENTED_EDGE('',*,*,#4965,.T.);
#4965 = EDGE_CURVE('',#4966,#4968,#4970,.T.);
#4966 = VERTEX_POINT('',#4967);
#4967 = CARTESIAN_POINT('',(20.635888930252,-7.,59.));
#4968 = VERTEX_POINT('',#4969);
#4969 = CARTESIAN_POINT('',(20.635888930252,7.,59.));
#4970 = LINE('',#4971,#4972);
#4971 = CARTESIAN_POINT('',(20.635888930252,-8.,59.));
#4972 = VECTOR('',#4973,1.);
#4973 = DIRECTION('',(0.,1.,0.));
#4974 = ORIENTED_EDGE('',*,*,#4975,.F.);
#4975 = EDGE_CURVE('',#1333,#4968,#4976,.T.);
#4976 = LINE('',#4977,#4978);
#4977 = CARTESIAN_POINT('',(20.635888930252,7.,0.));
#4978 = VECTOR('',#4979,1.);
#4979 = DIRECTION('',(0.,0.,1.));
#4980 = ORIENTED_EDGE('',*,*,#1332,.F.);
#4981 = ORIENTED_EDGE('',*,*,#4982,.T.);
#4982 = EDGE_CURVE('',#1324,#4966,#4983,.T.);
#4983 = LINE('',#4984,#4985);
#4984 = CARTESIAN_POINT('',(20.635888930252,-7.,0.));
#4985 = VECTOR('',#4986,1.);
#4986 = DIRECTION('',(0.,0.,1.));
#4987 = PLANE('',#4988);
#4988 = AXIS2_PLACEMENT_3D('',#4989,#4990,#4991);
#4989 = CARTESIAN_POINT('',(20.635888930252,-8.,0.));
#4990 = DIRECTION('',(-1.,0.,0.));
#4991 = DIRECTION('',(0.,1.,0.));
#4992 = ADVANCED_FACE('',(#4993),#5004,.T.);
#4993 = FACE_BOUND('',#4994,.T.);
#4994 = EDGE_LOOP('',(#4995,#4996,#4997));
#4995 = ORIENTED_EDGE('',*,*,#1340,.F.);
#4996 = ORIENTED_EDGE('',*,*,#1389,.T.);
#4997 = ORIENTED_EDGE('',*,*,#4998,.F.);
#4998 = EDGE_CURVE('',#1333,#1390,#4999,.T.);
#4999 = CIRCLE('',#5000,1.);
#5000 = AXIS2_PLACEMENT_3D('',#5001,#5002,#5003);
#5001 = CARTESIAN_POINT('',(19.635888930252,7.,1.));
#5002 = DIRECTION('',(0.,0.,1.));
#5003 = DIRECTION('',(1.,0.,0.));
#5004 = SPHERICAL_SURFACE('',#5005,1.);
#5005 = AXIS2_PLACEMENT_3D('',#5006,#5007,#5008);
#5006 = CARTESIAN_POINT('',(19.635888930252,7.,1.));
#5007 = DIRECTION('',(0.,0.,1.));
#5008 = DIRECTION('',(1.,0.,0.));
#5009 = ADVANCED_FACE('',(#5010),#5021,.T.);
#5010 = FACE_BOUND('',#5011,.F.);
#5011 = EDGE_LOOP('',(#5012,#5013,#5014));
#5012 = ORIENTED_EDGE('',*,*,#1356,.F.);
#5013 = ORIENTED_EDGE('',*,*,#1439,.T.);
#5014 = ORIENTED_EDGE('',*,*,#5015,.F.);
#5015 = EDGE_CURVE('',#1357,#1432,#5016,.T.);
#5016 = CIRCLE('',#5017,1.);
#5017 = AXIS2_PLACEMENT_3D('',#5018,#5019,#5020);
#5018 = CARTESIAN_POINT('',(-20.61411106974,-7.,1.));
#5019 = DIRECTION('',(-0.,-0.,-1.));
#5020 = DIRECTION('',(0.,-1.,0.));
#5021 = SPHERICAL_SURFACE('',#5022,1.);
#5022 = AXIS2_PLACEMENT_3D('',#5023,#5024,#5025);
#5023 = CARTESIAN_POINT('',(-20.61411106974,-7.,1.));
#5024 = DIRECTION('',(0.,0.,1.));
#5025 = DIRECTION('',(0.,-1.,0.));
#5026 = ADVANCED_FACE('',(#5027),#5052,.F.);
#5027 = FACE_BOUND('',#5028,.F.);
#5028 = EDGE_LOOP('',(#5029,#5039,#5045,#5046));
#5029 = ORIENTED_EDGE('',*,*,#5030,.T.);
#5030 = EDGE_CURVE('',#5031,#5033,#5035,.T.);
#5031 = VERTEX_POINT('',#5032);
#5032 = CARTESIAN_POINT('',(-20.61411106974,-8.,59.));
#5033 = VERTEX_POINT('',#5034);
#5034 = CARTESIAN_POINT('',(19.635888930252,-8.,59.));
#5035 = LINE('',#5036,#5037);
#5036 = CARTESIAN_POINT('',(-21.61411106974,-8.,59.));
#5037 = VECTOR('',#5038,1.);
#5038 = DIRECTION('',(1.,0.,0.));
#5039 = ORIENTED_EDGE('',*,*,#5040,.F.);
#5040 = EDGE_CURVE('',#1366,#5033,#5041,.T.);
#5041 = LINE('',#5042,#5043);
#5042 = CARTESIAN_POINT('',(19.635888930252,-8.,0.));
#5043 = VECTOR('',#5044,1.);
#5044 = DIRECTION('',(0.,0.,1.));
#5045 = ORIENTED_EDGE('',*,*,#1365,.F.);
#5046 = ORIENTED_EDGE('',*,*,#5047,.T.);
#5047 = EDGE_CURVE('',#1357,#5031,#5048,.T.);
#5048 = LINE('',#5049,#5050);
#5049 = CARTESIAN_POINT('',(-20.61411106974,-8.,0.));
#5050 = VECTOR('',#5051,1.);
#5051 = DIRECTION('',(0.,0.,1.));
#5052 = PLANE('',#5053);
#5053 = AXIS2_PLACEMENT_3D('',#5054,#5055,#5056);
#5054 = CARTESIAN_POINT('',(-21.61411106974,-8.,0.));
#5055 = DIRECTION('',(0.,1.,0.));
#5056 = DIRECTION('',(1.,0.,0.));
#5057 = ADVANCED_FACE('',(#5058),#5083,.F.);
#5058 = FACE_BOUND('',#5059,.F.);
#5059 = EDGE_LOOP('',(#5060,#5070,#5076,#5077));
#5060 = ORIENTED_EDGE('',*,*,#5061,.T.);
#5061 = EDGE_CURVE('',#5062,#5064,#5066,.T.);
#5062 = VERTEX_POINT('',#5063);
#5063 = CARTESIAN_POINT('',(19.635888930252,8.,59.));
#5064 = VERTEX_POINT('',#5065);
#5065 = CARTESIAN_POINT('',(-20.61411106974,8.,59.));
#5066 = LINE('',#5067,#5068);
#5067 = CARTESIAN_POINT('',(20.635888930252,8.,59.));
#5068 = VECTOR('',#5069,1.);
#5069 = DIRECTION('',(-1.,0.,0.));
#5070 = ORIENTED_EDGE('',*,*,#5071,.F.);
#5071 = EDGE_CURVE('',#1399,#5064,#5072,.T.);
#5072 = LINE('',#5073,#5074);
#5073 = CARTESIAN_POINT('',(-20.61411106974,8.,0.));
#5074 = VECTOR('',#5075,1.);
#5075 = DIRECTION('',(0.,0.,1.));
#5076 = ORIENTED_EDGE('',*,*,#1398,.F.);
#5077 = ORIENTED_EDGE('',*,*,#5078,.T.);
#5078 = EDGE_CURVE('',#1390,#5062,#5079,.T.);
#5079 = LINE('',#5080,#5081);
#5080 = CARTESIAN_POINT('',(19.635888930252,8.,0.));
#5081 = VECTOR('',#5082,1.);
#5082 = DIRECTION('',(0.,0.,1.));
#5083 = PLANE('',#5084);
#5084 = AXIS2_PLACEMENT_3D('',#5085,#5086,#5087);
#5085 = CARTESIAN_POINT('',(20.635888930252,8.,0.));
#5086 = DIRECTION('',(0.,-1.,0.));
#5087 = DIRECTION('',(-1.,0.,0.));
#5088 = ADVANCED_FACE('',(#5089),#5100,.T.);
#5089 = FACE_BOUND('',#5090,.T.);
#5090 = EDGE_LOOP('',(#5091,#5092,#5093));
#5091 = ORIENTED_EDGE('',*,*,#1406,.F.);
#5092 = ORIENTED_EDGE('',*,*,#1422,.T.);
#5093 = ORIENTED_EDGE('',*,*,#5094,.F.);
#5094 = EDGE_CURVE('',#1399,#1423,#5095,.T.);
#5095 = CIRCLE('',#5096,1.);
#5096 = AXIS2_PLACEMENT_3D('',#5097,#5098,#5099);
#5097 = CARTESIAN_POINT('',(-20.61411106974,7.,1.));
#5098 = DIRECTION('',(0.,-0.,1.));
#5099 = DIRECTION('',(0.,1.,0.));
#5100 = SPHERICAL_SURFACE('',#5101,1.);
#5101 = AXIS2_PLACEMENT_3D('',#5102,#5103,#5104);
#5102 = CARTESIAN_POINT('',(-20.61411106974,7.,1.));
#5103 = DIRECTION('',(0.,0.,1.));
#5104 = DIRECTION('',(0.,1.,0.));
#5105 = ADVANCED_FACE('',(#5106),#5131,.F.);
#5106 = FACE_BOUND('',#5107,.F.);
#5107 = EDGE_LOOP('',(#5108,#5118,#5124,#5125));
#5108 = ORIENTED_EDGE('',*,*,#5109,.T.);
#5109 = EDGE_CURVE('',#5110,#5112,#5114,.T.);
#5110 = VERTEX_POINT('',#5111);
#5111 = CARTESIAN_POINT('',(-21.61411106974,7.,59.));
#5112 = VERTEX_POINT('',#5113);
#5113 = CARTESIAN_POINT('',(-21.61411106974,-7.,59.));
#5114 = LINE('',#5115,#5116);
#5115 = CARTESIAN_POINT('',(-21.61411106974,8.,59.));
#5116 = VECTOR('',#5117,1.);
#5117 = DIRECTION('',(0.,-1.,0.));
#5118 = ORIENTED_EDGE('',*,*,#5119,.F.);
#5119 = EDGE_CURVE('',#1432,#5112,#5120,.T.);
#5120 = LINE('',#5121,#5122);
#5121 = CARTESIAN_POINT('',(-21.61411106974,-7.,0.));
#5122 = VECTOR('',#5123,1.);
#5123 = DIRECTION('',(0.,0.,1.));
#5124 = ORIENTED_EDGE('',*,*,#1431,.F.);
#5125 = ORIENTED_EDGE('',*,*,#5126,.T.);
#5126 = EDGE_CURVE('',#1423,#5110,#5127,.T.);
#5127 = LINE('',#5128,#5129);
#5128 = CARTESIAN_POINT('',(-21.61411106974,7.,0.));
#5129 = VECTOR('',#5130,1.);
#5130 = DIRECTION('',(0.,0.,1.));
#5131 = PLANE('',#5132);
#5132 = AXIS2_PLACEMENT_3D('',#5133,#5134,#5135);
#5133 = CARTESIAN_POINT('',(-21.61411106974,8.,0.));
#5134 = DIRECTION('',(1.,0.,0.));
#5135 = DIRECTION('',(0.,-1.,0.));
#5136 = ADVANCED_FACE('',(#5137),#5151,.F.);
#5137 = FACE_BOUND('',#5138,.F.);
#5138 = EDGE_LOOP('',(#5139,#5140,#5141,#5148,#5149,#5150));
#5139 = ORIENTED_EDGE('',*,*,#1541,.T.);
#5140 = ORIENTED_EDGE('',*,*,#1687,.T.);
#5141 = ORIENTED_EDGE('',*,*,#5142,.T.);
#5142 = EDGE_CURVE('',#1680,#2513,#5143,.T.);
#5143 = ( BOUNDED_CURVE() B_SPLINE_CURVE(3,(#5144,#5145,#5146,#5147),
.UNSPECIFIED.,.F.,.F.) B_SPLINE_CURVE_WITH_KNOTS((4,4),(-0.380980173718,
11.380980171429),.PIECEWISE_BEZIER_KNOTS.) CURVE() 
GEOMETRIC_REPRESENTATION_ITEM() RATIONAL_B_SPLINE_CURVE((1.,1.,1.,1.)) 
REPRESENTATION_ITEM('') );
#5144 = CARTESIAN_POINT('',(-12.63313120752,-5.880980173356,35.));
#5145 = CARTESIAN_POINT('',(-12.63313120752,-1.960326724118,35.));
#5146 = CARTESIAN_POINT('',(-12.63313120752,1.960326701334,35.));
#5147 = CARTESIAN_POINT('',(-12.63313120752,5.880980173358,35.));
#5148 = ORIENTED_EDGE('',*,*,#2512,.F.);
#5149 = ORIENTED_EDGE('',*,*,#2423,.F.);
#5150 = ORIENTED_EDGE('',*,*,#1513,.F.);
#5151 = ( BOUNDED_SURFACE() B_SPLINE_SURFACE(2,3,(
    (#5152,#5153,#5154,#5155)
    ,(#5156,#5157,#5158,#5159)
    ,(#5160,#5161,#5162,#5163
)),.UNSPECIFIED.,.F.,.F.,.F.) B_SPLINE_SURFACE_WITH_KNOTS((3,3),(4,4),(
    0.,11.761960345147),(-0.380980173718,11.380980171429),
.PIECEWISE_BEZIER_KNOTS.) GEOMETRIC_REPRESENTATION_ITEM() 
RATIONAL_B_SPLINE_SURFACE((
    (1.,1.,1.,1.)
    ,(0.706798180347,0.706798180347,0.706798180347,0.706798180347)
,(1.,1.,1.,1.))) REPRESENTATION_ITEM('') SURFACE() );
#5152 = CARTESIAN_POINT('',(-13.13313101714,-5.880980173357,
    35.500436332258));
#5153 = CARTESIAN_POINT('',(-13.13313101714,-1.96032672411,
    35.500436332258));
#5154 = CARTESIAN_POINT('',(-13.13313101714,1.960326701326,
    35.500436332258));
#5155 = CARTESIAN_POINT('',(-13.13313101714,5.880980173357,
    35.500436332258));
#5156 = CARTESIAN_POINT('',(-13.13356773033,-5.880980173357,35.));
#5157 = CARTESIAN_POINT('',(-13.13356773033,-1.96032672411,35.));
#5158 = CARTESIAN_POINT('',(-13.13356773033,1.960326701327,35.));
#5159 = CARTESIAN_POINT('',(-13.13356773033,5.880980173357,35.));
#5160 = CARTESIAN_POINT('',(-12.63313120752,-5.880980173356,35.));
#5161 = CARTESIAN_POINT('',(-12.63313120752,-1.960326724118,35.));
#5162 = CARTESIAN_POINT('',(-12.63313120752,1.960326701334,35.));
#5163 = CARTESIAN_POINT('',(-12.63313120752,5.880980173358,35.));
#5164 = ADVANCED_FACE('',(#5165),#5178,.F.);
#5165 = FACE_BOUND('',#5166,.F.);
#5166 = EDGE_LOOP('',(#5167,#5168,#5176,#5177));
#5167 = ORIENTED_EDGE('',*,*,#2230,.T.);
#5168 = ORIENTED_EDGE('',*,*,#5169,.T.);
#5169 = EDGE_CURVE('',#2128,#1590,#5170,.T.);
#5170 = B_SPLINE_CURVE_WITH_KNOTS('',2,(#5171,#5172,#5173,#5174,#5175),
  .UNSPECIFIED.,.F.,.F.,(3,1,1,3),(-1.456380065497,2.183565979853E-04,
    12.801010765715,14.25760918781),.UNSPECIFIED.);
#5171 = CARTESIAN_POINT('',(-13.61393296165,7.856994626654,58.));
#5172 = CARTESIAN_POINT('',(-13.61393296165,7.128695415606,58.));
#5173 = CARTESIAN_POINT('',(-13.61393296165,-1.7763568394E-15,58.));
#5174 = CARTESIAN_POINT('',(-13.61393296165,-7.128695415606,58.));
#5175 = CARTESIAN_POINT('',(-13.61393296165,-7.856994626654,58.));
#5176 = ORIENTED_EDGE('',*,*,#1602,.F.);
#5177 = ORIENTED_EDGE('',*,*,#1480,.F.);
#5178 = ( BOUNDED_SURFACE() B_SPLINE_SURFACE(2,2,(
    (#5179,#5180,#5181,#5182,#5183)
    ,(#5184,#5185,#5186,#5187,#5188)
    ,(#5189,#5190,#5191,#5192,#5193
)),.UNSPECIFIED.,.F.,.F.,.F.) B_SPLINE_SURFACE_WITH_KNOTS((3,3),(3,1,1,3
    ),(0.,12.800792409117),(-1.456380065497,2.183565979853E-04,
    12.801010765715,14.25760918781),.UNSPECIFIED.) 
GEOMETRIC_REPRESENTATION_ITEM() RATIONAL_B_SPLINE_SURFACE((
    (1.,1.,1.,1.,1.)
    ,(0.706798180347,0.706798180347,0.706798180347,0.706798180347
      ,0.706798180347)
,(1.,1.,1.,1.,1.))) REPRESENTATION_ITEM('') SURFACE() );
#5179 = CARTESIAN_POINT('',(-13.11393315203,7.856994626654,
    57.499563667742));
#5180 = CARTESIAN_POINT('',(-13.11393315203,7.128695415606,
    57.499563667742));
#5181 = CARTESIAN_POINT('',(-13.11393315203,-1.7763568394E-15,
    57.499563667742));
#5182 = CARTESIAN_POINT('',(-13.11393315203,-7.128695415606,
    57.499563667742));
#5183 = CARTESIAN_POINT('',(-13.11393315203,-7.856994626654,
    57.499563667742));
#5184 = CARTESIAN_POINT('',(-13.11349643884,7.856994626654,58.));
#5185 = CARTESIAN_POINT('',(-13.11349643884,7.128695415606,58.));
#5186 = CARTESIAN_POINT('',(-13.11349643884,-6.283111957529E-16,58.));
#5187 = CARTESIAN_POINT('',(-13.11349643884,-7.128695415606,58.));
#5188 = CARTESIAN_POINT('',(-13.11349643884,-7.856994626654,58.));
#5189 = CARTESIAN_POINT('',(-13.61393296165,7.856994626654,58.));
#5190 = CARTESIAN_POINT('',(-13.61393296165,7.128695415606,58.));
#5191 = CARTESIAN_POINT('',(-13.61393296165,-1.7763568394E-15,58.));
#5192 = CARTESIAN_POINT('',(-13.61393296165,-7.128695415606,58.));
#5193 = CARTESIAN_POINT('',(-13.61393296165,-7.856994626654,58.));
#5194 = ADVANCED_FACE('',(#5195),#5209,.F.);
#5195 = FACE_BOUND('',#5196,.F.);
#5196 = EDGE_LOOP('',(#5197,#5198,#5199,#5206,#5207,#5208));
#5197 = ORIENTED_EDGE('',*,*,#2615,.T.);
#5198 = ORIENTED_EDGE('',*,*,#2527,.T.);
#5199 = ORIENTED_EDGE('',*,*,#5200,.T.);
#5200 = EDGE_CURVE('',#2520,#1673,#5201,.T.);
#5201 = ( BOUNDED_CURVE() B_SPLINE_CURVE(3,(#5202,#5203,#5204,#5205),
.UNSPECIFIED.,.F.,.F.) B_SPLINE_CURVE_WITH_KNOTS((4,4),(-0.380980173718,
11.380980171429),.PIECEWISE_BEZIER_KNOTS.) CURVE() 
GEOMETRIC_REPRESENTATION_ITEM() RATIONAL_B_SPLINE_CURVE((1.,1.,1.,1.)) 
REPRESENTATION_ITEM('') );
#5202 = CARTESIAN_POINT('',(-12.19509079247,5.880980173357,35.));
#5203 = CARTESIAN_POINT('',(-12.19509079247,1.96032672411,35.));
#5204 = CARTESIAN_POINT('',(-12.19509079247,-1.960326701326,35.));
#5205 = CARTESIAN_POINT('',(-12.19509079247,-5.880980173357,35.));
#5206 = ORIENTED_EDGE('',*,*,#1672,.F.);
#5207 = ORIENTED_EDGE('',*,*,#1744,.F.);
#5208 = ORIENTED_EDGE('',*,*,#1905,.F.);
#5209 = ( BOUNDED_SURFACE() B_SPLINE_SURFACE(2,3,(
    (#5210,#5211,#5212,#5213)
    ,(#5214,#5215,#5216,#5217)
    ,(#5218,#5219,#5220,#5221
)),.UNSPECIFIED.,.F.,.F.,.F.) B_SPLINE_SURFACE_WITH_KNOTS((3,3),(4,4),(
    0.,11.761960345147),(-0.380980173718,11.380980171429),
.PIECEWISE_BEZIER_KNOTS.) GEOMETRIC_REPRESENTATION_ITEM() 
RATIONAL_B_SPLINE_SURFACE((
    (1.,1.,1.,1.)
    ,(0.706798180347,0.706798180347,0.706798180347,0.706798180347)
,(1.,1.,1.,1.))) REPRESENTATION_ITEM('') SURFACE() );
#5210 = CARTESIAN_POINT('',(-11.69509098285,5.880980173357,
    35.500436332258));
#5211 = CARTESIAN_POINT('',(-11.69509098285,1.960326724111,
    35.500436332258));
#5212 = CARTESIAN_POINT('',(-11.69509098285,-1.960326701327,
    35.500436332258));
#5213 = CARTESIAN_POINT('',(-11.69509098285,-5.880980173357,
    35.500436332258));
#5214 = CARTESIAN_POINT('',(-11.69465426966,5.880980173357,35.));
#5215 = CARTESIAN_POINT('',(-11.69465426966,1.96032672411,35.));
#5216 = CARTESIAN_POINT('',(-11.69465426966,-1.960326701326,35.));
#5217 = CARTESIAN_POINT('',(-11.69465426966,-5.880980173357,35.));
#5218 = CARTESIAN_POINT('',(-12.19509079247,5.880980173357,35.));
#5219 = CARTESIAN_POINT('',(-12.19509079247,1.96032672411,35.));
#5220 = CARTESIAN_POINT('',(-12.19509079247,-1.960326701326,35.));
#5221 = CARTESIAN_POINT('',(-12.19509079247,-5.880980173357,35.));
#5222 = ADVANCED_FACE('',(#5223),#5229,.F.);
#5223 = FACE_BOUND('',#5224,.F.);
#5224 = EDGE_LOOP('',(#5225,#5226,#5227,#5228));
#5225 = ORIENTED_EDGE('',*,*,#2519,.F.);
#5226 = ORIENTED_EDGE('',*,*,#5142,.F.);
#5227 = ORIENTED_EDGE('',*,*,#1679,.F.);
#5228 = ORIENTED_EDGE('',*,*,#5200,.F.);
#5229 = PLANE('',#5230);
#5230 = AXIS2_PLACEMENT_3D('',#5231,#5232,#5233);
#5231 = CARTESIAN_POINT('',(0.,0.,35.));
#5232 = DIRECTION('',(0.,0.,1.));
#5233 = DIRECTION('',(1.,0.,0.));
#5234 = ADVANCED_FACE('',(#5235),#5248,.F.);
#5235 = FACE_BOUND('',#5236,.F.);
#5236 = EDGE_LOOP('',(#5237,#5238,#5246,#5247));
#5237 = ORIENTED_EDGE('',*,*,#2140,.F.);
#5238 = ORIENTED_EDGE('',*,*,#5239,.F.);
#5239 = EDGE_CURVE('',#1704,#2027,#5240,.T.);
#5240 = B_SPLINE_CURVE_WITH_KNOTS('',2,(#5241,#5242,#5243,#5244,#5245),
  .UNSPECIFIED.,.F.,.F.,(3,1,1,3),(-1.456380065497,2.183565979863E-04,
    12.801010765715,14.25760918781),.UNSPECIFIED.);
#5241 = CARTESIAN_POINT('',(-19.16428903834,-7.856994626654,58.));
#5242 = CARTESIAN_POINT('',(-19.16428903834,-7.128695415606,58.));
#5243 = CARTESIAN_POINT('',(-19.16428903834,1.7763568394E-15,58.));
#5244 = CARTESIAN_POINT('',(-19.16428903834,7.128695415606,58.));
#5245 = CARTESIAN_POINT('',(-19.16428903834,7.856994626654,58.));
#5246 = ORIENTED_EDGE('',*,*,#1716,.F.);
#5247 = ORIENTED_EDGE('',*,*,#5169,.F.);
#5248 = PLANE('',#5249);
#5249 = AXIS2_PLACEMENT_3D('',#5250,#5251,#5252);
#5250 = CARTESIAN_POINT('',(-19.66472556115,-6.400614561156,58.));
#5251 = DIRECTION('',(0.,0.,1.));
#5252 = DIRECTION('',(0.455572969846,0.890198443689,0.));
#5253 = ADVANCED_FACE('',(#5254),#5260,.F.);
#5254 = FACE_BOUND('',#5255,.F.);
#5255 = EDGE_LOOP('',(#5256,#5257,#5258,#5259));
#5256 = ORIENTED_EDGE('',*,*,#1793,.T.);
#5257 = ORIENTED_EDGE('',*,*,#5239,.T.);
#5258 = ORIENTED_EDGE('',*,*,#2026,.T.);
#5259 = ORIENTED_EDGE('',*,*,#1934,.F.);
#5260 = ( BOUNDED_SURFACE() B_SPLINE_SURFACE(2,2,(
    (#5261,#5262,#5263,#5264,#5265)
    ,(#5266,#5267,#5268,#5269,#5270)
    ,(#5271,#5272,#5273,#5274,#5275
)),.UNSPECIFIED.,.F.,.F.,.F.) B_SPLINE_SURFACE_WITH_KNOTS((3,3),(3,1,1,3
    ),(0.,12.800792409117),(-1.456380065497,2.183565979863E-04,
    12.801010765715,14.25760918781),.UNSPECIFIED.) 
GEOMETRIC_REPRESENTATION_ITEM() RATIONAL_B_SPLINE_SURFACE((
    (1.,1.,1.,1.,1.)
    ,(0.706798180347,0.706798180347,0.706798180347,0.706798180347
      ,0.706798180347)
,(1.,1.,1.,1.,1.))) REPRESENTATION_ITEM('') SURFACE() );
#5261 = CARTESIAN_POINT('',(-19.66428884796,-7.856994626654,
    57.499563667742));
#5262 = CARTESIAN_POINT('',(-19.66428884796,-7.128695415606,
    57.499563667742));
#5263 = CARTESIAN_POINT('',(-19.66428884796,8.881784197001E-16,
    57.499563667742));
#5264 = CARTESIAN_POINT('',(-19.66428884796,7.128695415606,
    57.499563667742));
#5265 = CARTESIAN_POINT('',(-19.66428884796,7.856994626654,
    57.499563667742));
#5266 = CARTESIAN_POINT('',(-19.66472556115,-7.856994626654,58.));
#5267 = CARTESIAN_POINT('',(-19.66472556115,-7.128695415606,58.));
#5268 = CARTESIAN_POINT('',(-19.66472556115,6.283111957529E-16,58.));
#5269 = CARTESIAN_POINT('',(-19.66472556115,7.128695415606,58.));
#5270 = CARTESIAN_POINT('',(-19.66472556115,7.856994626654,58.));
#5271 = CARTESIAN_POINT('',(-19.16428903834,-7.856994626654,58.));
#5272 = CARTESIAN_POINT('',(-19.16428903834,-7.128695415606,58.));
#5273 = CARTESIAN_POINT('',(-19.16428903834,1.7763568394E-15,58.));
#5274 = CARTESIAN_POINT('',(-19.16428903834,7.128695415606,58.));
#5275 = CARTESIAN_POINT('',(-19.16428903834,7.856994626654,58.));
#5276 = ADVANCED_FACE('',(#5277),#5290,.F.);
#5277 = FACE_BOUND('',#5278,.F.);
#5278 = EDGE_LOOP('',(#5279,#5280,#5288,#5289));
#5279 = ORIENTED_EDGE('',*,*,#1965,.T.);
#5280 = ORIENTED_EDGE('',*,*,#5281,.T.);
#5281 = EDGE_CURVE('',#1953,#2793,#5282,.T.);
#5282 = B_SPLINE_CURVE_WITH_KNOTS('',2,(#5283,#5284,#5285,#5286,#5287),
  .UNSPECIFIED.,.F.,.F.,(3,1,1,3),(-1.456380065498,2.183565978016E-04,
    12.801010765715,14.25760918781),.UNSPECIFIED.);
#5283 = CARTESIAN_POINT('',(-11.21428903834,-7.856994626654,58.));
#5284 = CARTESIAN_POINT('',(-11.21428903834,-7.128695415606,58.));
#5285 = CARTESIAN_POINT('',(-11.21428903834,6.217248937901E-15,58.));
#5286 = CARTESIAN_POINT('',(-11.21428903834,7.128695415606,58.));
#5287 = CARTESIAN_POINT('',(-11.21428903834,7.856994626654,58.));
#5288 = ORIENTED_EDGE('',*,*,#2805,.F.);
#5289 = ORIENTED_EDGE('',*,*,#1882,.F.);
#5290 = ( BOUNDED_SURFACE() B_SPLINE_SURFACE(2,2,(
    (#5291,#5292,#5293,#5294,#5295)
    ,(#5296,#5297,#5298,#5299,#5300)
    ,(#5301,#5302,#5303,#5304,#5305
)),.UNSPECIFIED.,.F.,.F.,.F.) B_SPLINE_SURFACE_WITH_KNOTS((3,3),(3,1,1,3
    ),(0.,12.800792409117),(-1.456380065498,2.183565978016E-04,
    12.801010765715,14.25760918781),.UNSPECIFIED.) 
GEOMETRIC_REPRESENTATION_ITEM() RATIONAL_B_SPLINE_SURFACE((
    (1.,1.,1.,1.,1.)
    ,(0.706798180347,0.706798180347,0.706798180347,0.706798180347
      ,0.706798180347)
,(1.,1.,1.,1.,1.))) REPRESENTATION_ITEM('') SURFACE() );
#5291 = CARTESIAN_POINT('',(-11.71428884796,-7.856994626654,
    57.499563667742));
#5292 = CARTESIAN_POINT('',(-11.71428884796,-7.128695415606,
    57.499563667742));
#5293 = CARTESIAN_POINT('',(-11.71428884796,5.329070518201E-15,
    57.499563667742));
#5294 = CARTESIAN_POINT('',(-11.71428884796,7.128695415606,
    57.499563667742));
#5295 = CARTESIAN_POINT('',(-11.71428884796,7.856994626654,
    57.499563667742));
#5296 = CARTESIAN_POINT('',(-11.71472556115,-7.856994626654,58.));
#5297 = CARTESIAN_POINT('',(-11.71472556115,-7.128695415606,58.));
#5298 = CARTESIAN_POINT('',(-11.71472556115,6.911423153282E-15,58.));
#5299 = CARTESIAN_POINT('',(-11.71472556115,7.128695415606,58.));
#5300 = CARTESIAN_POINT('',(-11.71472556115,7.856994626654,58.));
#5301 = CARTESIAN_POINT('',(-11.21428903834,-7.856994626654,58.));
#5302 = CARTESIAN_POINT('',(-11.21428903834,-7.128695415606,58.));
#5303 = CARTESIAN_POINT('',(-11.21428903834,6.217248937901E-15,58.));
#5304 = CARTESIAN_POINT('',(-11.21428903834,7.128695415606,58.));
#5305 = CARTESIAN_POINT('',(-11.21428903834,7.856994626654,58.));
#5306 = ADVANCED_FACE('',(#5307),#5320,.F.);
#5307 = FACE_BOUND('',#5308,.F.);
#5308 = EDGE_LOOP('',(#5309,#5310,#5311,#5312));
#5309 = ORIENTED_EDGE('',*,*,#2924,.F.);
#5310 = ORIENTED_EDGE('',*,*,#5281,.F.);
#5311 = ORIENTED_EDGE('',*,*,#2099,.F.);
#5312 = ORIENTED_EDGE('',*,*,#5313,.F.);
#5313 = EDGE_CURVE('',#2912,#2100,#5314,.T.);
#5314 = B_SPLINE_CURVE_WITH_KNOTS('',2,(#5315,#5316,#5317,#5318,#5319),
  .UNSPECIFIED.,.F.,.F.,(3,1,1,3),(-1.456380065498,2.183565978004E-04,
    12.801010765715,14.25760918781),.UNSPECIFIED.);
#5315 = CARTESIAN_POINT('',(-5.663932961653,7.856994626654,58.));
#5316 = CARTESIAN_POINT('',(-5.663932961653,7.128695415606,58.));
#5317 = CARTESIAN_POINT('',(-5.663932961653,-1.7763568394E-15,58.));
#5318 = CARTESIAN_POINT('',(-5.663932961653,-7.128695415606,58.));
#5319 = CARTESIAN_POINT('',(-5.663932961653,-7.856994626654,58.));
#5320 = PLANE('',#5321);
#5321 = AXIS2_PLACEMENT_3D('',#5322,#5323,#5324);
#5322 = CARTESIAN_POINT('',(-11.71472556115,-6.400614561156,58.));
#5323 = DIRECTION('',(0.,0.,1.));
#5324 = DIRECTION('',(0.455572969846,0.890198443689,0.));
#5325 = ADVANCED_FACE('',(#5326),#5332,.F.);
#5326 = FACE_BOUND('',#5327,.F.);
#5327 = EDGE_LOOP('',(#5328,#5329,#5330,#5331));
#5328 = ORIENTED_EDGE('',*,*,#3014,.T.);
#5329 = ORIENTED_EDGE('',*,*,#5313,.T.);
#5330 = ORIENTED_EDGE('',*,*,#2169,.T.);
#5331 = ORIENTED_EDGE('',*,*,#2302,.F.);
#5332 = ( BOUNDED_SURFACE() B_SPLINE_SURFACE(2,2,(
    (#5333,#5334,#5335,#5336,#5337)
    ,(#5338,#5339,#5340,#5341,#5342)
    ,(#5343,#5344,#5345,#5346,#5347
)),.UNSPECIFIED.,.F.,.F.,.F.) B_SPLINE_SURFACE_WITH_KNOTS((3,3),(3,1,1,3
    ),(0.,12.800792409117),(-1.456380065498,2.183565978004E-04,
    12.801010765715,14.25760918781),.UNSPECIFIED.) 
GEOMETRIC_REPRESENTATION_ITEM() RATIONAL_B_SPLINE_SURFACE((
    (1.,1.,1.,1.,1.)
    ,(0.706798180347,0.706798180347,0.706798180347,0.706798180347
      ,0.706798180347)
,(1.,1.,1.,1.,1.))) REPRESENTATION_ITEM('') SURFACE() );
#5333 = CARTESIAN_POINT('',(-5.163933152039,7.856994626654,
    57.499563667742));
#5334 = CARTESIAN_POINT('',(-5.163933152039,7.128695415606,
    57.499563667742));
#5335 = CARTESIAN_POINT('',(-5.163933152039,-2.6645352591E-15,
    57.499563667742));
#5336 = CARTESIAN_POINT('',(-5.163933152039,-7.128695415606,
    57.499563667742));
#5337 = CARTESIAN_POINT('',(-5.163933152039,-7.856994626654,
    57.499563667742));
#5338 = CARTESIAN_POINT('',(-5.163496438844,7.856994626654,58.));
#5339 = CARTESIAN_POINT('',(-5.163496438844,7.128695415606,58.));
#5340 = CARTESIAN_POINT('',(-5.163496438844,-2.513244783012E-15,58.));
#5341 = CARTESIAN_POINT('',(-5.163496438844,-7.128695415606,58.));
#5342 = CARTESIAN_POINT('',(-5.163496438844,-7.856994626654,58.));
#5343 = CARTESIAN_POINT('',(-5.663932961653,7.856994626654,58.));
#5344 = CARTESIAN_POINT('',(-5.663932961653,7.128695415606,58.));
#5345 = CARTESIAN_POINT('',(-5.663932961653,-1.7763568394E-15,58.));
#5346 = CARTESIAN_POINT('',(-5.663932961653,-7.128695415606,58.));
#5347 = CARTESIAN_POINT('',(-5.663932961653,-7.856994626654,58.));
#5348 = ADVANCED_FACE('',(#5349),#5363,.F.);
#5349 = FACE_BOUND('',#5350,.F.);
#5350 = EDGE_LOOP('',(#5351,#5352,#5353,#5360,#5361,#5362));
#5351 = ORIENTED_EDGE('',*,*,#2363,.T.);
#5352 = ORIENTED_EDGE('',*,*,#2496,.T.);
#5353 = ORIENTED_EDGE('',*,*,#5354,.T.);
#5354 = EDGE_CURVE('',#2489,#3290,#5355,.T.);
#5355 = ( BOUNDED_CURVE() B_SPLINE_CURVE(3,(#5356,#5357,#5358,#5359),
.UNSPECIFIED.,.F.,.F.) B_SPLINE_CURVE_WITH_KNOTS((4,4),(-0.380980173721,
11.380980171425),.PIECEWISE_BEZIER_KNOTS.) CURVE() 
GEOMETRIC_REPRESENTATION_ITEM() RATIONAL_B_SPLINE_CURVE((1.,1.,1.,1.)) 
REPRESENTATION_ITEM('') );
#5356 = CARTESIAN_POINT('',(-4.683131207527,-5.88098017336,35.));
#5357 = CARTESIAN_POINT('',(-4.683131207527,-1.960326724117,35.));
#5358 = CARTESIAN_POINT('',(-4.683131207527,1.960326701326,35.));
#5359 = CARTESIAN_POINT('',(-4.683131207527,5.880980173353,35.));
#5360 = ORIENTED_EDGE('',*,*,#3289,.F.);
#5361 = ORIENTED_EDGE('',*,*,#3200,.F.);
#5362 = ORIENTED_EDGE('',*,*,#2335,.F.);
#5363 = ( BOUNDED_SURFACE() B_SPLINE_SURFACE(2,3,(
    (#5364,#5365,#5366,#5367)
    ,(#5368,#5369,#5370,#5371)
    ,(#5372,#5373,#5374,#5375
)),.UNSPECIFIED.,.F.,.F.,.F.) B_SPLINE_SURFACE_WITH_KNOTS((3,3),(4,4),(
    0.,11.761960345146),(-0.380980173721,11.380980171425),
.PIECEWISE_BEZIER_KNOTS.) GEOMETRIC_REPRESENTATION_ITEM() 
RATIONAL_B_SPLINE_SURFACE((
    (1.,1.,1.,1.)
    ,(0.706798180347,0.706798180347,0.706798180347,0.706798180347)
,(1.,1.,1.,1.))) REPRESENTATION_ITEM('') SURFACE() );
#5364 = CARTESIAN_POINT('',(-5.183131017141,-5.880980173357,
    35.500436332258));
#5365 = CARTESIAN_POINT('',(-5.183131017141,-1.960326724147,
    35.500436332258));
#5366 = CARTESIAN_POINT('',(-5.183131017141,1.960326701352,
    35.500436332258));
#5367 = CARTESIAN_POINT('',(-5.183131017141,5.880980173357,
    35.500436332258));
#5368 = CARTESIAN_POINT('',(-5.183567730337,-5.88098017336,35.));
#5369 = CARTESIAN_POINT('',(-5.183567730337,-1.960326724113,35.));
#5370 = CARTESIAN_POINT('',(-5.183567730337,1.960326701323,35.));
#5371 = CARTESIAN_POINT('',(-5.183567730337,5.880980173353,35.));
#5372 = CARTESIAN_POINT('',(-4.683131207527,-5.88098017336,35.));
#5373 = CARTESIAN_POINT('',(-4.683131207527,-1.960326724117,35.));
#5374 = CARTESIAN_POINT('',(-4.683131207527,1.960326701326,35.));
#5375 = CARTESIAN_POINT('',(-4.683131207527,5.880980173353,35.));
#5376 = ADVANCED_FACE('',(#5377),#5391,.F.);
#5377 = FACE_BOUND('',#5378,.F.);
#5378 = EDGE_LOOP('',(#5379,#5380,#5381,#5388,#5389,#5390));
#5379 = ORIENTED_EDGE('',*,*,#3392,.T.);
#5380 = ORIENTED_EDGE('',*,*,#3304,.T.);
#5381 = ORIENTED_EDGE('',*,*,#5382,.T.);
#5382 = EDGE_CURVE('',#3297,#2482,#5383,.T.);
#5383 = ( BOUNDED_CURVE() B_SPLINE_CURVE(3,(#5384,#5385,#5386,#5387),
.UNSPECIFIED.,.F.,.F.) B_SPLINE_CURVE_WITH_KNOTS((4,4),(-0.380980173718,
11.380980171429),.PIECEWISE_BEZIER_KNOTS.) CURVE() 
GEOMETRIC_REPRESENTATION_ITEM() RATIONAL_B_SPLINE_CURVE((1.,1.,1.,1.)) 
REPRESENTATION_ITEM('') );
#5384 = CARTESIAN_POINT('',(-4.245090792473,5.880980173357,35.));
#5385 = CARTESIAN_POINT('',(-4.245090792473,1.960326724108,35.));
#5386 = CARTESIAN_POINT('',(-4.245090792473,-1.960326701325,35.));
#5387 = CARTESIAN_POINT('',(-4.245090792473,-5.880980173356,35.));
#5388 = ORIENTED_EDGE('',*,*,#2481,.F.);
#5389 = ORIENTED_EDGE('',*,*,#2565,.F.);
#5390 = ORIENTED_EDGE('',*,*,#2710,.F.);
#5391 = ( BOUNDED_SURFACE() B_SPLINE_SURFACE(2,3,(
    (#5392,#5393,#5394,#5395)
    ,(#5396,#5397,#5398,#5399)
    ,(#5400,#5401,#5402,#5403
)),.UNSPECIFIED.,.F.,.F.,.F.) B_SPLINE_SURFACE_WITH_KNOTS((3,3),(4,4),(
    0.,11.761960345147),(-0.380980173718,11.380980171429),
.PIECEWISE_BEZIER_KNOTS.) GEOMETRIC_REPRESENTATION_ITEM() 
RATIONAL_B_SPLINE_SURFACE((
    (1.,1.,1.,1.)
    ,(0.706798180347,0.706798180347,0.706798180347,0.706798180347)
,(1.,1.,1.,1.))) REPRESENTATION_ITEM('') SURFACE() );
#5392 = CARTESIAN_POINT('',(-3.745090982859,5.880980173357,
    35.500436332258));
#5393 = CARTESIAN_POINT('',(-3.745090982859,1.960326724111,
    35.500436332258));
#5394 = CARTESIAN_POINT('',(-3.745090982859,-1.960326701327,
    35.500436332258));
#5395 = CARTESIAN_POINT('',(-3.745090982859,-5.880980173357,
    35.500436332258));
#5396 = CARTESIAN_POINT('',(-3.744654269663,5.880980173357,35.));
#5397 = CARTESIAN_POINT('',(-3.744654269663,1.96032672411,35.));
#5398 = CARTESIAN_POINT('',(-3.744654269663,-1.960326701326,35.));
#5399 = CARTESIAN_POINT('',(-3.744654269663,-5.880980173357,35.));
#5400 = CARTESIAN_POINT('',(-4.245090792473,5.880980173357,35.));
#5401 = CARTESIAN_POINT('',(-4.245090792473,1.960326724108,35.));
#5402 = CARTESIAN_POINT('',(-4.245090792473,-1.960326701325,35.));
#5403 = CARTESIAN_POINT('',(-4.245090792473,-5.880980173356,35.));
#5404 = ADVANCED_FACE('',(#5405),#5411,.F.);
#5405 = FACE_BOUND('',#5406,.F.);
#5406 = EDGE_LOOP('',(#5407,#5408,#5409,#5410));
#5407 = ORIENTED_EDGE('',*,*,#3296,.F.);
#5408 = ORIENTED_EDGE('',*,*,#5354,.F.);
#5409 = ORIENTED_EDGE('',*,*,#2488,.F.);
#5410 = ORIENTED_EDGE('',*,*,#5382,.F.);
#5411 = PLANE('',#5412);
#5412 = AXIS2_PLACEMENT_3D('',#5413,#5414,#5415);
#5413 = CARTESIAN_POINT('',(0.,0.,35.));
#5414 = DIRECTION('',(0.,0.,1.));
#5415 = DIRECTION('',(1.,0.,0.));
#5416 = ADVANCED_FACE('',(#5417),#5430,.F.);
#5417 = FACE_BOUND('',#5418,.F.);
#5418 = EDGE_LOOP('',(#5419,#5420,#5428,#5429));
#5419 = ORIENTED_EDGE('',*,*,#2739,.T.);
#5420 = ORIENTED_EDGE('',*,*,#5421,.T.);
#5421 = EDGE_CURVE('',#2727,#3570,#5422,.T.);
#5422 = B_SPLINE_CURVE_WITH_KNOTS('',2,(#5423,#5424,#5425,#5426,#5427),
  .UNSPECIFIED.,.F.,.F.,(3,1,1,3),(-1.456380065498,2.183565978009E-04,
    12.801010765715,14.25760918781),.UNSPECIFIED.);
#5423 = CARTESIAN_POINT('',(-3.264289038347,-7.856994626654,58.));
#5424 = CARTESIAN_POINT('',(-3.264289038347,-7.128695415606,58.));
#5425 = CARTESIAN_POINT('',(-3.264289038347,6.217248937901E-15,58.));
#5426 = CARTESIAN_POINT('',(-3.264289038347,7.128695415606,58.));
#5427 = CARTESIAN_POINT('',(-3.264289038347,7.856994626654,58.));
#5428 = ORIENTED_EDGE('',*,*,#3582,.F.);
#5429 = ORIENTED_EDGE('',*,*,#2687,.F.);
#5430 = ( BOUNDED_SURFACE() B_SPLINE_SURFACE(2,2,(
    (#5431,#5432,#5433,#5434,#5435)
    ,(#5436,#5437,#5438,#5439,#5440)
    ,(#5441,#5442,#5443,#5444,#5445
)),.UNSPECIFIED.,.F.,.F.,.F.) B_SPLINE_SURFACE_WITH_KNOTS((3,3),(3,1,1,3
    ),(0.,12.800792409117),(-1.456380065498,2.183565978009E-04,
    12.801010765715,14.25760918781),.UNSPECIFIED.) 
GEOMETRIC_REPRESENTATION_ITEM() RATIONAL_B_SPLINE_SURFACE((
    (1.,1.,1.,1.,1.)
    ,(0.706798180347,0.706798180347,0.706798180347,0.706798180347
      ,0.706798180347)
,(1.,1.,1.,1.,1.))) REPRESENTATION_ITEM('') SURFACE() );
#5431 = CARTESIAN_POINT('',(-3.764288847961,-7.856994626654,
    57.499563667742));
#5432 = CARTESIAN_POINT('',(-3.764288847961,-7.128695415606,
    57.499563667742));
#5433 = CARTESIAN_POINT('',(-3.764288847961,5.329070518201E-15,
    57.499563667742));
#5434 = CARTESIAN_POINT('',(-3.764288847961,7.128695415606,
    57.499563667742));
#5435 = CARTESIAN_POINT('',(-3.764288847961,7.856994626654,
    57.499563667742));
#5436 = CARTESIAN_POINT('',(-3.764725561156,-7.856994626654,58.));
#5437 = CARTESIAN_POINT('',(-3.764725561156,-7.128695415606,58.));
#5438 = CARTESIAN_POINT('',(-3.764725561156,6.911423153282E-15,58.));
#5439 = CARTESIAN_POINT('',(-3.764725561156,7.128695415606,58.));
#5440 = CARTESIAN_POINT('',(-3.764725561156,7.856994626654,58.));
#5441 = CARTESIAN_POINT('',(-3.264289038347,-7.856994626654,58.));
#5442 = CARTESIAN_POINT('',(-3.264289038347,-7.128695415606,58.));
#5443 = CARTESIAN_POINT('',(-3.264289038347,6.217248937901E-15,58.));
#5444 = CARTESIAN_POINT('',(-3.264289038347,7.128695415606,58.));
#5445 = CARTESIAN_POINT('',(-3.264289038347,7.856994626654,58.));
#5446 = ADVANCED_FACE('',(#5447),#5460,.F.);
#5447 = FACE_BOUND('',#5448,.F.);
#5448 = EDGE_LOOP('',(#5449,#5450,#5451,#5452));
#5449 = ORIENTED_EDGE('',*,*,#3684,.F.);
#5450 = ORIENTED_EDGE('',*,*,#5421,.F.);
#5451 = ORIENTED_EDGE('',*,*,#2883,.F.);
#5452 = ORIENTED_EDGE('',*,*,#5453,.F.);
#5453 = EDGE_CURVE('',#3672,#2884,#5454,.T.);
#5454 = B_SPLINE_CURVE_WITH_KNOTS('',2,(#5455,#5456,#5457,#5458,#5459),
  .UNSPECIFIED.,.F.,.F.,(3,1,1,3),(-1.456380065498,2.183565977988E-04,
    12.801010765715,14.25760918781),.UNSPECIFIED.);
#5455 = CARTESIAN_POINT('',(2.286067038347,7.856994626654,58.));
#5456 = CARTESIAN_POINT('',(2.286067038347,7.128695415606,58.));
#5457 = CARTESIAN_POINT('',(2.286067038347,-1.7763568394E-15,58.));
#5458 = CARTESIAN_POINT('',(2.286067038347,-7.128695415606,58.));
#5459 = CARTESIAN_POINT('',(2.286067038347,-7.856994626654,58.));
#5460 = PLANE('',#5461);
#5461 = AXIS2_PLACEMENT_3D('',#5462,#5463,#5464);
#5462 = CARTESIAN_POINT('',(-3.764725561156,-6.400614561156,58.));
#5463 = DIRECTION('',(0.,0.,1.));
#5464 = DIRECTION('',(0.455572969846,0.890198443689,0.));
#5465 = ADVANCED_FACE('',(#5466),#5472,.F.);
#5466 = FACE_BOUND('',#5467,.F.);
#5467 = EDGE_LOOP('',(#5468,#5469,#5470,#5471));
#5468 = ORIENTED_EDGE('',*,*,#3774,.T.);
#5469 = ORIENTED_EDGE('',*,*,#5453,.T.);
#5470 = ORIENTED_EDGE('',*,*,#2953,.T.);
#5471 = ORIENTED_EDGE('',*,*,#3079,.F.);
#5472 = ( BOUNDED_SURFACE() B_SPLINE_SURFACE(2,2,(
    (#5473,#5474,#5475,#5476,#5477)
    ,(#5478,#5479,#5480,#5481,#5482)
    ,(#5483,#5484,#5485,#5486,#5487
)),.UNSPECIFIED.,.F.,.F.,.F.) B_SPLINE_SURFACE_WITH_KNOTS((3,3),(3,1,1,3
    ),(0.,12.800792409117),(-1.456380065498,2.183565977988E-04,
    12.801010765715,14.25760918781),.UNSPECIFIED.) 
GEOMETRIC_REPRESENTATION_ITEM() RATIONAL_B_SPLINE_SURFACE((
    (1.,1.,1.,1.,1.)
    ,(0.706798180347,0.706798180347,0.706798180347,0.706798180347
      ,0.706798180347)
,(1.,1.,1.,1.,1.))) REPRESENTATION_ITEM('') SURFACE() );
#5473 = CARTESIAN_POINT('',(2.786066847961,7.856994626654,
    57.499563667742));
#5474 = CARTESIAN_POINT('',(2.786066847961,7.128695415606,
    57.499563667742));
#5475 = CARTESIAN_POINT('',(2.786066847961,-1.7763568394E-15,
    57.499563667742));
#5476 = CARTESIAN_POINT('',(2.786066847961,-7.128695415606,
    57.499563667742));
#5477 = CARTESIAN_POINT('',(2.786066847961,-7.856994626654,
    57.499563667742));
#5478 = CARTESIAN_POINT('',(2.786503561156,7.856994626654,58.));
#5479 = CARTESIAN_POINT('',(2.786503561156,7.128695415606,58.));
#5480 = CARTESIAN_POINT('',(2.786503561156,-3.769867174518E-15,58.));
#5481 = CARTESIAN_POINT('',(2.786503561156,-7.128695415606,58.));
#5482 = CARTESIAN_POINT('',(2.786503561156,-7.856994626654,58.));
#5483 = CARTESIAN_POINT('',(2.286067038347,7.856994626654,58.));
#5484 = CARTESIAN_POINT('',(2.286067038347,7.128695415606,58.));
#5485 = CARTESIAN_POINT('',(2.286067038347,-1.7763568394E-15,58.));
#5486 = CARTESIAN_POINT('',(2.286067038347,-7.128695415606,58.));
#5487 = CARTESIAN_POINT('',(2.286067038347,-7.856994626654,58.));
#5488 = ADVANCED_FACE('',(#5489),#5503,.F.);
#5489 = FACE_BOUND('',#5490,.F.);
#5490 = EDGE_LOOP('',(#5491,#5492,#5493,#5500,#5501,#5502));
#5491 = ORIENTED_EDGE('',*,*,#3140,.T.);
#5492 = ORIENTED_EDGE('',*,*,#3273,.T.);
#5493 = ORIENTED_EDGE('',*,*,#5494,.T.);
#5494 = EDGE_CURVE('',#3266,#4050,#5495,.T.);
#5495 = ( BOUNDED_CURVE() B_SPLINE_CURVE(3,(#5496,#5497,#5498,#5499),
.UNSPECIFIED.,.F.,.F.) B_SPLINE_CURVE_WITH_KNOTS((4,4),(-0.380980173718,
11.380980171429),.PIECEWISE_BEZIER_KNOTS.) CURVE() 
GEOMETRIC_REPRESENTATION_ITEM() RATIONAL_B_SPLINE_CURVE((1.,1.,1.,1.)) 
REPRESENTATION_ITEM('') );
#5496 = CARTESIAN_POINT('',(3.266868792473,-5.880980173357,35.));
#5497 = CARTESIAN_POINT('',(3.266868792473,-1.96032672411,35.));
#5498 = CARTESIAN_POINT('',(3.266868792473,1.960326701326,35.));
#5499 = CARTESIAN_POINT('',(3.266868792473,5.880980173357,35.));
#5500 = ORIENTED_EDGE('',*,*,#4049,.F.);
#5501 = ORIENTED_EDGE('',*,*,#3960,.F.);
#5502 = ORIENTED_EDGE('',*,*,#3112,.F.);
#5503 = ( BOUNDED_SURFACE() B_SPLINE_SURFACE(2,3,(
    (#5504,#5505,#5506,#5507)
    ,(#5508,#5509,#5510,#5511)
    ,(#5512,#5513,#5514,#5515
)),.UNSPECIFIED.,.F.,.F.,.F.) B_SPLINE_SURFACE_WITH_KNOTS((3,3),(4,4),(
    0.,11.761960345147),(-0.380980173718,11.380980171429),
.PIECEWISE_BEZIER_KNOTS.) GEOMETRIC_REPRESENTATION_ITEM() 
RATIONAL_B_SPLINE_SURFACE((
    (1.,1.,1.,1.)
    ,(0.706798180347,0.706798180347,0.706798180347,0.706798180347)
,(1.,1.,1.,1.))) REPRESENTATION_ITEM('') SURFACE() );
#5504 = CARTESIAN_POINT('',(2.766868982859,-5.880980173357,
    35.500436332258));
#5505 = CARTESIAN_POINT('',(2.766868982859,-1.960326724111,
    35.500436332258));
#5506 = CARTESIAN_POINT('',(2.766868982859,1.960326701327,
    35.500436332258));
#5507 = CARTESIAN_POINT('',(2.766868982859,5.880980173357,
    35.500436332258));
#5508 = CARTESIAN_POINT('',(2.766432269663,-5.880980173357,35.));
#5509 = CARTESIAN_POINT('',(2.766432269663,-1.96032672411,35.));
#5510 = CARTESIAN_POINT('',(2.766432269663,1.960326701326,35.));
#5511 = CARTESIAN_POINT('',(2.766432269663,5.880980173357,35.));
#5512 = CARTESIAN_POINT('',(3.266868792473,-5.880980173357,35.));
#5513 = CARTESIAN_POINT('',(3.266868792473,-1.96032672411,35.));
#5514 = CARTESIAN_POINT('',(3.266868792473,1.960326701326,35.));
#5515 = CARTESIAN_POINT('',(3.266868792473,5.880980173357,35.));
#5516 = ADVANCED_FACE('',(#5517),#5531,.F.);
#5517 = FACE_BOUND('',#5518,.F.);
#5518 = EDGE_LOOP('',(#5519,#5520,#5521,#5528,#5529,#5530));
#5519 = ORIENTED_EDGE('',*,*,#4157,.T.);
#5520 = ORIENTED_EDGE('',*,*,#4064,.T.);
#5521 = ORIENTED_EDGE('',*,*,#5522,.T.);
#5522 = EDGE_CURVE('',#4057,#3259,#5523,.T.);
#5523 = ( BOUNDED_CURVE() B_SPLINE_CURVE(3,(#5524,#5525,#5526,#5527),
.UNSPECIFIED.,.F.,.F.) B_SPLINE_CURVE_WITH_KNOTS((4,4),(-0.380980173718,
11.380980171429),.PIECEWISE_BEZIER_KNOTS.) CURVE() 
GEOMETRIC_REPRESENTATION_ITEM() RATIONAL_B_SPLINE_CURVE((1.,1.,1.,1.)) 
REPRESENTATION_ITEM('') );
#5524 = CARTESIAN_POINT('',(3.704909207527,5.880980173357,35.));
#5525 = CARTESIAN_POINT('',(3.704909207527,1.96032672411,35.));
#5526 = CARTESIAN_POINT('',(3.704909207527,-1.960326701326,35.));
#5527 = CARTESIAN_POINT('',(3.704909207527,-5.880980173357,35.));
#5528 = ORIENTED_EDGE('',*,*,#3258,.F.);
#5529 = ORIENTED_EDGE('',*,*,#3342,.F.);
#5530 = ORIENTED_EDGE('',*,*,#3487,.F.);
#5531 = ( BOUNDED_SURFACE() B_SPLINE_SURFACE(2,3,(
    (#5532,#5533,#5534,#5535)
    ,(#5536,#5537,#5538,#5539)
    ,(#5540,#5541,#5542,#5543
)),.UNSPECIFIED.,.F.,.F.,.F.) B_SPLINE_SURFACE_WITH_KNOTS((3,3),(4,4),(
    0.,11.761960345147),(-0.380980173718,11.380980171429),
.PIECEWISE_BEZIER_KNOTS.) GEOMETRIC_REPRESENTATION_ITEM() 
RATIONAL_B_SPLINE_SURFACE((
    (1.,1.,1.,1.)
    ,(0.706798180347,0.706798180347,0.706798180347,0.706798180347)
,(1.,1.,1.,1.))) REPRESENTATION_ITEM('') SURFACE() );
#5532 = CARTESIAN_POINT('',(4.204909017141,5.880980173357,
    35.500436332258));
#5533 = CARTESIAN_POINT('',(4.204909017141,1.960326724111,
    35.500436332258));
#5534 = CARTESIAN_POINT('',(4.204909017141,-1.960326701327,
    35.500436332258));
#5535 = CARTESIAN_POINT('',(4.204909017141,-5.880980173357,
    35.500436332258));
#5536 = CARTESIAN_POINT('',(4.205345730337,5.880980173357,35.));
#5537 = CARTESIAN_POINT('',(4.205345730337,1.96032672411,35.));
#5538 = CARTESIAN_POINT('',(4.205345730337,-1.960326701326,35.));
#5539 = CARTESIAN_POINT('',(4.205345730337,-5.880980173357,35.));
#5540 = CARTESIAN_POINT('',(3.704909207527,5.880980173357,35.));
#5541 = CARTESIAN_POINT('',(3.704909207527,1.96032672411,35.));
#5542 = CARTESIAN_POINT('',(3.704909207527,-1.960326701326,35.));
#5543 = CARTESIAN_POINT('',(3.704909207527,-5.880980173357,35.));
#5544 = ADVANCED_FACE('',(#5545),#5551,.F.);
#5545 = FACE_BOUND('',#5546,.F.);
#5546 = EDGE_LOOP('',(#5547,#5548,#5549,#5550));
#5547 = ORIENTED_EDGE('',*,*,#4056,.F.);
#5548 = ORIENTED_EDGE('',*,*,#5494,.F.);
#5549 = ORIENTED_EDGE('',*,*,#3265,.F.);
#5550 = ORIENTED_EDGE('',*,*,#5522,.F.);
#5551 = PLANE('',#5552);
#5552 = AXIS2_PLACEMENT_3D('',#5553,#5554,#5555);
#5553 = CARTESIAN_POINT('',(0.,0.,35.));
#5554 = DIRECTION('',(0.,0.,1.));
#5555 = DIRECTION('',(1.,0.,0.));
#5556 = ADVANCED_FACE('',(#5557),#5570,.F.);
#5557 = FACE_BOUND('',#5558,.F.);
#5558 = EDGE_LOOP('',(#5559,#5560,#5568,#5569));
#5559 = ORIENTED_EDGE('',*,*,#3516,.T.);
#5560 = ORIENTED_EDGE('',*,*,#5561,.T.);
#5561 = EDGE_CURVE('',#3504,#4335,#5562,.T.);
#5562 = B_SPLINE_CURVE_WITH_KNOTS('',2,(#5563,#5564,#5565,#5566,#5567),
  .UNSPECIFIED.,.F.,.F.,(3,1,1,3),(-1.456380065498,2.183565978009E-04,
    12.801010765715,14.25760918781),.UNSPECIFIED.);
#5563 = CARTESIAN_POINT('',(4.685710961653,-7.856994626654,58.));
#5564 = CARTESIAN_POINT('',(4.685710961653,-7.128695415606,58.));
#5565 = CARTESIAN_POINT('',(4.685710961653,6.217248937901E-15,58.));
#5566 = CARTESIAN_POINT('',(4.685710961653,7.128695415606,58.));
#5567 = CARTESIAN_POINT('',(4.685710961653,7.856994626654,58.));
#5568 = ORIENTED_EDGE('',*,*,#4347,.F.);
#5569 = ORIENTED_EDGE('',*,*,#3464,.F.);
#5570 = ( BOUNDED_SURFACE() B_SPLINE_SURFACE(2,2,(
    (#5571,#5572,#5573,#5574,#5575)
    ,(#5576,#5577,#5578,#5579,#5580)
    ,(#5581,#5582,#5583,#5584,#5585
)),.UNSPECIFIED.,.F.,.F.,.F.) B_SPLINE_SURFACE_WITH_KNOTS((3,3),(3,1,1,3
    ),(0.,12.800792409117),(-1.456380065498,2.183565978009E-04,
    12.801010765715,14.25760918781),.UNSPECIFIED.) 
GEOMETRIC_REPRESENTATION_ITEM() RATIONAL_B_SPLINE_SURFACE((
    (1.,1.,1.,1.,1.)
    ,(0.706798180347,0.706798180347,0.706798180347,0.706798180347
      ,0.706798180347)
,(1.,1.,1.,1.,1.))) REPRESENTATION_ITEM('') SURFACE() );
#5571 = CARTESIAN_POINT('',(4.185711152039,-7.856994626654,
    57.499563667742));
#5572 = CARTESIAN_POINT('',(4.185711152039,-7.128695415606,
    57.499563667742));
#5573 = CARTESIAN_POINT('',(4.185711152039,4.440892098501E-15,
    57.499563667742));
#5574 = CARTESIAN_POINT('',(4.185711152039,7.128695415606,
    57.499563667742));
#5575 = CARTESIAN_POINT('',(4.185711152039,7.856994626654,
    57.499563667742));
#5576 = CARTESIAN_POINT('',(4.185274438844,-7.856994626654,58.));
#5577 = CARTESIAN_POINT('',(4.185274438844,-7.128695415606,58.));
#5578 = CARTESIAN_POINT('',(4.185274438844,5.654800761776E-15,58.));
#5579 = CARTESIAN_POINT('',(4.185274438844,7.128695415606,58.));
#5580 = CARTESIAN_POINT('',(4.185274438844,7.856994626654,58.));
#5581 = CARTESIAN_POINT('',(4.685710961653,-7.856994626654,58.));
#5582 = CARTESIAN_POINT('',(4.685710961653,-7.128695415606,58.));
#5583 = CARTESIAN_POINT('',(4.685710961653,6.217248937901E-15,58.));
#5584 = CARTESIAN_POINT('',(4.685710961653,7.128695415606,58.));
#5585 = CARTESIAN_POINT('',(4.685710961653,7.856994626654,58.));
#5586 = ADVANCED_FACE('',(#5587),#5600,.F.);
#5587 = FACE_BOUND('',#5588,.F.);
#5588 = EDGE_LOOP('',(#5589,#5590,#5591,#5592));
#5589 = ORIENTED_EDGE('',*,*,#4449,.F.);
#5590 = ORIENTED_EDGE('',*,*,#5561,.F.);
#5591 = ORIENTED_EDGE('',*,*,#3643,.F.);
#5592 = ORIENTED_EDGE('',*,*,#5593,.F.);
#5593 = EDGE_CURVE('',#4437,#3644,#5594,.T.);
#5594 = B_SPLINE_CURVE_WITH_KNOTS('',2,(#5595,#5596,#5597,#5598,#5599),
  .UNSPECIFIED.,.F.,.F.,(3,1,1,3),(-1.456380065498,2.183565978001E-04,
    12.801010765715,14.25760918781),.UNSPECIFIED.);
#5595 = CARTESIAN_POINT('',(10.236067038347,7.856994626654,58.));
#5596 = CARTESIAN_POINT('',(10.236067038347,7.128695415606,58.));
#5597 = CARTESIAN_POINT('',(10.236067038347,-2.6645352591E-15,58.));
#5598 = CARTESIAN_POINT('',(10.236067038347,-7.128695415606,58.));
#5599 = CARTESIAN_POINT('',(10.236067038347,-7.856994626654,58.));
#5600 = PLANE('',#5601);
#5601 = AXIS2_PLACEMENT_3D('',#5602,#5603,#5604);
#5602 = CARTESIAN_POINT('',(4.185274438844,-6.400614561156,58.));
#5603 = DIRECTION('',(0.,0.,1.));
#5604 = DIRECTION('',(0.455572969846,0.890198443689,0.));
#5605 = ADVANCED_FACE('',(#5606),#5612,.F.);
#5606 = FACE_BOUND('',#5607,.F.);
#5607 = EDGE_LOOP('',(#5608,#5609,#5610,#5611));
#5608 = ORIENTED_EDGE('',*,*,#4539,.T.);
#5609 = ORIENTED_EDGE('',*,*,#5593,.T.);
#5610 = ORIENTED_EDGE('',*,*,#3713,.T.);
#5611 = ORIENTED_EDGE('',*,*,#3839,.F.);
#5612 = ( BOUNDED_SURFACE() B_SPLINE_SURFACE(2,2,(
    (#5613,#5614,#5615,#5616,#5617)
    ,(#5618,#5619,#5620,#5621,#5622)
    ,(#5623,#5624,#5625,#5626,#5627
)),.UNSPECIFIED.,.F.,.F.,.F.) B_SPLINE_SURFACE_WITH_KNOTS((3,3),(3,1,1,3
    ),(0.,12.800792409117),(-1.456380065498,2.183565978001E-04,
    12.801010765715,14.25760918781),.UNSPECIFIED.) 
GEOMETRIC_REPRESENTATION_ITEM() RATIONAL_B_SPLINE_SURFACE((
    (1.,1.,1.,1.,1.)
    ,(0.706798180347,0.706798180347,0.706798180347,0.706798180347
      ,0.706798180347)
,(1.,1.,1.,1.,1.))) REPRESENTATION_ITEM('') SURFACE() );
#5613 = CARTESIAN_POINT('',(10.736066847961,7.856994626654,
    57.499563667742));
#5614 = CARTESIAN_POINT('',(10.736066847961,7.128695415606,
    57.499563667742));
#5615 = CARTESIAN_POINT('',(10.736066847961,-2.6645352591E-15,
    57.499563667742));
#5616 = CARTESIAN_POINT('',(10.736066847961,-7.128695415606,
    57.499563667742));
#5617 = CARTESIAN_POINT('',(10.736066847961,-7.856994626654,
    57.499563667742));
#5618 = CARTESIAN_POINT('',(10.736503561156,7.856994626654,58.));
#5619 = CARTESIAN_POINT('',(10.736503561156,7.128695415606,58.));
#5620 = CARTESIAN_POINT('',(10.736503561156,-1.884933587259E-15,58.));
#5621 = CARTESIAN_POINT('',(10.736503561156,-7.128695415606,58.));
#5622 = CARTESIAN_POINT('',(10.736503561156,-7.856994626654,58.));
#5623 = CARTESIAN_POINT('',(10.236067038347,7.856994626654,58.));
#5624 = CARTESIAN_POINT('',(10.236067038347,7.128695415606,58.));
#5625 = CARTESIAN_POINT('',(10.236067038347,-2.6645352591E-15,58.));
#5626 = CARTESIAN_POINT('',(10.236067038347,-7.128695415606,58.));
#5627 = CARTESIAN_POINT('',(10.236067038347,-7.856994626654,58.));
#5628 = ADVANCED_FACE('',(#5629),#5643,.F.);
#5629 = FACE_BOUND('',#5630,.F.);
#5630 = EDGE_LOOP('',(#5631,#5632,#5633,#5640,#5641,#5642));
#5631 = ORIENTED_EDGE('',*,*,#3900,.T.);
#5632 = ORIENTED_EDGE('',*,*,#4033,.T.);
#5633 = ORIENTED_EDGE('',*,*,#5634,.T.);
#5634 = EDGE_CURVE('',#4026,#4793,#5635,.T.);
#5635 = ( BOUNDED_CURVE() B_SPLINE_CURVE(3,(#5636,#5637,#5638,#5639),
.UNSPECIFIED.,.F.,.F.) B_SPLINE_CURVE_WITH_KNOTS((4,4),(-0.380980173718,
11.380980171429),.PIECEWISE_BEZIER_KNOTS.) CURVE() 
GEOMETRIC_REPRESENTATION_ITEM() RATIONAL_B_SPLINE_CURVE((1.,1.,1.,1.)) 
REPRESENTATION_ITEM('') );
#5636 = CARTESIAN_POINT('',(11.216868792473,-5.880980173357,35.));
#5637 = CARTESIAN_POINT('',(11.216868792473,-1.96032672411,35.));
#5638 = CARTESIAN_POINT('',(11.216868792473,1.960326701326,35.));
#5639 = CARTESIAN_POINT('',(11.216868792473,5.880980173357,35.));
#5640 = ORIENTED_EDGE('',*,*,#4792,.F.);
#5641 = ORIENTED_EDGE('',*,*,#4715,.F.);
#5642 = ORIENTED_EDGE('',*,*,#3872,.F.);
#5643 = ( BOUNDED_SURFACE() B_SPLINE_SURFACE(2,3,(
    (#5644,#5645,#5646,#5647)
    ,(#5648,#5649,#5650,#5651)
    ,(#5652,#5653,#5654,#5655
)),.UNSPECIFIED.,.F.,.F.,.F.) B_SPLINE_SURFACE_WITH_KNOTS((3,3),(4,4),(
    0.,11.761960345147),(-0.380980173718,11.380980171429),
.PIECEWISE_BEZIER_KNOTS.) GEOMETRIC_REPRESENTATION_ITEM() 
RATIONAL_B_SPLINE_SURFACE((
    (1.,1.,1.,1.)
    ,(0.706798180347,0.706798180347,0.706798180347,0.706798180347)
,(1.,1.,1.,1.))) REPRESENTATION_ITEM('') SURFACE() );
#5644 = CARTESIAN_POINT('',(10.716868982859,-5.880980173357,
    35.500436332258));
#5645 = CARTESIAN_POINT('',(10.716868982859,-1.960326724111,
    35.500436332258));
#5646 = CARTESIAN_POINT('',(10.716868982859,1.960326701327,
    35.500436332258));
#5647 = CARTESIAN_POINT('',(10.716868982859,5.880980173357,
    35.500436332258));
#5648 = CARTESIAN_POINT('',(10.716432269663,-5.880980173357,35.));
#5649 = CARTESIAN_POINT('',(10.716432269663,-1.96032672411,35.));
#5650 = CARTESIAN_POINT('',(10.716432269663,1.960326701326,35.));
#5651 = CARTESIAN_POINT('',(10.716432269663,5.880980173357,35.));
#5652 = CARTESIAN_POINT('',(11.216868792473,-5.880980173357,35.));
#5653 = CARTESIAN_POINT('',(11.216868792473,-1.96032672411,35.));
#5654 = CARTESIAN_POINT('',(11.216868792473,1.960326701326,35.));
#5655 = CARTESIAN_POINT('',(11.216868792473,5.880980173357,35.));
#5656 = ADVANCED_FACE('',(#5657),#5671,.F.);
#5657 = FACE_BOUND('',#5658,.F.);
#5658 = EDGE_LOOP('',(#5659,#5660,#5661,#5668,#5669,#5670));
#5659 = ORIENTED_EDGE('',*,*,#4901,.T.);
#5660 = ORIENTED_EDGE('',*,*,#4807,.T.);
#5661 = ORIENTED_EDGE('',*,*,#5662,.T.);
#5662 = EDGE_CURVE('',#4800,#4019,#5663,.T.);
#5663 = ( BOUNDED_CURVE() B_SPLINE_CURVE(3,(#5664,#5665,#5666,#5667),
.UNSPECIFIED.,.F.,.F.) B_SPLINE_CURVE_WITH_KNOTS((4,4),(-0.380980173718,
11.380980171429),.PIECEWISE_BEZIER_KNOTS.) CURVE() 
GEOMETRIC_REPRESENTATION_ITEM() RATIONAL_B_SPLINE_CURVE((1.,1.,1.,1.)) 
REPRESENTATION_ITEM('') );
#5664 = CARTESIAN_POINT('',(11.654909207527,5.880980173357,35.));
#5665 = CARTESIAN_POINT('',(11.654909207527,1.96032672411,35.));
#5666 = CARTESIAN_POINT('',(11.654909207527,-1.960326701326,35.));
#5667 = CARTESIAN_POINT('',(11.654909207527,-5.880980173357,35.));
#5668 = ORIENTED_EDGE('',*,*,#4018,.F.);
#5669 = ORIENTED_EDGE('',*,*,#4102,.F.);
#5670 = ORIENTED_EDGE('',*,*,#4252,.F.);
#5671 = ( BOUNDED_SURFACE() B_SPLINE_SURFACE(2,3,(
    (#5672,#5673,#5674,#5675)
    ,(#5676,#5677,#5678,#5679)
    ,(#5680,#5681,#5682,#5683
)),.UNSPECIFIED.,.F.,.F.,.F.) B_SPLINE_SURFACE_WITH_KNOTS((3,3),(4,4),(
    0.,11.761960345147),(-0.380980173718,11.380980171429),
.PIECEWISE_BEZIER_KNOTS.) GEOMETRIC_REPRESENTATION_ITEM() 
RATIONAL_B_SPLINE_SURFACE((
    (1.,1.,1.,1.)
    ,(0.706798180347,0.706798180347,0.706798180347,0.706798180347)
,(1.,1.,1.,1.))) REPRESENTATION_ITEM('') SURFACE() );
#5672 = CARTESIAN_POINT('',(12.154909017141,5.880980173357,
    35.500436332258));
#5673 = CARTESIAN_POINT('',(12.154909017141,1.960326724111,
    35.500436332258));
#5674 = CARTESIAN_POINT('',(12.154909017141,-1.960326701327,
    35.500436332258));
#5675 = CARTESIAN_POINT('',(12.154909017141,-5.880980173357,
    35.500436332258));
#5676 = CARTESIAN_POINT('',(12.155345730337,5.880980173357,35.));
#5677 = CARTESIAN_POINT('',(12.155345730337,1.96032672411,35.));
#5678 = CARTESIAN_POINT('',(12.155345730337,-1.960326701326,35.));
#5679 = CARTESIAN_POINT('',(12.155345730337,-5.880980173357,35.));
#5680 = CARTESIAN_POINT('',(11.654909207527,5.880980173357,35.));
#5681 = CARTESIAN_POINT('',(11.654909207527,1.96032672411,35.));
#5682 = CARTESIAN_POINT('',(11.654909207527,-1.960326701326,35.));
#5683 = CARTESIAN_POINT('',(11.654909207527,-5.880980173357,35.));
#5684 = ADVANCED_FACE('',(#5685),#5691,.F.);
#5685 = FACE_BOUND('',#5686,.F.);
#5686 = EDGE_LOOP('',(#5687,#5688,#5689,#5690));
#5687 = ORIENTED_EDGE('',*,*,#4799,.F.);
#5688 = ORIENTED_EDGE('',*,*,#5634,.F.);
#5689 = ORIENTED_EDGE('',*,*,#4025,.F.);
#5690 = ORIENTED_EDGE('',*,*,#5662,.F.);
#5691 = PLANE('',#5692);
#5692 = AXIS2_PLACEMENT_3D('',#5693,#5694,#5695);
#5693 = CARTESIAN_POINT('',(0.,0.,35.));
#5694 = DIRECTION('',(0.,0.,1.));
#5695 = DIRECTION('',(1.,0.,0.));
#5696 = ADVANCED_FACE('',(#5697),#5710,.F.);
#5697 = FACE_BOUND('',#5698,.F.);
#5698 = EDGE_LOOP('',(#5699,#5700,#5708,#5709));
#5699 = ORIENTED_EDGE('',*,*,#4281,.T.);
#5700 = ORIENTED_EDGE('',*,*,#5701,.T.);
#5701 = EDGE_CURVE('',#4269,#4765,#5702,.T.);
#5702 = B_SPLINE_CURVE_WITH_KNOTS('',2,(#5703,#5704,#5705,#5706,#5707),
  .UNSPECIFIED.,.F.,.F.,(3,1,1,3),(-1.456380065498,2.183565978008E-04,
    12.801010765715,14.25760918781),.UNSPECIFIED.);
#5703 = CARTESIAN_POINT('',(12.635710961653,-7.856994626654,58.));
#5704 = CARTESIAN_POINT('',(12.635710961653,-7.128695415606,58.));
#5705 = CARTESIAN_POINT('',(12.635710961653,5.329070518201E-15,58.));
#5706 = CARTESIAN_POINT('',(12.635710961653,7.128695415606,58.));
#5707 = CARTESIAN_POINT('',(12.635710961653,7.856994626654,58.));
#5708 = ORIENTED_EDGE('',*,*,#4834,.F.);
#5709 = ORIENTED_EDGE('',*,*,#4229,.F.);
#5710 = ( BOUNDED_SURFACE() B_SPLINE_SURFACE(2,2,(
    (#5711,#5712,#5713,#5714,#5715)
    ,(#5716,#5717,#5718,#5719,#5720)
    ,(#5721,#5722,#5723,#5724,#5725
)),.UNSPECIFIED.,.F.,.F.,.F.) B_SPLINE_SURFACE_WITH_KNOTS((3,3),(3,1,1,3
    ),(0.,12.800792409117),(-1.456380065498,2.183565978008E-04,
    12.801010765715,14.25760918781),.UNSPECIFIED.) 
GEOMETRIC_REPRESENTATION_ITEM() RATIONAL_B_SPLINE_SURFACE((
    (1.,1.,1.,1.,1.)
    ,(0.706798180347,0.706798180347,0.706798180347,0.706798180347
      ,0.706798180347)
,(1.,1.,1.,1.,1.))) REPRESENTATION_ITEM('') SURFACE() );
#5711 = CARTESIAN_POINT('',(12.135711152039,-7.856994626654,
    57.499563667742));
#5712 = CARTESIAN_POINT('',(12.135711152039,-7.128695415606,
    57.499563667742));
#5713 = CARTESIAN_POINT('',(12.135711152039,5.329070518201E-15,
    57.499563667742));
#5714 = CARTESIAN_POINT('',(12.135711152039,7.128695415606,
    57.499563667742));
#5715 = CARTESIAN_POINT('',(12.135711152039,7.856994626654,
    57.499563667742));
#5716 = CARTESIAN_POINT('',(12.135274438844,-7.856994626654,58.));
#5717 = CARTESIAN_POINT('',(12.135274438844,-7.128695415606,58.));
#5718 = CARTESIAN_POINT('',(12.135274438844,5.026489566023E-15,58.));
#5719 = CARTESIAN_POINT('',(12.135274438844,7.128695415606,58.));
#5720 = CARTESIAN_POINT('',(12.135274438844,7.856994626654,58.));
#5721 = CARTESIAN_POINT('',(12.635710961653,-7.856994626654,58.));
#5722 = CARTESIAN_POINT('',(12.635710961653,-7.128695415606,58.));
#5723 = CARTESIAN_POINT('',(12.635710961653,5.329070518201E-15,58.));
#5724 = CARTESIAN_POINT('',(12.635710961653,7.128695415606,58.));
#5725 = CARTESIAN_POINT('',(12.635710961653,7.856994626654,58.));
#5726 = ADVANCED_FACE('',(#5727),#5740,.F.);
#5727 = FACE_BOUND('',#5728,.F.);
#5728 = EDGE_LOOP('',(#5729,#5730,#5731,#5732));
#5729 = ORIENTED_EDGE('',*,*,#4764,.F.);
#5730 = ORIENTED_EDGE('',*,*,#5701,.F.);
#5731 = ORIENTED_EDGE('',*,*,#4408,.F.);
#5732 = ORIENTED_EDGE('',*,*,#5733,.F.);
#5733 = EDGE_CURVE('',#4631,#4409,#5734,.T.);
#5734 = B_SPLINE_CURVE_WITH_KNOTS('',2,(#5735,#5736,#5737,#5738,#5739),
  .UNSPECIFIED.,.F.,.F.,(3,1,1,3),(-1.456380065498,2.183565978003E-04,
    12.801010765715,14.25760918781),.UNSPECIFIED.);
#5735 = CARTESIAN_POINT('',(18.186067038347,7.856994626654,58.));
#5736 = CARTESIAN_POINT('',(18.186067038347,7.128695415606,58.));
#5737 = CARTESIAN_POINT('',(18.186067038347,-4.440892098501E-15,58.));
#5738 = CARTESIAN_POINT('',(18.186067038347,-7.128695415606,58.));
#5739 = CARTESIAN_POINT('',(18.186067038347,-7.856994626654,58.));
#5740 = PLANE('',#5741);
#5741 = AXIS2_PLACEMENT_3D('',#5742,#5743,#5744);
#5742 = CARTESIAN_POINT('',(12.135274438844,-6.400614561156,58.));
#5743 = DIRECTION('',(0.,0.,1.));
#5744 = DIRECTION('',(0.455572969846,0.890198443689,0.));
#5745 = ADVANCED_FACE('',(#5746),#5752,.F.);
#5746 = FACE_BOUND('',#5747,.F.);
#5747 = EDGE_LOOP('',(#5748,#5749,#5750,#5751));
#5748 = ORIENTED_EDGE('',*,*,#4643,.T.);
#5749 = ORIENTED_EDGE('',*,*,#5733,.T.);
#5750 = ORIENTED_EDGE('',*,*,#4478,.T.);
#5751 = ORIENTED_EDGE('',*,*,#4600,.F.);
#5752 = ( BOUNDED_SURFACE() B_SPLINE_SURFACE(2,2,(
    (#5753,#5754,#5755,#5756,#5757)
    ,(#5758,#5759,#5760,#5761,#5762)
    ,(#5763,#5764,#5765,#5766,#5767
)),.UNSPECIFIED.,.F.,.F.,.F.) B_SPLINE_SURFACE_WITH_KNOTS((3,3),(3,1,1,3
    ),(0.,12.800792409117),(-1.456380065498,2.183565978003E-04,
    12.801010765715,14.25760918781),.UNSPECIFIED.) 
GEOMETRIC_REPRESENTATION_ITEM() RATIONAL_B_SPLINE_SURFACE((
    (1.,1.,1.,1.,1.)
    ,(0.706798180347,0.706798180347,0.706798180347,0.706798180347
      ,0.706798180347)
,(1.,1.,1.,1.,1.))) REPRESENTATION_ITEM('') SURFACE() );
#5753 = CARTESIAN_POINT('',(18.686066847961,7.856994626654,
    57.499563667742));
#5754 = CARTESIAN_POINT('',(18.686066847961,7.128695415606,
    57.499563667742));
#5755 = CARTESIAN_POINT('',(18.686066847961,-3.552713678801E-15,
    57.499563667742));
#5756 = CARTESIAN_POINT('',(18.686066847961,-7.128695415606,
    57.499563667742));
#5757 = CARTESIAN_POINT('',(18.686066847961,-7.856994626654,
    57.499563667742));
#5758 = CARTESIAN_POINT('',(18.686503561156,7.856994626654,58.));
#5759 = CARTESIAN_POINT('',(18.686503561156,7.128695415606,58.));
#5760 = CARTESIAN_POINT('',(18.686503561156,-3.769867174518E-15,58.));
#5761 = CARTESIAN_POINT('',(18.686503561156,-7.128695415606,58.));
#5762 = CARTESIAN_POINT('',(18.686503561156,-7.856994626654,58.));
#5763 = CARTESIAN_POINT('',(18.186067038347,7.856994626654,58.));
#5764 = CARTESIAN_POINT('',(18.186067038347,7.128695415606,58.));
#5765 = CARTESIAN_POINT('',(18.186067038347,-4.440892098501E-15,58.));
#5766 = CARTESIAN_POINT('',(18.186067038347,-7.128695415606,58.));
#5767 = CARTESIAN_POINT('',(18.186067038347,-7.856994626654,58.));
#5768 = ADVANCED_FACE('',(#5769),#5781,.T.);
#5769 = FACE_BOUND('',#5770,.T.);
#5770 = EDGE_LOOP('',(#5771,#5772,#5773,#5774));
#5771 = ORIENTED_EDGE('',*,*,#5040,.F.);
#5772 = ORIENTED_EDGE('',*,*,#4950,.F.);
#5773 = ORIENTED_EDGE('',*,*,#4982,.T.);
#5774 = ORIENTED_EDGE('',*,*,#5775,.F.);
#5775 = EDGE_CURVE('',#5033,#4966,#5776,.T.);
#5776 = CIRCLE('',#5777,1.);
#5777 = AXIS2_PLACEMENT_3D('',#5778,#5779,#5780);
#5778 = CARTESIAN_POINT('',(19.635888930252,-7.,59.));
#5779 = DIRECTION('',(-6.123233995737E-17,0.,1.));
#5780 = DIRECTION('',(1.,0.,6.123233995737E-17));
#5781 = CYLINDRICAL_SURFACE('',#5782,1.);
#5782 = AXIS2_PLACEMENT_3D('',#5783,#5784,#5785);
#5783 = CARTESIAN_POINT('',(19.635888930252,-7.,0.));
#5784 = DIRECTION('',(0.,0.,1.));
#5785 = DIRECTION('',(0.,-1.,0.));
#5786 = ADVANCED_FACE('',(#5787),#5814,.T.);
#5787 = FACE_BOUND('',#5788,.F.);
#5788 = EDGE_LOOP('',(#5789,#5790,#5799,#5807));
#5789 = ORIENTED_EDGE('',*,*,#4965,.F.);
#5790 = ORIENTED_EDGE('',*,*,#5791,.F.);
#5791 = EDGE_CURVE('',#5792,#4966,#5794,.T.);
#5792 = VERTEX_POINT('',#5793);
#5793 = CARTESIAN_POINT('',(19.635888930252,-7.,60.));
#5794 = CIRCLE('',#5795,1.);
#5795 = AXIS2_PLACEMENT_3D('',#5796,#5797,#5798);
#5796 = CARTESIAN_POINT('',(19.635888930252,-7.,59.));
#5797 = DIRECTION('',(0.,1.,0.));
#5798 = DIRECTION('',(0.,0.,1.));
#5799 = ORIENTED_EDGE('',*,*,#5800,.T.);
#5800 = EDGE_CURVE('',#5792,#5801,#5803,.T.);
#5801 = VERTEX_POINT('',#5802);
#5802 = CARTESIAN_POINT('',(19.635888930252,7.,60.));
#5803 = LINE('',#5804,#5805);
#5804 = CARTESIAN_POINT('',(19.635888930252,-8.,60.));
#5805 = VECTOR('',#5806,1.);
#5806 = DIRECTION('',(0.,1.,0.));
#5807 = ORIENTED_EDGE('',*,*,#5808,.T.);
#5808 = EDGE_CURVE('',#5801,#4968,#5809,.T.);
#5809 = CIRCLE('',#5810,1.);
#5810 = AXIS2_PLACEMENT_3D('',#5811,#5812,#5813);
#5811 = CARTESIAN_POINT('',(19.635888930252,7.,59.));
#5812 = DIRECTION('',(0.,1.,0.));
#5813 = DIRECTION('',(0.,0.,1.));
#5814 = CYLINDRICAL_SURFACE('',#5815,1.);
#5815 = AXIS2_PLACEMENT_3D('',#5816,#5817,#5818);
#5816 = CARTESIAN_POINT('',(19.635888930252,-8.,59.));
#5817 = DIRECTION('',(0.,1.,0.));
#5818 = DIRECTION('',(1.,0.,0.));
#5819 = ADVANCED_FACE('',(#5820),#5832,.T.);
#5820 = FACE_BOUND('',#5821,.T.);
#5821 = EDGE_LOOP('',(#5822,#5823,#5824,#5825));
#5822 = ORIENTED_EDGE('',*,*,#4975,.F.);
#5823 = ORIENTED_EDGE('',*,*,#4998,.T.);
#5824 = ORIENTED_EDGE('',*,*,#5078,.T.);
#5825 = ORIENTED_EDGE('',*,*,#5826,.T.);
#5826 = EDGE_CURVE('',#5062,#4968,#5827,.T.);
#5827 = CIRCLE('',#5828,1.);
#5828 = AXIS2_PLACEMENT_3D('',#5829,#5830,#5831);
#5829 = CARTESIAN_POINT('',(19.635888930252,7.,59.));
#5830 = DIRECTION('',(6.123233995737E-17,0.,-1.));
#5831 = DIRECTION('',(1.,0.,6.123233995737E-17));
#5832 = CYLINDRICAL_SURFACE('',#5833,1.);
#5833 = AXIS2_PLACEMENT_3D('',#5834,#5835,#5836);
#5834 = CARTESIAN_POINT('',(19.635888930252,7.,0.));
#5835 = DIRECTION('',(0.,0.,1.));
#5836 = DIRECTION('',(1.,0.,0.));
#5837 = ADVANCED_FACE('',(#5838),#5850,.T.);
#5838 = FACE_BOUND('',#5839,.F.);
#5839 = EDGE_LOOP('',(#5840,#5841,#5842,#5843));
#5840 = ORIENTED_EDGE('',*,*,#5047,.F.);
#5841 = ORIENTED_EDGE('',*,*,#5015,.T.);
#5842 = ORIENTED_EDGE('',*,*,#5119,.T.);
#5843 = ORIENTED_EDGE('',*,*,#5844,.T.);
#5844 = EDGE_CURVE('',#5112,#5031,#5845,.T.);
#5845 = CIRCLE('',#5846,1.);
#5846 = AXIS2_PLACEMENT_3D('',#5847,#5848,#5849);
#5847 = CARTESIAN_POINT('',(-20.61411106974,-7.,59.));
#5848 = DIRECTION('',(-0.,6.123233995737E-17,1.));
#5849 = DIRECTION('',(0.,-1.,6.123233995737E-17));
#5850 = CYLINDRICAL_SURFACE('',#5851,1.);
#5851 = AXIS2_PLACEMENT_3D('',#5852,#5853,#5854);
#5852 = CARTESIAN_POINT('',(-20.61411106974,-7.,0.));
#5853 = DIRECTION('',(0.,0.,1.));
#5854 = DIRECTION('',(0.,-1.,0.));
#5855 = ADVANCED_FACE('',(#5856),#5881,.T.);
#5856 = FACE_BOUND('',#5857,.F.);
#5857 = EDGE_LOOP('',(#5858,#5859,#5868,#5874));
#5858 = ORIENTED_EDGE('',*,*,#5030,.F.);
#5859 = ORIENTED_EDGE('',*,*,#5860,.F.);
#5860 = EDGE_CURVE('',#5861,#5031,#5863,.T.);
#5861 = VERTEX_POINT('',#5862);
#5862 = CARTESIAN_POINT('',(-20.61411106974,-7.,60.));
#5863 = CIRCLE('',#5864,1.);
#5864 = AXIS2_PLACEMENT_3D('',#5865,#5866,#5867);
#5865 = CARTESIAN_POINT('',(-20.61411106974,-7.,59.));
#5866 = DIRECTION('',(1.,0.,-0.));
#5867 = DIRECTION('',(0.,0.,1.));
#5868 = ORIENTED_EDGE('',*,*,#5869,.T.);
#5869 = EDGE_CURVE('',#5861,#5792,#5870,.T.);
#5870 = LINE('',#5871,#5872);
#5871 = CARTESIAN_POINT('',(-21.61411106974,-7.,60.));
#5872 = VECTOR('',#5873,1.);
#5873 = DIRECTION('',(1.,0.,0.));
#5874 = ORIENTED_EDGE('',*,*,#5875,.F.);
#5875 = EDGE_CURVE('',#5033,#5792,#5876,.T.);
#5876 = CIRCLE('',#5877,1.);
#5877 = AXIS2_PLACEMENT_3D('',#5878,#5879,#5880);
#5878 = CARTESIAN_POINT('',(19.635888930252,-7.,59.));
#5879 = DIRECTION('',(-1.,0.,0.));
#5880 = DIRECTION('',(0.,0.,1.));
#5881 = CYLINDRICAL_SURFACE('',#5882,1.);
#5882 = AXIS2_PLACEMENT_3D('',#5883,#5884,#5885);
#5883 = CARTESIAN_POINT('',(-21.61411106974,-7.,59.));
#5884 = DIRECTION('',(1.,0.,0.));
#5885 = DIRECTION('',(0.,-1.,0.));
#5886 = ADVANCED_FACE('',(#5887),#5912,.T.);
#5887 = FACE_BOUND('',#5888,.F.);
#5888 = EDGE_LOOP('',(#5889,#5896,#5904,#5911));
#5889 = ORIENTED_EDGE('',*,*,#5890,.T.);
#5890 = EDGE_CURVE('',#5062,#5801,#5891,.T.);
#5891 = CIRCLE('',#5892,1.);
#5892 = AXIS2_PLACEMENT_3D('',#5893,#5894,#5895);
#5893 = CARTESIAN_POINT('',(19.635888930252,7.,59.));
#5894 = DIRECTION('',(1.,0.,-0.));
#5895 = DIRECTION('',(0.,0.,1.));
#5896 = ORIENTED_EDGE('',*,*,#5897,.T.);
#5897 = EDGE_CURVE('',#5801,#5898,#5900,.T.);
#5898 = VERTEX_POINT('',#5899);
#5899 = CARTESIAN_POINT('',(-20.61411106974,7.,60.));
#5900 = LINE('',#5901,#5902);
#5901 = CARTESIAN_POINT('',(20.635888930252,7.,60.));
#5902 = VECTOR('',#5903,1.);
#5903 = DIRECTION('',(-1.,0.,0.));
#5904 = ORIENTED_EDGE('',*,*,#5905,.T.);
#5905 = EDGE_CURVE('',#5898,#5064,#5906,.T.);
#5906 = CIRCLE('',#5907,1.);
#5907 = AXIS2_PLACEMENT_3D('',#5908,#5909,#5910);
#5908 = CARTESIAN_POINT('',(-20.61411106974,7.,59.));
#5909 = DIRECTION('',(-1.,0.,0.));
#5910 = DIRECTION('',(0.,0.,1.));
#5911 = ORIENTED_EDGE('',*,*,#5061,.F.);
#5912 = CYLINDRICAL_SURFACE('',#5913,1.);
#5913 = AXIS2_PLACEMENT_3D('',#5914,#5915,#5916);
#5914 = CARTESIAN_POINT('',(20.635888930252,7.,59.));
#5915 = DIRECTION('',(-1.,0.,0.));
#5916 = DIRECTION('',(0.,1.,0.));
#5917 = ADVANCED_FACE('',(#5918),#5930,.T.);
#5918 = FACE_BOUND('',#5919,.F.);
#5919 = EDGE_LOOP('',(#5920,#5921,#5922,#5923));
#5920 = ORIENTED_EDGE('',*,*,#5126,.F.);
#5921 = ORIENTED_EDGE('',*,*,#5094,.F.);
#5922 = ORIENTED_EDGE('',*,*,#5071,.T.);
#5923 = ORIENTED_EDGE('',*,*,#5924,.F.);
#5924 = EDGE_CURVE('',#5110,#5064,#5925,.T.);
#5925 = CIRCLE('',#5926,1.);
#5926 = AXIS2_PLACEMENT_3D('',#5927,#5928,#5929);
#5927 = CARTESIAN_POINT('',(-20.61411106974,7.,59.));
#5928 = DIRECTION('',(0.,6.123233995737E-17,-1.));
#5929 = DIRECTION('',(0.,1.,6.123233995737E-17));
#5930 = CYLINDRICAL_SURFACE('',#5931,1.);
#5931 = AXIS2_PLACEMENT_3D('',#5932,#5933,#5934);
#5932 = CARTESIAN_POINT('',(-20.61411106974,7.,0.));
#5933 = DIRECTION('',(0.,0.,1.));
#5934 = DIRECTION('',(-1.,0.,0.));
#5935 = ADVANCED_FACE('',(#5936),#5959,.T.);
#5936 = FACE_BOUND('',#5937,.F.);
#5937 = EDGE_LOOP('',(#5938,#5945,#5951,#5958));
#5938 = ORIENTED_EDGE('',*,*,#5939,.T.);
#5939 = EDGE_CURVE('',#5110,#5898,#5940,.T.);
#5940 = CIRCLE('',#5941,1.);
#5941 = AXIS2_PLACEMENT_3D('',#5942,#5943,#5944);
#5942 = CARTESIAN_POINT('',(-20.61411106974,7.,59.));
#5943 = DIRECTION('',(0.,1.,0.));
#5944 = DIRECTION('',(0.,0.,1.));
#5945 = ORIENTED_EDGE('',*,*,#5946,.T.);
#5946 = EDGE_CURVE('',#5898,#5861,#5947,.T.);
#5947 = LINE('',#5948,#5949);
#5948 = CARTESIAN_POINT('',(-20.61411106974,8.,60.));
#5949 = VECTOR('',#5950,1.);
#5950 = DIRECTION('',(0.,-1.,0.));
#5951 = ORIENTED_EDGE('',*,*,#5952,.F.);
#5952 = EDGE_CURVE('',#5112,#5861,#5953,.T.);
#5953 = CIRCLE('',#5954,1.);
#5954 = AXIS2_PLACEMENT_3D('',#5955,#5956,#5957);
#5955 = CARTESIAN_POINT('',(-20.61411106974,-7.,59.));
#5956 = DIRECTION('',(0.,1.,0.));
#5957 = DIRECTION('',(0.,0.,1.));
#5958 = ORIENTED_EDGE('',*,*,#5109,.F.);
#5959 = CYLINDRICAL_SURFACE('',#5960,1.);
#5960 = AXIS2_PLACEMENT_3D('',#5961,#5962,#5963);
#5961 = CARTESIAN_POINT('',(-20.61411106974,8.,59.));
#5962 = DIRECTION('',(0.,-1.,0.));
#5963 = DIRECTION('',(-1.,0.,0.));
#5964 = ADVANCED_FACE('',(#5965),#5970,.T.);
#5965 = FACE_BOUND('',#5966,.T.);
#5966 = EDGE_LOOP('',(#5967,#5968,#5969));
#5967 = ORIENTED_EDGE('',*,*,#5875,.F.);
#5968 = ORIENTED_EDGE('',*,*,#5775,.T.);
#5969 = ORIENTED_EDGE('',*,*,#5791,.F.);
#5970 = SPHERICAL_SURFACE('',#5971,1.);
#5971 = AXIS2_PLACEMENT_3D('',#5972,#5973,#5974);
#5972 = CARTESIAN_POINT('',(19.635888930252,-7.,59.));
#5973 = DIRECTION('',(0.,1.,0.));
#5974 = DIRECTION('',(0.,0.,1.));
#5975 = ADVANCED_FACE('',(#5976),#5981,.T.);
#5976 = FACE_BOUND('',#5977,.F.);
#5977 = EDGE_LOOP('',(#5978,#5979,#5980));
#5978 = ORIENTED_EDGE('',*,*,#5890,.F.);
#5979 = ORIENTED_EDGE('',*,*,#5826,.T.);
#5980 = ORIENTED_EDGE('',*,*,#5808,.F.);
#5981 = SPHERICAL_SURFACE('',#5982,1.);
#5982 = AXIS2_PLACEMENT_3D('',#5983,#5984,#5985);
#5983 = CARTESIAN_POINT('',(19.635888930252,7.,59.));
#5984 = DIRECTION('',(0.,-1.,0.));
#5985 = DIRECTION('',(0.,0.,1.));
#5986 = ADVANCED_FACE('',(#5987),#5993,.T.);
#5987 = FACE_BOUND('',#5988,.T.);
#5988 = EDGE_LOOP('',(#5989,#5990,#5991,#5992));
#5989 = ORIENTED_EDGE('',*,*,#5800,.T.);
#5990 = ORIENTED_EDGE('',*,*,#5897,.T.);
#5991 = ORIENTED_EDGE('',*,*,#5946,.T.);
#5992 = ORIENTED_EDGE('',*,*,#5869,.T.);
#5993 = PLANE('',#5994);
#5994 = AXIS2_PLACEMENT_3D('',#5995,#5996,#5997);
#5995 = CARTESIAN_POINT('',(-0.489111069748,0.,60.));
#5996 = DIRECTION('',(0.,0.,1.));
#5997 = DIRECTION('',(1.,0.,0.));
#5998 = ADVANCED_FACE('',(#5999),#6004,.T.);
#5999 = FACE_BOUND('',#6000,.T.);
#6000 = EDGE_LOOP('',(#6001,#6002,#6003));
#6001 = ORIENTED_EDGE('',*,*,#5952,.F.);
#6002 = ORIENTED_EDGE('',*,*,#5844,.T.);
#6003 = ORIENTED_EDGE('',*,*,#5860,.F.);
#6004 = SPHERICAL_SURFACE('',#6005,1.);
#6005 = AXIS2_PLACEMENT_3D('',#6006,#6007,#6008);
#6006 = CARTESIAN_POINT('',(-20.61411106974,-7.,59.));
#6007 = DIRECTION('',(1.,0.,0.));
#6008 = DIRECTION('',(0.,0.,1.));
#6009 = ADVANCED_FACE('',(#6010),#6015,.T.);
#6010 = FACE_BOUND('',#6011,.F.);
#6011 = EDGE_LOOP('',(#6012,#6013,#6014));
#6012 = ORIENTED_EDGE('',*,*,#5939,.F.);
#6013 = ORIENTED_EDGE('',*,*,#5924,.T.);
#6014 = ORIENTED_EDGE('',*,*,#5905,.F.);
#6015 = SPHERICAL_SURFACE('',#6016,1.);
#6016 = AXIS2_PLACEMENT_3D('',#6017,#6018,#6019);
#6017 = CARTESIAN_POINT('',(-20.61411106974,7.,59.));
#6018 = DIRECTION('',(1.,0.,0.));
#6019 = DIRECTION('',(0.,0.,1.));
#6020 = ( GEOMETRIC_REPRESENTATION_CONTEXT(3) 
GLOBAL_UNCERTAINTY_ASSIGNED_CONTEXT((#6024)) 
GLOBAL_UNIT_ASSIGNED_CONTEXT((#6021,#6022,#6023)) REPRESENTATION_CONTEXT
('Context #1','3D Context with UNIT and UNCERTAINTY') );
#6021 = ( LENGTH_UNIT() NAMED_UNIT(*) SI_UNIT(.MILLI.,.METRE.) );
#6022 = ( NAMED_UNIT(*) PLANE_ANGLE_UNIT() SI_UNIT($,.RADIAN.) );
#6023 = ( NAMED_UNIT(*) SI_UNIT($,.STERADIAN.) SOLID_ANGLE_UNIT() );
#6024 = UNCERTAINTY_MEASURE_WITH_UNIT(LENGTH_MEASURE(1.E-07),#6021,
  'distance_accuracy_value','confusion accuracy');
#6025 = PRODUCT_RELATED_PRODUCT_CATEGORY('part',$,(#7));
#6026 = MECHANICAL_DESIGN_GEOMETRIC_PRESENTATION_REPRESENTATION('',(
    #6027),#6020);
#6027 = STYLED_ITEM('color',(#6028),#15);
#6028 = PRESENTATION_STYLE_ASSIGNMENT((#6029,#6035));
#6029 = SURFACE_STYLE_USAGE(.BOTH.,#6030);
#6030 = SURFACE_SIDE_STYLE('',(#6031));
#6031 = SURFACE_STYLE_FILL_AREA(#6032);
#6032 = FILL_AREA_STYLE('',(#6033));
#6033 = FILL_AREA_STYLE_COLOUR('',#6034);
#6034 = COLOUR_RGB('',0.800000010877,0.800000010877,0.901960800373);
#6035 = CURVE_STYLE('',#6036,POSITIVE_LENGTH_MEASURE(0.1),#6037);
#6036 = DRAUGHTING_PRE_DEFINED_CURVE_FONT('continuous');
#6037 = COLOUR_RGB('',9.803921802644E-02,9.803921802644E-02,
  9.803921802644E-02);
ENDSEC;
END-ISO-10303-21;
